/*
SQLyog Community v13.1.6 (64 bit)
MySQL - 8.0.24 : Database - smart_hosp
*********************************************************************
*/

/*!40101 SET NAMES utf8 */;

/*!40101 SET SQL_MODE=''*/;

/*!40014 SET @OLD_UNIQUE_CHECKS=@@UNIQUE_CHECKS, UNIQUE_CHECKS=0 */;
/*!40014 SET @OLD_FOREIGN_KEY_CHECKS=@@FOREIGN_KEY_CHECKS, FOREIGN_KEY_CHECKS=0 */;
/*!40101 SET @OLD_SQL_MODE=@@SQL_MODE, SQL_MODE='NO_AUTO_VALUE_ON_ZERO' */;
/*!40111 SET @OLD_SQL_NOTES=@@SQL_NOTES, SQL_NOTES=0 */;
CREATE DATABASE /*!32312 IF NOT EXISTS*/`smart_hosp` /*!40100 DEFAULT CHARACTER SET utf8mb4 COLLATE utf8mb4_0900_ai_ci */ /*!80016 DEFAULT ENCRYPTION='N' */;

USE `smart_hosp`;

/*Table structure for table `gen_table` */

DROP TABLE IF EXISTS `gen_table`;

CREATE TABLE `gen_table` (
  `table_id` bigint NOT NULL AUTO_INCREMENT COMMENT '编号',
  `table_name` varchar(200) CHARACTER SET utf8 COLLATE utf8_general_ci DEFAULT '' COMMENT '表名称',
  `table_comment` varchar(500) CHARACTER SET utf8 COLLATE utf8_general_ci DEFAULT '' COMMENT '表描述',
  `sub_table_name` varchar(64) CHARACTER SET utf8 COLLATE utf8_general_ci DEFAULT NULL COMMENT '关联子表的表名',
  `sub_table_fk_name` varchar(64) CHARACTER SET utf8 COLLATE utf8_general_ci DEFAULT NULL COMMENT '子表关联的外键名',
  `class_name` varchar(100) CHARACTER SET utf8 COLLATE utf8_general_ci DEFAULT '' COMMENT '实体类名称',
  `tpl_category` varchar(200) CHARACTER SET utf8 COLLATE utf8_general_ci DEFAULT 'crud' COMMENT '使用的模板（crud单表操作 tree树表操作 sub主子表操作）',
  `package_name` varchar(100) CHARACTER SET utf8 COLLATE utf8_general_ci DEFAULT NULL COMMENT '生成包路径',
  `module_name` varchar(30) CHARACTER SET utf8 COLLATE utf8_general_ci DEFAULT NULL COMMENT '生成模块名',
  `business_name` varchar(30) CHARACTER SET utf8 COLLATE utf8_general_ci DEFAULT NULL COMMENT '生成业务名',
  `function_name` varchar(50) CHARACTER SET utf8 COLLATE utf8_general_ci DEFAULT NULL COMMENT '生成功能名',
  `function_author` varchar(50) CHARACTER SET utf8 COLLATE utf8_general_ci DEFAULT NULL COMMENT '生成功能作者',
  `gen_type` char(1) CHARACTER SET utf8 COLLATE utf8_general_ci DEFAULT '0' COMMENT '生成代码方式（0zip压缩包 1自定义路径）',
  `gen_path` varchar(200) CHARACTER SET utf8 COLLATE utf8_general_ci DEFAULT '/' COMMENT '生成路径（不填默认项目路径）',
  `options` varchar(1000) CHARACTER SET utf8 COLLATE utf8_general_ci DEFAULT NULL COMMENT '其它生成选项',
  `create_by` varchar(64) CHARACTER SET utf8 COLLATE utf8_general_ci DEFAULT '' COMMENT '创建者',
  `create_time` datetime DEFAULT NULL COMMENT '创建时间',
  `update_by` varchar(64) CHARACTER SET utf8 COLLATE utf8_general_ci DEFAULT '' COMMENT '更新者',
  `update_time` datetime DEFAULT NULL COMMENT '更新时间',
  `remark` varchar(500) CHARACTER SET utf8 COLLATE utf8_general_ci DEFAULT NULL COMMENT '备注',
  PRIMARY KEY (`table_id`) USING BTREE
) ENGINE=InnoDB AUTO_INCREMENT=6 DEFAULT CHARSET=utf8mb3 ROW_FORMAT=DYNAMIC COMMENT='代码生成业务表';

/*Data for the table `gen_table` */

insert  into `gen_table`(`table_id`,`table_name`,`table_comment`,`sub_table_name`,`sub_table_fk_name`,`class_name`,`tpl_category`,`package_name`,`module_name`,`business_name`,`function_name`,`function_author`,`gen_type`,`gen_path`,`options`,`create_by`,`create_time`,`update_by`,`update_time`,`remark`) values 
(1,'t_drug_info','药品信息表',NULL,NULL,'TDrugInfo','crud','com.ruoyi.system','system','info','药品信息','ruoyi','0','/',NULL,'admin','2023-02-12 16:48:27','',NULL,NULL),
(2,'t_outbound_record','仓库出库记录',NULL,NULL,'TOutboundRecord','crud','com.ruoyi.system','system','record','仓库出库记录','ruoyi','0','/',NULL,'admin','2023-02-14 21:58:03','',NULL,NULL),
(3,'t_warehouse_manager','仓库入库记录',NULL,NULL,'TWarehouseManager','crud','com.ruoyi.system','system','manager','仓库入库记录','ruoyi','0','/',NULL,'admin','2023-02-14 21:58:04','',NULL,NULL),
(4,'t_prescription_drug_info','处方的药品信息','',NULL,'TPrescriptionDrugInfo','crud','com.ruoyi.system','system','info','处方的药品信息','ruoyi','0','/','{\"parentMenuId\":\"\",\"treeName\":\"\",\"treeParentCode\":\"\",\"parentMenuName\":\"\",\"treeCode\":\"\"}','admin','2023-03-11 17:12:20','','2023-03-14 22:59:05',''),
(5,'t_prescription_records','处方信息','t_prescription_drug_info','prescriptionid','TPrescriptionRecords','sub','com.ruoyi.system','system','records','处方信息','ruoyi','0','/','{\"parentMenuId\":\"1077\",\"treeName\":\"\",\"treeParentCode\":\"\",\"parentMenuName\":\"处方管理\",\"treeCode\":\"\"}','admin','2023-03-11 17:12:20','','2023-03-14 22:58:16','');

/*Table structure for table `gen_table_column` */

DROP TABLE IF EXISTS `gen_table_column`;

CREATE TABLE `gen_table_column` (
  `column_id` bigint NOT NULL AUTO_INCREMENT COMMENT '编号',
  `table_id` varchar(64) CHARACTER SET utf8 COLLATE utf8_general_ci DEFAULT NULL COMMENT '归属表编号',
  `column_name` varchar(200) CHARACTER SET utf8 COLLATE utf8_general_ci DEFAULT NULL COMMENT '列名称',
  `column_comment` varchar(500) CHARACTER SET utf8 COLLATE utf8_general_ci DEFAULT NULL COMMENT '列描述',
  `column_type` varchar(100) CHARACTER SET utf8 COLLATE utf8_general_ci DEFAULT NULL COMMENT '列类型',
  `java_type` varchar(500) CHARACTER SET utf8 COLLATE utf8_general_ci DEFAULT NULL COMMENT 'JAVA类型',
  `java_field` varchar(200) CHARACTER SET utf8 COLLATE utf8_general_ci DEFAULT NULL COMMENT 'JAVA字段名',
  `is_pk` char(1) CHARACTER SET utf8 COLLATE utf8_general_ci DEFAULT NULL COMMENT '是否主键（1是）',
  `is_increment` char(1) CHARACTER SET utf8 COLLATE utf8_general_ci DEFAULT NULL COMMENT '是否自增（1是）',
  `is_required` char(1) CHARACTER SET utf8 COLLATE utf8_general_ci DEFAULT NULL COMMENT '是否必填（1是）',
  `is_insert` char(1) CHARACTER SET utf8 COLLATE utf8_general_ci DEFAULT NULL COMMENT '是否为插入字段（1是）',
  `is_edit` char(1) CHARACTER SET utf8 COLLATE utf8_general_ci DEFAULT NULL COMMENT '是否编辑字段（1是）',
  `is_list` char(1) CHARACTER SET utf8 COLLATE utf8_general_ci DEFAULT NULL COMMENT '是否列表字段（1是）',
  `is_query` char(1) CHARACTER SET utf8 COLLATE utf8_general_ci DEFAULT NULL COMMENT '是否查询字段（1是）',
  `query_type` varchar(200) CHARACTER SET utf8 COLLATE utf8_general_ci DEFAULT 'EQ' COMMENT '查询方式（等于、不等于、大于、小于、范围）',
  `html_type` varchar(200) CHARACTER SET utf8 COLLATE utf8_general_ci DEFAULT NULL COMMENT '显示类型（文本框、文本域、下拉框、复选框、单选框、日期控件）',
  `dict_type` varchar(200) CHARACTER SET utf8 COLLATE utf8_general_ci DEFAULT '' COMMENT '字典类型',
  `sort` int DEFAULT NULL COMMENT '排序',
  `create_by` varchar(64) CHARACTER SET utf8 COLLATE utf8_general_ci DEFAULT '' COMMENT '创建者',
  `create_time` datetime DEFAULT NULL COMMENT '创建时间',
  `update_by` varchar(64) CHARACTER SET utf8 COLLATE utf8_general_ci DEFAULT '' COMMENT '更新者',
  `update_time` datetime DEFAULT NULL COMMENT '更新时间',
  PRIMARY KEY (`column_id`) USING BTREE
) ENGINE=InnoDB AUTO_INCREMENT=71 DEFAULT CHARSET=utf8mb3 ROW_FORMAT=DYNAMIC COMMENT='代码生成业务表字段';

/*Data for the table `gen_table_column` */

insert  into `gen_table_column`(`column_id`,`table_id`,`column_name`,`column_comment`,`column_type`,`java_type`,`java_field`,`is_pk`,`is_increment`,`is_required`,`is_insert`,`is_edit`,`is_list`,`is_query`,`query_type`,`html_type`,`dict_type`,`sort`,`create_by`,`create_time`,`update_by`,`update_time`) values 
(1,'1','id','主键','varchar(32)','String','id','1','0',NULL,'1',NULL,NULL,NULL,'EQ','input','',1,'admin','2023-02-12 16:48:27',NULL,'2023-03-18 15:27:00'),
(2,'1','drug_name','药品名称','varchar(255)','String','drugName','0','0',NULL,'1','1','1','1','LIKE','input','',2,'admin','2023-02-12 16:48:27',NULL,'2023-03-18 15:27:00'),
(3,'1','drug_alias','药品别名','varchar(255)','String','drugAlias','0','0',NULL,'1','1','1','1','EQ','input','',3,'admin','2023-02-12 16:48:27',NULL,'2023-03-18 15:27:00'),
(4,'1','drug_code','药品编号','varchar(128)','String','drugCode','0','0',NULL,'1','1','1','1','EQ','input','',4,'admin','2023-02-12 16:48:27',NULL,'2023-03-18 15:27:00'),
(5,'1','drug_type','药品分类','varchar(32)','String','drugType','0','0',NULL,'1','1','1','1','EQ','select','',5,'admin','2023-02-12 16:48:27',NULL,'2023-03-18 15:27:00'),
(6,'1','drug_specs','药品规格','varchar(128)','String','drugSpecs','0','0',NULL,'1','1','1','1','EQ','input','',7,'admin','2023-02-12 16:48:27',NULL,'2023-03-18 15:27:00'),
(7,'1','unit_price','单价（分）','int(11)','Long','unitPrice','0','0',NULL,'1','1','1','1','EQ','input','',8,'admin','2023-02-12 16:48:27',NULL,'2023-03-18 15:27:00'),
(8,'1','retail_price','零售价（分）','int(11)','Long','retailPrice','0','0',NULL,'1','1','1','1','EQ','input','',9,'admin','2023-02-12 16:48:27',NULL,'2023-03-18 15:27:00'),
(9,'1','stock','库存','int(11)','Integer','stock','0','0',NULL,'1','1','1','1','EQ','input','',10,'admin','2023-02-12 16:48:27',NULL,'2023-03-18 15:27:00'),
(10,'1','drug_company','药品单位','varchar(255)','String','drugCompany','0','0',NULL,'1','1','1','1','EQ','input','',11,'admin','2023-02-12 16:48:27',NULL,'2023-03-18 15:27:00'),
(11,'1','manufactor','厂家','varchar(255)','String','manufactor','0','0',NULL,'1','1','1','1','EQ','input','',12,'admin','2023-02-12 16:48:27',NULL,'2023-03-18 15:27:00'),
(12,'1','create_time','创建时间','datetime','Date','createTime','0','0',NULL,'1',NULL,NULL,NULL,'EQ','datetime','',13,'admin','2023-02-12 16:48:27',NULL,'2023-03-18 15:27:00'),
(13,'1','create_by','创建人Id','varchar(32)','String','createBy','0','0',NULL,'1',NULL,NULL,NULL,'EQ','input','',14,'admin','2023-02-12 16:48:27',NULL,'2023-03-18 15:27:00'),
(14,'1','update_time','更新时间','datetime','Date','updateTime','0','0',NULL,'1','1',NULL,NULL,'EQ','datetime','',15,'admin','2023-02-12 16:48:27',NULL,'2023-03-18 15:27:00'),
(15,'1','update_by','更新人Id','varchar(32)','String','updateBy','0','0',NULL,'1','1',NULL,NULL,'EQ','input','',16,'admin','2023-02-12 16:48:27',NULL,'2023-03-18 15:27:00'),
(16,'2','id','主键','varchar(32)','String','id','1','0',NULL,'1',NULL,NULL,NULL,'EQ','input','',1,'admin','2023-02-14 21:58:04','',NULL),
(17,'2','drug_id','药品种类Id','varchar(32)','String','drugId','0','0',NULL,'1','1','1','1','EQ','input','',2,'admin','2023-02-14 21:58:04','',NULL),
(18,'2','warehouse_code','入库编号','varchar(32)','String','warehouseCode','0','0',NULL,'1','1','1','1','EQ','input','',3,'admin','2023-02-14 21:58:04','',NULL),
(19,'2','drug_name','药品名称','varchar(255)','String','drugName','0','0',NULL,'1','1','1','1','LIKE','input','',4,'admin','2023-02-14 21:58:04','',NULL),
(20,'2','drug_alisa','药品别名','varchar(255)','String','drugAlisa','0','0',NULL,'1','1','1','1','EQ','input','',5,'admin','2023-02-14 21:58:04','',NULL),
(21,'2','outbound_num','出库数量','int(9)','Integer','outboundNum','0','0',NULL,'1','1','1','1','EQ','input','',6,'admin','2023-02-14 21:58:04','',NULL),
(22,'2','create_time','出库时间','varchar(255)','String','createTime','0','0',NULL,'1',NULL,NULL,NULL,'EQ','input','',7,'admin','2023-02-14 21:58:04','',NULL),
(23,'2','create_by','出库人Id','varchar(32)','String','createBy','0','0',NULL,'1',NULL,NULL,NULL,'EQ','input','',8,'admin','2023-02-14 21:58:04','',NULL),
(24,'2','is_delete','是否删除 0-否 1-是','char(3)','String','isDelete','0','0',NULL,'1','1','1','1','EQ','input','',9,'admin','2023-02-14 21:58:04','',NULL),
(25,'3','id','主键','varchar(32)','String','id','1','0',NULL,'1',NULL,NULL,NULL,'EQ','input','',1,'admin','2023-02-14 21:58:04','',NULL),
(26,'3','drug_id','药品种类Id','varchar(32)','String','drugId','0','0',NULL,'1','1','1','1','EQ','input','',2,'admin','2023-02-14 21:58:04','',NULL),
(27,'3','warehouse_code','入库编号','varchar(32)','String','warehouseCode','0','0',NULL,'1','1','1','1','EQ','input','',3,'admin','2023-02-14 21:58:04','',NULL),
(28,'3','drug_name','药品名称','varchar(255)','String','drugName','0','0',NULL,'1','1','1','1','LIKE','input','',4,'admin','2023-02-14 21:58:04','',NULL),
(29,'3','drug_alisa','药品别名','varchar(255)','String','drugAlisa','0','0',NULL,'1','1','1','1','EQ','input','',5,'admin','2023-02-14 21:58:04','',NULL),
(30,'3','expiration_time','过期时间','datetime','Date','expirationTime','0','0',NULL,'1','1','1','1','EQ','datetime','',6,'admin','2023-02-14 21:58:04','',NULL),
(31,'3','insert_num','入库数量','int(9)','Integer','insertNum','0','0',NULL,'1','1','1','1','EQ','input','',7,'admin','2023-02-14 21:58:04','',NULL),
(32,'3','residue_num','剩余数量','int(9)','Integer','residueNum','0','0',NULL,'1','1','1','1','EQ','input','',8,'admin','2023-02-14 21:58:04','',NULL),
(33,'3','create_time','入库时间','varchar(255)','String','createTime','0','0',NULL,'1',NULL,NULL,NULL,'EQ','input','',9,'admin','2023-02-14 21:58:04','',NULL),
(34,'3','create_by','入库人Id','varchar(32)','String','createBy','0','0',NULL,'1',NULL,NULL,NULL,'EQ','input','',10,'admin','2023-02-14 21:58:04','',NULL),
(35,'3','update_time','修改时间','datetime','Date','updateTime','0','0',NULL,'1','1',NULL,NULL,'EQ','datetime','',11,'admin','2023-02-14 21:58:04','',NULL),
(36,'3','update_by','修改人Id','datetime','Date','updateBy','0','0',NULL,'1','1',NULL,NULL,'EQ','datetime','',12,'admin','2023-02-14 21:58:04','',NULL),
(37,'3','is_delete','是否删除 0-否 1-是','char(3)','String','isDelete','0','0',NULL,'1','1','1','1','EQ','input','',13,'admin','2023-02-14 21:58:04','',NULL),
(38,'4','prescriptionid','处方ID','int','Long','prescriptionid','1','0',NULL,'1',NULL,NULL,NULL,'EQ','input','',1,'admin','2023-03-11 17:12:20',NULL,'2023-03-16 22:28:54'),
(39,'4','drugid','药品ID','varchar(32)','String','drugid','1','0',NULL,'1',NULL,NULL,NULL,'EQ','input','',2,'admin','2023-03-11 17:12:20',NULL,'2023-03-16 22:28:54'),
(40,'4','drug_price','药品单价','decimal(10,0)','BigDecimal','drugPrice','0','0','1','1','1','1','1','EQ','input','',6,'admin','2023-03-11 17:12:20',NULL,'2023-03-16 22:28:54'),
(41,'4','counts','药品数量','int','Long','counts','0','0','1','1','1','1','1','EQ','input','',7,'admin','2023-03-11 17:12:20',NULL,'2023-03-16 22:28:54'),
(42,'4','days','用药天数','int','Long','days','0','0','1','1','1','1','1','EQ','input','',8,'admin','2023-03-11 17:12:20',NULL,'2023-03-16 22:28:54'),
(43,'4','amount','药品金额','decimal(10,0)','BigDecimal','amount','0','0','1','1','1','1','1','EQ','input','',9,'admin','2023-03-11 17:12:20',NULL,'2023-03-16 22:28:54'),
(44,'4','remarks','备注','varchar(512)','String','remarks','0','0','1','1','1','1','1','EQ','textarea','',10,'admin','2023-03-11 17:12:20',NULL,'2023-03-16 22:28:54'),
(46,'5','id','自增ID','int','Long','id','1','1',NULL,'1',NULL,NULL,NULL,'EQ','input','',1,'admin','2023-03-11 17:12:20',NULL,'2023-03-16 22:30:11'),
(47,'5','name','患者姓名','varchar(32)','String','name','0','0','1','1','1','1','1','LIKE','input','',2,'admin','2023-03-11 17:12:20',NULL,'2023-03-16 22:30:11'),
(48,'5','id_number','患者身份证号码','varchar(18)','String','idNumber','0','0','1','1','1','1','1','EQ','input','',3,'admin','2023-03-11 17:12:20',NULL,'2023-03-16 22:30:11'),
(49,'5','age','患者年龄','int','Long','age','0','0','1','1','1','1','1','EQ','input','',4,'admin','2023-03-11 17:12:20',NULL,'2023-03-16 22:30:11'),
(50,'5','sex','患者性别','varchar(2)','String','sex','0','0','1','1','1','1','1','EQ','select','',5,'admin','2023-03-11 17:12:20',NULL,'2023-03-16 22:30:11'),
(51,'5','address','患者住址','varchar(128)','String','address','0','0','1','1','1','1','1','EQ','input','',6,'admin','2023-03-11 17:12:20',NULL,'2023-03-16 22:30:11'),
(52,'5','phone','患者手机号','varchar(11)','String','phone','0','0','1','1','1','1','1','EQ','input','',7,'admin','2023-03-11 17:12:20',NULL,'2023-03-16 22:30:11'),
(53,'5','diagnosis','医生诊断结果','varchar(512)','String','diagnosis','0','0','1','1','1','1','1','EQ','textarea','',8,'admin','2023-03-11 17:12:20',NULL,'2023-03-16 22:30:11'),
(54,'5','skin_test','皮试结果','varchar(128)','String','skinTest','0','0','1','1','1','1','1','EQ','input','',9,'admin','2023-03-11 17:12:20',NULL,'2023-03-16 22:30:11'),
(55,'5','status','状态（未完结、已完结）','varchar(16)','String','status','0','0','1','1','1','1','1','EQ','radio','',10,'admin','2023-03-11 17:12:20',NULL,'2023-03-16 22:30:11'),
(56,'5','doctorid','医生ID','int','Long','doctorid','0','0','1','1','1','1','1','EQ','input','',11,'admin','2023-03-11 17:12:20',NULL,'2023-03-16 22:30:11'),
(57,'5','pharmacyid','药房ID','int','Long','pharmacyid','0','0','1','1','1','1','1','EQ','input','',12,'admin','2023-03-11 17:12:20',NULL,'2023-03-16 22:30:11'),
(58,'5','nurseid','护士ID','int','Long','nurseid','0','0','1','1','1','1','1','EQ','input','',13,'admin','2023-03-11 17:12:20',NULL,'2023-03-16 22:30:11'),
(59,'5','crtime','创建时间','datetime','Date','crtime','0','0','1','1','1','1','1','EQ','datetime','',17,'admin','2023-03-11 17:12:20',NULL,'2023-03-16 22:30:11'),
(60,'5','zs_amount','注射金额','float','Long','zsAmount','0','0','1','1','1','1','1','EQ','input','',14,'','2023-03-14 22:58:11',NULL,'2023-03-16 22:30:11'),
(61,'5','drug_amount','药品金额','float','Long','drugAmount','0','0','1','1','1','1','1','EQ','input','',15,'','2023-03-14 22:58:11',NULL,'2023-03-16 22:30:11'),
(62,'5','total_amount','总金额','float','Long','totalAmount','0','0','1','1','1','1','1','EQ','input','',16,'','2023-03-14 22:58:11',NULL,'2023-03-16 22:30:11'),
(63,'4','drug_name','药品名称','varchar(255)','String','drugName','0','0','1','1','1','1','1','LIKE','input','',3,'','2023-03-16 22:01:48',NULL,'2023-03-16 22:28:54'),
(65,'4','drug_specs','药品规格','varchar(128)','String','drugSpecs','0','0','1','1','1','1','1','EQ','input','',5,'','2023-03-16 22:01:48',NULL,'2023-03-16 22:28:54'),
(66,'4','drugType','药品分类','varchar(16)','String','drugType','0','0','1','1','1','1','1','EQ','select','',4,'','2023-03-16 22:28:54','',NULL),
(67,'1','drug_category','药品类别','varchar(32)','String','drugCategory','0','0',NULL,'1','1','1','1','EQ','input','',6,'','2023-03-18 15:27:00','',NULL),
(68,'1','is_psz','是否是皮试纸 0否 1是','char(1)','String','isPsz','0','0',NULL,'1','1','1','1','EQ','input','',17,'','2023-03-18 15:27:00','',NULL),
(69,'1','is_delete','是否删除 0-否 1-是','char(3)','String','isDelete','0','0',NULL,'1','1','1','1','EQ','input','',18,'','2023-03-18 15:27:00','',NULL),
(70,'1','sort','顺序','int','Long','sort','0','0',NULL,'1','1','1','1','EQ','input','',19,'','2023-03-18 15:27:00','',NULL);

/*Table structure for table `qrtz_blob_triggers` */

DROP TABLE IF EXISTS `qrtz_blob_triggers`;

CREATE TABLE `qrtz_blob_triggers` (
  `sched_name` varchar(120) CHARACTER SET utf8 COLLATE utf8_general_ci NOT NULL COMMENT '调度名称',
  `trigger_name` varchar(200) CHARACTER SET utf8 COLLATE utf8_general_ci NOT NULL COMMENT 'qrtz_triggers表trigger_name的外键',
  `trigger_group` varchar(200) CHARACTER SET utf8 COLLATE utf8_general_ci NOT NULL COMMENT 'qrtz_triggers表trigger_group的外键',
  `blob_data` blob COMMENT '存放持久化Trigger对象',
  PRIMARY KEY (`sched_name`,`trigger_name`,`trigger_group`) USING BTREE,
  CONSTRAINT `qrtz_blob_triggers_ibfk_1` FOREIGN KEY (`sched_name`, `trigger_name`, `trigger_group`) REFERENCES `qrtz_triggers` (`sched_name`, `trigger_name`, `trigger_group`) ON DELETE RESTRICT ON UPDATE RESTRICT
) ENGINE=InnoDB DEFAULT CHARSET=utf8mb3 ROW_FORMAT=DYNAMIC COMMENT='Blob类型的触发器表';

/*Data for the table `qrtz_blob_triggers` */

/*Table structure for table `qrtz_calendars` */

DROP TABLE IF EXISTS `qrtz_calendars`;

CREATE TABLE `qrtz_calendars` (
  `sched_name` varchar(120) CHARACTER SET utf8 COLLATE utf8_general_ci NOT NULL COMMENT '调度名称',
  `calendar_name` varchar(200) CHARACTER SET utf8 COLLATE utf8_general_ci NOT NULL COMMENT '日历名称',
  `calendar` blob NOT NULL COMMENT '存放持久化calendar对象',
  PRIMARY KEY (`sched_name`,`calendar_name`) USING BTREE
) ENGINE=InnoDB DEFAULT CHARSET=utf8mb3 ROW_FORMAT=DYNAMIC COMMENT='日历信息表';

/*Data for the table `qrtz_calendars` */

/*Table structure for table `qrtz_cron_triggers` */

DROP TABLE IF EXISTS `qrtz_cron_triggers`;

CREATE TABLE `qrtz_cron_triggers` (
  `sched_name` varchar(120) CHARACTER SET utf8 COLLATE utf8_general_ci NOT NULL COMMENT '调度名称',
  `trigger_name` varchar(200) CHARACTER SET utf8 COLLATE utf8_general_ci NOT NULL COMMENT 'qrtz_triggers表trigger_name的外键',
  `trigger_group` varchar(200) CHARACTER SET utf8 COLLATE utf8_general_ci NOT NULL COMMENT 'qrtz_triggers表trigger_group的外键',
  `cron_expression` varchar(200) CHARACTER SET utf8 COLLATE utf8_general_ci NOT NULL COMMENT 'cron表达式',
  `time_zone_id` varchar(80) CHARACTER SET utf8 COLLATE utf8_general_ci DEFAULT NULL COMMENT '时区',
  PRIMARY KEY (`sched_name`,`trigger_name`,`trigger_group`) USING BTREE,
  CONSTRAINT `qrtz_cron_triggers_ibfk_1` FOREIGN KEY (`sched_name`, `trigger_name`, `trigger_group`) REFERENCES `qrtz_triggers` (`sched_name`, `trigger_name`, `trigger_group`) ON DELETE RESTRICT ON UPDATE RESTRICT
) ENGINE=InnoDB DEFAULT CHARSET=utf8mb3 ROW_FORMAT=DYNAMIC COMMENT='Cron类型的触发器表';

/*Data for the table `qrtz_cron_triggers` */

/*Table structure for table `qrtz_fired_triggers` */

DROP TABLE IF EXISTS `qrtz_fired_triggers`;

CREATE TABLE `qrtz_fired_triggers` (
  `sched_name` varchar(120) CHARACTER SET utf8 COLLATE utf8_general_ci NOT NULL COMMENT '调度名称',
  `entry_id` varchar(95) CHARACTER SET utf8 COLLATE utf8_general_ci NOT NULL COMMENT '调度器实例id',
  `trigger_name` varchar(200) CHARACTER SET utf8 COLLATE utf8_general_ci NOT NULL COMMENT 'qrtz_triggers表trigger_name的外键',
  `trigger_group` varchar(200) CHARACTER SET utf8 COLLATE utf8_general_ci NOT NULL COMMENT 'qrtz_triggers表trigger_group的外键',
  `instance_name` varchar(200) CHARACTER SET utf8 COLLATE utf8_general_ci NOT NULL COMMENT '调度器实例名',
  `fired_time` bigint NOT NULL COMMENT '触发的时间',
  `sched_time` bigint NOT NULL COMMENT '定时器制定的时间',
  `priority` int NOT NULL COMMENT '优先级',
  `state` varchar(16) CHARACTER SET utf8 COLLATE utf8_general_ci NOT NULL COMMENT '状态',
  `job_name` varchar(200) CHARACTER SET utf8 COLLATE utf8_general_ci DEFAULT NULL COMMENT '任务名称',
  `job_group` varchar(200) CHARACTER SET utf8 COLLATE utf8_general_ci DEFAULT NULL COMMENT '任务组名',
  `is_nonconcurrent` varchar(1) CHARACTER SET utf8 COLLATE utf8_general_ci DEFAULT NULL COMMENT '是否并发',
  `requests_recovery` varchar(1) CHARACTER SET utf8 COLLATE utf8_general_ci DEFAULT NULL COMMENT '是否接受恢复执行',
  PRIMARY KEY (`sched_name`,`entry_id`) USING BTREE
) ENGINE=InnoDB DEFAULT CHARSET=utf8mb3 ROW_FORMAT=DYNAMIC COMMENT='已触发的触发器表';

/*Data for the table `qrtz_fired_triggers` */

/*Table structure for table `qrtz_job_details` */

DROP TABLE IF EXISTS `qrtz_job_details`;

CREATE TABLE `qrtz_job_details` (
  `sched_name` varchar(120) CHARACTER SET utf8 COLLATE utf8_general_ci NOT NULL COMMENT '调度名称',
  `job_name` varchar(200) CHARACTER SET utf8 COLLATE utf8_general_ci NOT NULL COMMENT '任务名称',
  `job_group` varchar(200) CHARACTER SET utf8 COLLATE utf8_general_ci NOT NULL COMMENT '任务组名',
  `description` varchar(250) CHARACTER SET utf8 COLLATE utf8_general_ci DEFAULT NULL COMMENT '相关介绍',
  `job_class_name` varchar(250) CHARACTER SET utf8 COLLATE utf8_general_ci NOT NULL COMMENT '执行任务类名称',
  `is_durable` varchar(1) CHARACTER SET utf8 COLLATE utf8_general_ci NOT NULL COMMENT '是否持久化',
  `is_nonconcurrent` varchar(1) CHARACTER SET utf8 COLLATE utf8_general_ci NOT NULL COMMENT '是否并发',
  `is_update_data` varchar(1) CHARACTER SET utf8 COLLATE utf8_general_ci NOT NULL COMMENT '是否更新数据',
  `requests_recovery` varchar(1) CHARACTER SET utf8 COLLATE utf8_general_ci NOT NULL COMMENT '是否接受恢复执行',
  `job_data` blob COMMENT '存放持久化job对象',
  PRIMARY KEY (`sched_name`,`job_name`,`job_group`) USING BTREE
) ENGINE=InnoDB DEFAULT CHARSET=utf8mb3 ROW_FORMAT=DYNAMIC COMMENT='任务详细信息表';

/*Data for the table `qrtz_job_details` */

/*Table structure for table `qrtz_locks` */

DROP TABLE IF EXISTS `qrtz_locks`;

CREATE TABLE `qrtz_locks` (
  `sched_name` varchar(120) CHARACTER SET utf8 COLLATE utf8_general_ci NOT NULL COMMENT '调度名称',
  `lock_name` varchar(40) CHARACTER SET utf8 COLLATE utf8_general_ci NOT NULL COMMENT '悲观锁名称',
  PRIMARY KEY (`sched_name`,`lock_name`) USING BTREE
) ENGINE=InnoDB DEFAULT CHARSET=utf8mb3 ROW_FORMAT=DYNAMIC COMMENT='存储的悲观锁信息表';

/*Data for the table `qrtz_locks` */

/*Table structure for table `qrtz_paused_trigger_grps` */

DROP TABLE IF EXISTS `qrtz_paused_trigger_grps`;

CREATE TABLE `qrtz_paused_trigger_grps` (
  `sched_name` varchar(120) CHARACTER SET utf8 COLLATE utf8_general_ci NOT NULL COMMENT '调度名称',
  `trigger_group` varchar(200) CHARACTER SET utf8 COLLATE utf8_general_ci NOT NULL COMMENT 'qrtz_triggers表trigger_group的外键',
  PRIMARY KEY (`sched_name`,`trigger_group`) USING BTREE
) ENGINE=InnoDB DEFAULT CHARSET=utf8mb3 ROW_FORMAT=DYNAMIC COMMENT='暂停的触发器表';

/*Data for the table `qrtz_paused_trigger_grps` */

/*Table structure for table `qrtz_scheduler_state` */

DROP TABLE IF EXISTS `qrtz_scheduler_state`;

CREATE TABLE `qrtz_scheduler_state` (
  `sched_name` varchar(120) CHARACTER SET utf8 COLLATE utf8_general_ci NOT NULL COMMENT '调度名称',
  `instance_name` varchar(200) CHARACTER SET utf8 COLLATE utf8_general_ci NOT NULL COMMENT '实例名称',
  `last_checkin_time` bigint NOT NULL COMMENT '上次检查时间',
  `checkin_interval` bigint NOT NULL COMMENT '检查间隔时间',
  PRIMARY KEY (`sched_name`,`instance_name`) USING BTREE
) ENGINE=InnoDB DEFAULT CHARSET=utf8mb3 ROW_FORMAT=DYNAMIC COMMENT='调度器状态表';

/*Data for the table `qrtz_scheduler_state` */

/*Table structure for table `qrtz_simple_triggers` */

DROP TABLE IF EXISTS `qrtz_simple_triggers`;

CREATE TABLE `qrtz_simple_triggers` (
  `sched_name` varchar(120) CHARACTER SET utf8 COLLATE utf8_general_ci NOT NULL COMMENT '调度名称',
  `trigger_name` varchar(200) CHARACTER SET utf8 COLLATE utf8_general_ci NOT NULL COMMENT 'qrtz_triggers表trigger_name的外键',
  `trigger_group` varchar(200) CHARACTER SET utf8 COLLATE utf8_general_ci NOT NULL COMMENT 'qrtz_triggers表trigger_group的外键',
  `repeat_count` bigint NOT NULL COMMENT '重复的次数统计',
  `repeat_interval` bigint NOT NULL COMMENT '重复的间隔时间',
  `times_triggered` bigint NOT NULL COMMENT '已经触发的次数',
  PRIMARY KEY (`sched_name`,`trigger_name`,`trigger_group`) USING BTREE,
  CONSTRAINT `qrtz_simple_triggers_ibfk_1` FOREIGN KEY (`sched_name`, `trigger_name`, `trigger_group`) REFERENCES `qrtz_triggers` (`sched_name`, `trigger_name`, `trigger_group`) ON DELETE RESTRICT ON UPDATE RESTRICT
) ENGINE=InnoDB DEFAULT CHARSET=utf8mb3 ROW_FORMAT=DYNAMIC COMMENT='简单触发器的信息表';

/*Data for the table `qrtz_simple_triggers` */

/*Table structure for table `qrtz_simprop_triggers` */

DROP TABLE IF EXISTS `qrtz_simprop_triggers`;

CREATE TABLE `qrtz_simprop_triggers` (
  `sched_name` varchar(120) CHARACTER SET utf8 COLLATE utf8_general_ci NOT NULL COMMENT '调度名称',
  `trigger_name` varchar(200) CHARACTER SET utf8 COLLATE utf8_general_ci NOT NULL COMMENT 'qrtz_triggers表trigger_name的外键',
  `trigger_group` varchar(200) CHARACTER SET utf8 COLLATE utf8_general_ci NOT NULL COMMENT 'qrtz_triggers表trigger_group的外键',
  `str_prop_1` varchar(512) CHARACTER SET utf8 COLLATE utf8_general_ci DEFAULT NULL COMMENT 'String类型的trigger的第一个参数',
  `str_prop_2` varchar(512) CHARACTER SET utf8 COLLATE utf8_general_ci DEFAULT NULL COMMENT 'String类型的trigger的第二个参数',
  `str_prop_3` varchar(512) CHARACTER SET utf8 COLLATE utf8_general_ci DEFAULT NULL COMMENT 'String类型的trigger的第三个参数',
  `int_prop_1` int DEFAULT NULL COMMENT 'int类型的trigger的第一个参数',
  `int_prop_2` int DEFAULT NULL COMMENT 'int类型的trigger的第二个参数',
  `long_prop_1` bigint DEFAULT NULL COMMENT 'long类型的trigger的第一个参数',
  `long_prop_2` bigint DEFAULT NULL COMMENT 'long类型的trigger的第二个参数',
  `dec_prop_1` decimal(13,4) DEFAULT NULL COMMENT 'decimal类型的trigger的第一个参数',
  `dec_prop_2` decimal(13,4) DEFAULT NULL COMMENT 'decimal类型的trigger的第二个参数',
  `bool_prop_1` varchar(1) CHARACTER SET utf8 COLLATE utf8_general_ci DEFAULT NULL COMMENT 'Boolean类型的trigger的第一个参数',
  `bool_prop_2` varchar(1) CHARACTER SET utf8 COLLATE utf8_general_ci DEFAULT NULL COMMENT 'Boolean类型的trigger的第二个参数',
  PRIMARY KEY (`sched_name`,`trigger_name`,`trigger_group`) USING BTREE,
  CONSTRAINT `qrtz_simprop_triggers_ibfk_1` FOREIGN KEY (`sched_name`, `trigger_name`, `trigger_group`) REFERENCES `qrtz_triggers` (`sched_name`, `trigger_name`, `trigger_group`) ON DELETE RESTRICT ON UPDATE RESTRICT
) ENGINE=InnoDB DEFAULT CHARSET=utf8mb3 ROW_FORMAT=DYNAMIC COMMENT='同步机制的行锁表';

/*Data for the table `qrtz_simprop_triggers` */

/*Table structure for table `qrtz_triggers` */

DROP TABLE IF EXISTS `qrtz_triggers`;

CREATE TABLE `qrtz_triggers` (
  `sched_name` varchar(120) CHARACTER SET utf8 COLLATE utf8_general_ci NOT NULL COMMENT '调度名称',
  `trigger_name` varchar(200) CHARACTER SET utf8 COLLATE utf8_general_ci NOT NULL COMMENT '触发器的名字',
  `trigger_group` varchar(200) CHARACTER SET utf8 COLLATE utf8_general_ci NOT NULL COMMENT '触发器所属组的名字',
  `job_name` varchar(200) CHARACTER SET utf8 COLLATE utf8_general_ci NOT NULL COMMENT 'qrtz_job_details表job_name的外键',
  `job_group` varchar(200) CHARACTER SET utf8 COLLATE utf8_general_ci NOT NULL COMMENT 'qrtz_job_details表job_group的外键',
  `description` varchar(250) CHARACTER SET utf8 COLLATE utf8_general_ci DEFAULT NULL COMMENT '相关介绍',
  `next_fire_time` bigint DEFAULT NULL COMMENT '上一次触发时间（毫秒）',
  `prev_fire_time` bigint DEFAULT NULL COMMENT '下一次触发时间（默认为-1表示不触发）',
  `priority` int DEFAULT NULL COMMENT '优先级',
  `trigger_state` varchar(16) CHARACTER SET utf8 COLLATE utf8_general_ci NOT NULL COMMENT '触发器状态',
  `trigger_type` varchar(8) CHARACTER SET utf8 COLLATE utf8_general_ci NOT NULL COMMENT '触发器的类型',
  `start_time` bigint NOT NULL COMMENT '开始时间',
  `end_time` bigint DEFAULT NULL COMMENT '结束时间',
  `calendar_name` varchar(200) CHARACTER SET utf8 COLLATE utf8_general_ci DEFAULT NULL COMMENT '日程表名称',
  `misfire_instr` smallint DEFAULT NULL COMMENT '补偿执行的策略',
  `job_data` blob COMMENT '存放持久化job对象',
  PRIMARY KEY (`sched_name`,`trigger_name`,`trigger_group`) USING BTREE,
  KEY `sched_name` (`sched_name`,`job_name`,`job_group`) USING BTREE,
  CONSTRAINT `qrtz_triggers_ibfk_1` FOREIGN KEY (`sched_name`, `job_name`, `job_group`) REFERENCES `qrtz_job_details` (`sched_name`, `job_name`, `job_group`) ON DELETE RESTRICT ON UPDATE RESTRICT
) ENGINE=InnoDB DEFAULT CHARSET=utf8mb3 ROW_FORMAT=DYNAMIC COMMENT='触发器详细信息表';

/*Data for the table `qrtz_triggers` */

/*Table structure for table `sys_config` */

DROP TABLE IF EXISTS `sys_config`;

CREATE TABLE `sys_config` (
  `config_id` int NOT NULL AUTO_INCREMENT COMMENT '参数主键',
  `config_name` varchar(100) CHARACTER SET utf8 COLLATE utf8_general_ci DEFAULT '' COMMENT '参数名称',
  `config_key` varchar(100) CHARACTER SET utf8 COLLATE utf8_general_ci DEFAULT '' COMMENT '参数键名',
  `config_value` varchar(500) CHARACTER SET utf8 COLLATE utf8_general_ci DEFAULT '' COMMENT '参数键值',
  `config_type` char(1) CHARACTER SET utf8 COLLATE utf8_general_ci DEFAULT 'N' COMMENT '系统内置（Y是 N否）',
  `create_by` varchar(64) CHARACTER SET utf8 COLLATE utf8_general_ci DEFAULT '' COMMENT '创建者',
  `create_time` datetime DEFAULT NULL COMMENT '创建时间',
  `update_by` varchar(64) CHARACTER SET utf8 COLLATE utf8_general_ci DEFAULT '' COMMENT '更新者',
  `update_time` datetime DEFAULT NULL COMMENT '更新时间',
  `remark` varchar(500) CHARACTER SET utf8 COLLATE utf8_general_ci DEFAULT NULL COMMENT '备注',
  PRIMARY KEY (`config_id`) USING BTREE
) ENGINE=InnoDB AUTO_INCREMENT=11 DEFAULT CHARSET=utf8mb3 ROW_FORMAT=DYNAMIC COMMENT='参数配置表';

/*Data for the table `sys_config` */

insert  into `sys_config`(`config_id`,`config_name`,`config_key`,`config_value`,`config_type`,`create_by`,`create_time`,`update_by`,`update_time`,`remark`) values 
(1,'主框架页-默认皮肤样式名称','sys.index.skinName','skin-blue','Y','admin','2023-02-09 15:14:02','',NULL,'蓝色 skin-blue、绿色 skin-green、紫色 skin-purple、红色 skin-red、黄色 skin-yellow'),
(2,'用户管理-账号初始密码','sys.user.initPassword','123456','Y','admin','2023-02-09 15:14:02','',NULL,'初始化密码 123456'),
(3,'主框架页-侧边栏主题','sys.index.sideTheme','theme-dark','Y','admin','2023-02-09 15:14:02','',NULL,'深黑主题theme-dark，浅色主题theme-light，深蓝主题theme-blue'),
(4,'账号自助-是否开启用户注册功能','sys.account.registerUser','false','Y','admin','2023-02-09 15:14:02','',NULL,'是否开启注册用户功能（true开启，false关闭）'),
(5,'用户管理-密码字符范围','sys.account.chrtype','0','Y','admin','2023-02-09 15:14:02','',NULL,'默认任意字符范围，0任意（密码可以输入任意字符），1数字（密码只能为0-9数字），2英文字母（密码只能为a-z和A-Z字母），3字母和数字（密码必须包含字母，数字）,4字母数字和特殊字符（目前支持的特殊字符包括：~!@#$%^&*()-=_+）'),
(6,'用户管理-初始密码修改策略','sys.account.initPasswordModify','0','Y','admin','2023-02-09 15:14:02','',NULL,'0：初始密码修改策略关闭，没有任何提示，1：提醒用户，如果未修改初始密码，则在登录时就会提醒修改密码对话框'),
(7,'用户管理-账号密码更新周期','sys.account.passwordValidateDays','0','Y','admin','2023-02-09 15:14:02','',NULL,'密码更新周期（填写数字，数据初始化值为0不限制，若修改必须为大于0小于365的正整数），如果超过这个周期登录系统时，则在登录时就会提醒修改密码对话框'),
(8,'主框架页-菜单导航显示风格','sys.index.menuStyle','default','Y','admin','2023-02-09 15:14:02','',NULL,'菜单导航显示风格（default为左侧导航菜单，topnav为顶部导航菜单）'),
(9,'主框架页-是否开启页脚','sys.index.footer','true','Y','admin','2023-02-09 15:14:02','',NULL,'是否开启底部页脚显示（true显示，false隐藏）'),
(10,'主框架页-是否开启页签','sys.index.tagsView','true','Y','admin','2023-02-09 15:14:02','',NULL,'是否开启菜单多页签显示（true显示，false隐藏）');

/*Table structure for table `sys_dept` */

DROP TABLE IF EXISTS `sys_dept`;

CREATE TABLE `sys_dept` (
  `dept_id` bigint NOT NULL AUTO_INCREMENT COMMENT '部门id',
  `parent_id` bigint DEFAULT '0' COMMENT '父部门id',
  `ancestors` varchar(50) CHARACTER SET utf8 COLLATE utf8_general_ci DEFAULT '' COMMENT '祖级列表',
  `dept_name` varchar(30) CHARACTER SET utf8 COLLATE utf8_general_ci DEFAULT '' COMMENT '部门名称',
  `order_num` int DEFAULT '0' COMMENT '显示顺序',
  `leader` varchar(20) CHARACTER SET utf8 COLLATE utf8_general_ci DEFAULT NULL COMMENT '负责人',
  `phone` varchar(11) CHARACTER SET utf8 COLLATE utf8_general_ci DEFAULT NULL COMMENT '联系电话',
  `email` varchar(50) CHARACTER SET utf8 COLLATE utf8_general_ci DEFAULT NULL COMMENT '邮箱',
  `status` char(1) CHARACTER SET utf8 COLLATE utf8_general_ci DEFAULT '0' COMMENT '部门状态（0正常 1停用）',
  `del_flag` char(1) CHARACTER SET utf8 COLLATE utf8_general_ci DEFAULT '0' COMMENT '删除标志（0代表存在 2代表删除）',
  `create_by` varchar(64) CHARACTER SET utf8 COLLATE utf8_general_ci DEFAULT '' COMMENT '创建者',
  `create_time` datetime DEFAULT NULL COMMENT '创建时间',
  `update_by` varchar(64) CHARACTER SET utf8 COLLATE utf8_general_ci DEFAULT '' COMMENT '更新者',
  `update_time` datetime DEFAULT NULL COMMENT '更新时间',
  PRIMARY KEY (`dept_id`) USING BTREE
) ENGINE=InnoDB AUTO_INCREMENT=113 DEFAULT CHARSET=utf8mb3 ROW_FORMAT=DYNAMIC COMMENT='部门表';

/*Data for the table `sys_dept` */

insert  into `sys_dept`(`dept_id`,`parent_id`,`ancestors`,`dept_name`,`order_num`,`leader`,`phone`,`email`,`status`,`del_flag`,`create_by`,`create_time`,`update_by`,`update_time`) values 
(100,0,'0','若依科技',0,'若依','15888888888','ry@qq.com','0','0','admin','2023-02-09 15:14:01','',NULL),
(110,100,'0,100','医生',1,NULL,NULL,NULL,'0','0','admin','2023-02-16 21:29:37','',NULL),
(111,100,'0,100','护士',2,NULL,NULL,NULL,'0','0','admin','2023-02-16 21:30:15','',NULL),
(112,100,'0,100','药房',3,NULL,NULL,NULL,'0','0','admin','2023-02-16 21:30:23','',NULL);

/*Table structure for table `sys_dict_data` */

DROP TABLE IF EXISTS `sys_dict_data`;

CREATE TABLE `sys_dict_data` (
  `dict_code` bigint NOT NULL AUTO_INCREMENT COMMENT '字典编码',
  `dict_sort` int DEFAULT '0' COMMENT '字典排序',
  `dict_label` varchar(100) CHARACTER SET utf8 COLLATE utf8_general_ci DEFAULT '' COMMENT '字典标签',
  `dict_value` varchar(100) CHARACTER SET utf8 COLLATE utf8_general_ci DEFAULT '' COMMENT '字典键值',
  `dict_type` varchar(100) CHARACTER SET utf8 COLLATE utf8_general_ci DEFAULT '' COMMENT '字典类型',
  `css_class` varchar(100) CHARACTER SET utf8 COLLATE utf8_general_ci DEFAULT NULL COMMENT '样式属性（其他样式扩展）',
  `list_class` varchar(100) CHARACTER SET utf8 COLLATE utf8_general_ci DEFAULT NULL COMMENT '表格回显样式',
  `is_default` char(1) CHARACTER SET utf8 COLLATE utf8_general_ci DEFAULT 'N' COMMENT '是否默认（Y是 N否）',
  `status` char(1) CHARACTER SET utf8 COLLATE utf8_general_ci DEFAULT '0' COMMENT '状态（0正常 1停用）',
  `create_by` varchar(64) CHARACTER SET utf8 COLLATE utf8_general_ci DEFAULT '' COMMENT '创建者',
  `create_time` datetime DEFAULT NULL COMMENT '创建时间',
  `update_by` varchar(64) CHARACTER SET utf8 COLLATE utf8_general_ci DEFAULT '' COMMENT '更新者',
  `update_time` datetime DEFAULT NULL COMMENT '更新时间',
  `remark` varchar(500) CHARACTER SET utf8 COLLATE utf8_general_ci DEFAULT NULL COMMENT '备注',
  PRIMARY KEY (`dict_code`) USING BTREE
) ENGINE=InnoDB AUTO_INCREMENT=62 DEFAULT CHARSET=utf8mb3 ROW_FORMAT=DYNAMIC COMMENT='字典数据表';

/*Data for the table `sys_dict_data` */

insert  into `sys_dict_data`(`dict_code`,`dict_sort`,`dict_label`,`dict_value`,`dict_type`,`css_class`,`list_class`,`is_default`,`status`,`create_by`,`create_time`,`update_by`,`update_time`,`remark`) values 
(1,1,'男','0','sys_user_sex','','','Y','0','admin','2023-02-09 15:14:02','',NULL,'性别男'),
(2,2,'女','1','sys_user_sex','','','N','0','admin','2023-02-09 15:14:02','',NULL,'性别女'),
(3,3,'未知','2','sys_user_sex','','','N','0','admin','2023-02-09 15:14:02','',NULL,'性别未知'),
(4,1,'显示','0','sys_show_hide','','primary','Y','0','admin','2023-02-09 15:14:02','',NULL,'显示菜单'),
(5,2,'隐藏','1','sys_show_hide','','danger','N','0','admin','2023-02-09 15:14:02','',NULL,'隐藏菜单'),
(6,1,'正常','0','sys_normal_disable','','primary','Y','0','admin','2023-02-09 15:14:02','',NULL,'正常状态'),
(7,2,'停用','1','sys_normal_disable','','danger','N','0','admin','2023-02-09 15:14:02','',NULL,'停用状态'),
(8,1,'正常','0','sys_job_status','','primary','Y','0','admin','2023-02-09 15:14:02','',NULL,'正常状态'),
(9,2,'暂停','1','sys_job_status','','danger','N','0','admin','2023-02-09 15:14:02','',NULL,'停用状态'),
(10,1,'默认','DEFAULT','sys_job_group','','','Y','0','admin','2023-02-09 15:14:02','',NULL,'默认分组'),
(11,2,'系统','SYSTEM','sys_job_group','','','N','0','admin','2023-02-09 15:14:02','',NULL,'系统分组'),
(12,1,'是','Y','sys_yes_no','','primary','Y','0','admin','2023-02-09 15:14:02','',NULL,'系统默认是'),
(13,2,'否','N','sys_yes_no','','danger','N','0','admin','2023-02-09 15:14:02','',NULL,'系统默认否'),
(14,1,'通知','1','sys_notice_type','','warning','Y','0','admin','2023-02-09 15:14:02','',NULL,'通知'),
(15,2,'公告','2','sys_notice_type','','success','N','0','admin','2023-02-09 15:14:02','',NULL,'公告'),
(16,1,'正常','0','sys_notice_status','','primary','Y','0','admin','2023-02-09 15:14:02','',NULL,'正常状态'),
(17,2,'关闭','1','sys_notice_status','','danger','N','0','admin','2023-02-09 15:14:02','',NULL,'关闭状态'),
(18,99,'其他','0','sys_oper_type','','info','N','0','admin','2023-02-09 15:14:02','',NULL,'其他操作'),
(19,1,'新增','1','sys_oper_type','','info','N','0','admin','2023-02-09 15:14:02','',NULL,'新增操作'),
(20,2,'修改','2','sys_oper_type','','info','N','0','admin','2023-02-09 15:14:02','',NULL,'修改操作'),
(21,3,'删除','3','sys_oper_type','','danger','N','0','admin','2023-02-09 15:14:02','',NULL,'删除操作'),
(22,4,'授权','4','sys_oper_type','','primary','N','0','admin','2023-02-09 15:14:02','',NULL,'授权操作'),
(23,5,'导出','5','sys_oper_type','','warning','N','0','admin','2023-02-09 15:14:02','',NULL,'导出操作'),
(24,6,'导入','6','sys_oper_type','','warning','N','0','admin','2023-02-09 15:14:02','',NULL,'导入操作'),
(25,7,'强退','7','sys_oper_type','','danger','N','0','admin','2023-02-09 15:14:02','',NULL,'强退操作'),
(26,8,'生成代码','8','sys_oper_type','','warning','N','0','admin','2023-02-09 15:14:02','',NULL,'生成操作'),
(27,9,'清空数据','9','sys_oper_type','','danger','N','0','admin','2023-02-09 15:14:02','',NULL,'清空操作'),
(28,1,'成功','0','sys_common_status','','primary','N','0','admin','2023-02-09 15:14:02','',NULL,'正常状态'),
(29,2,'失败','1','sys_common_status','','danger','N','0','admin','2023-02-09 15:14:02','',NULL,'停用状态'),
(30,1,'注射类','business_zsl','sys_drug_type','','','Y','0','admin','2023-02-12 17:41:57','admin','2023-02-16 17:03:37',''),
(31,2,'非注射类','business_fzsl','sys_drug_type','','','Y','0','admin','2023-02-12 17:42:22','admin','2023-02-16 17:03:44',''),
(32,3,'其他','business_qt','sys_drug_type','','','Y','0','admin','2023-02-12 17:42:55','admin','2023-02-16 17:03:49',''),
(33,1,'溶剂（糖水盐水）','ZSY1','business_zsl','','','Y','0','admin','2023-02-16 16:29:43','admin','2023-02-16 17:18:34',''),
(34,2,'抗生素注射液','ZSY2','business_zsl','','','Y','0','admin','2023-02-16 16:29:57','admin','2023-02-16 17:18:37',''),
(35,3,'抗病毒注射液','ZSY3','business_zsl','','','Y','0','admin','2023-02-16 17:10:27','admin','2023-02-16 17:18:40',''),
(36,4,'呼吸系统注射液','ZSY4','business_zsl','','','Y','0','admin','2023-02-16 17:10:45','admin','2023-02-16 17:18:44',''),
(37,5,'消化系统注射液','ZSY5','business_zsl','','','Y','0','admin','2023-02-16 17:10:55','admin','2023-02-16 17:18:49',''),
(38,6,'心脑血管、循环系统注射液','ZSY6','business_zsl','','','Y','0','admin','2023-02-16 17:11:18','admin','2023-02-16 17:18:53',''),
(39,7,'泌尿系统注射液','ZSY7','business_zsl','','','Y','0','admin','2023-02-16 17:11:29','admin','2023-02-16 17:18:56',''),
(40,8,'神经系统注射液','ZSY8','business_zsl','','','Y','0','admin','2023-02-16 17:11:42','admin','2023-02-16 17:19:00',''),
(41,9,'营养、能量注射液','ZSY9','business_zsl','','','Y','0','admin','2023-02-16 17:12:05','admin','2023-02-16 17:19:05',''),
(42,10,'中成药注射液','ZSY10','business_zsl','','','Y','0','admin','2023-02-16 17:12:23','admin','2023-02-16 17:19:09',''),
(43,11,'其他注射液','ZSY11','business_zsl','','','Y','0','admin','2023-02-16 17:12:31','admin','2023-02-16 17:19:14',''),
(44,1,'抗生素药','FZSY1','business_fzsl','','','Y','0','admin','2023-02-16 17:13:20','admin','2023-02-16 17:17:46',''),
(45,2,'抗菌消炎药','FZSY2','business_fzsl','','','Y','0','admin','2023-02-16 17:13:32','admin','2023-02-16 17:17:49',''),
(46,3,'高血压、高血糖、高血脂药','FZSY3','business_fzsl','','','Y','0','admin','2023-02-16 17:13:53','admin','2023-02-16 17:17:52',''),
(47,4,'呼吸系统药','FZSY4','business_fzsl','','','Y','0','admin','2023-02-16 17:14:05','admin','2023-02-16 17:17:55',''),
(48,5,'消化系统药','FZSY5','business_fzsl','','','Y','0','admin','2023-02-16 17:14:14','admin','2023-02-16 17:18:00',''),
(49,6,'心脑血管、循环药','FZSY6','business_fzsl','','','Y','0','admin','2023-02-16 17:14:31','admin','2023-02-16 17:18:03',''),
(50,7,'泌尿系统药','FZSY7','business_fzsl','','','Y','0','admin','2023-02-16 17:14:42','admin','2023-02-16 17:18:06',''),
(51,8,'神经系统药','FZSY8','business_fzsl','','','Y','0','admin','2023-02-16 17:14:51','admin','2023-02-16 17:18:09',''),
(52,9,'男性用药','FZSY9','business_fzsl','','','Y','0','admin','2023-02-16 17:15:01','admin','2023-02-16 17:18:13',''),
(53,10,'女性用药','FZSY10','business_fzsl','','','Y','0','admin','2023-02-16 17:15:12','admin','2023-02-16 17:18:16',''),
(54,11,'营养、能量药','FZSY11','business_fzsl','','','Y','0','admin','2023-02-16 17:15:23','admin','2023-02-16 17:18:21',''),
(55,12,'其他药（创可贴、软膏、滴眼液等）','FZSY12','business_fzsl','','','Y','0','admin','2023-02-16 17:15:58','admin','2023-02-16 17:18:25',''),
(56,1,'皮试','QT1','business_qt','','','Y','0','admin','2023-02-16 17:16:29','admin','2023-02-16 17:17:14',''),
(57,2,'处置','QT2','business_qt','','','Y','0','admin','2023-02-16 17:16:36','admin','2023-02-16 17:17:19',''),
(58,3,'化验','QT3','business_qt','','','Y','0','admin','2023-02-16 17:16:43','admin','2023-02-16 17:17:22',''),
(59,4,'负责检查','QT4','business_qt','','','Y','0','admin','2023-02-16 17:16:53','admin','2023-02-16 17:17:26',''),
(60,5,'耗材','QT5','business_qt','','','Y','0','admin','2023-02-16 17:17:05','admin','2023-02-16 17:17:29',''),
(61,1,'输液费','20','business_syf',NULL,NULL,'Y','0','admin','2023-03-12 19:38:19','',NULL,NULL);

/*Table structure for table `sys_dict_type` */

DROP TABLE IF EXISTS `sys_dict_type`;

CREATE TABLE `sys_dict_type` (
  `dict_id` bigint NOT NULL AUTO_INCREMENT COMMENT '字典主键',
  `dict_name` varchar(100) CHARACTER SET utf8 COLLATE utf8_general_ci DEFAULT '' COMMENT '字典名称',
  `dict_type` varchar(100) CHARACTER SET utf8 COLLATE utf8_general_ci DEFAULT '' COMMENT '字典类型',
  `status` char(1) CHARACTER SET utf8 COLLATE utf8_general_ci DEFAULT '0' COMMENT '状态（0正常 1停用）',
  `create_by` varchar(64) CHARACTER SET utf8 COLLATE utf8_general_ci DEFAULT '' COMMENT '创建者',
  `create_time` datetime DEFAULT NULL COMMENT '创建时间',
  `update_by` varchar(64) CHARACTER SET utf8 COLLATE utf8_general_ci DEFAULT '' COMMENT '更新者',
  `update_time` datetime DEFAULT NULL COMMENT '更新时间',
  `remark` varchar(500) CHARACTER SET utf8 COLLATE utf8_general_ci DEFAULT NULL COMMENT '备注',
  PRIMARY KEY (`dict_id`) USING BTREE,
  UNIQUE KEY `dict_type` (`dict_type`) USING BTREE
) ENGINE=InnoDB AUTO_INCREMENT=16 DEFAULT CHARSET=utf8mb3 ROW_FORMAT=DYNAMIC COMMENT='字典类型表';

/*Data for the table `sys_dict_type` */

insert  into `sys_dict_type`(`dict_id`,`dict_name`,`dict_type`,`status`,`create_by`,`create_time`,`update_by`,`update_time`,`remark`) values 
(1,'用户性别','sys_user_sex','0','admin','2023-02-09 15:14:02','',NULL,'用户性别列表'),
(2,'菜单状态','sys_show_hide','0','admin','2023-02-09 15:14:02','',NULL,'菜单状态列表'),
(3,'系统开关','sys_normal_disable','0','admin','2023-02-09 15:14:02','',NULL,'系统开关列表'),
(4,'任务状态','sys_job_status','0','admin','2023-02-09 15:14:02','',NULL,'任务状态列表'),
(5,'任务分组','sys_job_group','0','admin','2023-02-09 15:14:02','',NULL,'任务分组列表'),
(6,'系统是否','sys_yes_no','0','admin','2023-02-09 15:14:02','',NULL,'系统是否列表'),
(7,'通知类型','sys_notice_type','0','admin','2023-02-09 15:14:02','',NULL,'通知类型列表'),
(8,'通知状态','sys_notice_status','0','admin','2023-02-09 15:14:02','',NULL,'通知状态列表'),
(9,'操作类型','sys_oper_type','0','admin','2023-02-09 15:14:02','',NULL,'操作类型列表'),
(10,'系统状态','sys_common_status','0','admin','2023-02-09 15:14:02','',NULL,'登录状态列表'),
(11,'药品分类','sys_drug_type','0','admin','2023-02-12 17:41:13','admin','2023-02-12 17:41:25','药品分类'),
(12,'注射类','business_zsl','0','admin','2023-02-16 16:26:25','',NULL,NULL),
(13,'非注射液','business_fzsl','0','admin','2023-02-16 17:13:01','',NULL,NULL),
(14,'其他','business_qt','0','admin','2023-02-16 17:16:19','',NULL,NULL),
(15,'输液费','business_zsf','0','admin','2023-03-12 19:35:51','',NULL,NULL);

/*Table structure for table `sys_job` */

DROP TABLE IF EXISTS `sys_job`;

CREATE TABLE `sys_job` (
  `job_id` bigint NOT NULL AUTO_INCREMENT COMMENT '任务ID',
  `job_name` varchar(64) CHARACTER SET utf8 COLLATE utf8_general_ci NOT NULL DEFAULT '' COMMENT '任务名称',
  `job_group` varchar(64) CHARACTER SET utf8 COLLATE utf8_general_ci NOT NULL DEFAULT 'DEFAULT' COMMENT '任务组名',
  `invoke_target` varchar(500) CHARACTER SET utf8 COLLATE utf8_general_ci NOT NULL COMMENT '调用目标字符串',
  `cron_expression` varchar(255) CHARACTER SET utf8 COLLATE utf8_general_ci DEFAULT '' COMMENT 'cron执行表达式',
  `misfire_policy` varchar(20) CHARACTER SET utf8 COLLATE utf8_general_ci DEFAULT '3' COMMENT '计划执行错误策略（1立即执行 2执行一次 3放弃执行）',
  `concurrent` char(1) CHARACTER SET utf8 COLLATE utf8_general_ci DEFAULT '1' COMMENT '是否并发执行（0允许 1禁止）',
  `status` char(1) CHARACTER SET utf8 COLLATE utf8_general_ci DEFAULT '0' COMMENT '状态（0正常 1暂停）',
  `create_by` varchar(64) CHARACTER SET utf8 COLLATE utf8_general_ci DEFAULT '' COMMENT '创建者',
  `create_time` datetime DEFAULT NULL COMMENT '创建时间',
  `update_by` varchar(64) CHARACTER SET utf8 COLLATE utf8_general_ci DEFAULT '' COMMENT '更新者',
  `update_time` datetime DEFAULT NULL COMMENT '更新时间',
  `remark` varchar(500) CHARACTER SET utf8 COLLATE utf8_general_ci DEFAULT '' COMMENT '备注信息',
  PRIMARY KEY (`job_id`,`job_name`,`job_group`) USING BTREE
) ENGINE=InnoDB AUTO_INCREMENT=5 DEFAULT CHARSET=utf8mb3 ROW_FORMAT=DYNAMIC COMMENT='定时任务调度表';

/*Data for the table `sys_job` */

insert  into `sys_job`(`job_id`,`job_name`,`job_group`,`invoke_target`,`cron_expression`,`misfire_policy`,`concurrent`,`status`,`create_by`,`create_time`,`update_by`,`update_time`,`remark`) values 
(1,'系统默认（无参）','DEFAULT','ryTask.ryNoParams','0/10 * * * * ?','3','1','1','admin','2023-02-09 15:14:02','',NULL,''),
(2,'系统默认（有参）','DEFAULT','ryTask.ryParams(\'ry\')','0/15 * * * * ?','3','1','1','admin','2023-02-09 15:14:02','',NULL,''),
(3,'系统默认（多参）','DEFAULT','ryTask.ryMultipleParams(\'ry\', true, 2000L, 316.50D, 100)','0/20 * * * * ?','3','1','1','admin','2023-02-09 15:14:02','',NULL,''),
(4,'药品过期','DEFAULT','drugExpireTask.exec','0 10 0 * * ?','3','1','1','admin','2023-02-16 18:38:46','admin','2023-02-16 18:43:25','');

/*Table structure for table `sys_job_log` */

DROP TABLE IF EXISTS `sys_job_log`;

CREATE TABLE `sys_job_log` (
  `job_log_id` bigint NOT NULL AUTO_INCREMENT COMMENT '任务日志ID',
  `job_name` varchar(64) CHARACTER SET utf8 COLLATE utf8_general_ci NOT NULL COMMENT '任务名称',
  `job_group` varchar(64) CHARACTER SET utf8 COLLATE utf8_general_ci NOT NULL COMMENT '任务组名',
  `invoke_target` varchar(500) CHARACTER SET utf8 COLLATE utf8_general_ci NOT NULL COMMENT '调用目标字符串',
  `job_message` varchar(500) CHARACTER SET utf8 COLLATE utf8_general_ci DEFAULT NULL COMMENT '日志信息',
  `status` char(1) CHARACTER SET utf8 COLLATE utf8_general_ci DEFAULT '0' COMMENT '执行状态（0正常 1失败）',
  `exception_info` varchar(2000) CHARACTER SET utf8 COLLATE utf8_general_ci DEFAULT '' COMMENT '异常信息',
  `create_time` datetime DEFAULT NULL COMMENT '创建时间',
  PRIMARY KEY (`job_log_id`) USING BTREE
) ENGINE=InnoDB AUTO_INCREMENT=3 DEFAULT CHARSET=utf8mb3 ROW_FORMAT=DYNAMIC COMMENT='定时任务调度日志表';

/*Data for the table `sys_job_log` */

insert  into `sys_job_log`(`job_log_id`,`job_name`,`job_group`,`invoke_target`,`job_message`,`status`,`exception_info`,`create_time`) values 
(1,'药品过期','DEFAULT','drugExpireTask.exec','药品过期 总共耗时：9毫秒','0','','2023-02-16 18:41:33'),
(2,'药品过期','DEFAULT','drugExpireTask.exec','药品过期 总共耗时：18毫秒','0','','2023-02-16 18:42:11');

/*Table structure for table `sys_logininfor` */

DROP TABLE IF EXISTS `sys_logininfor`;

CREATE TABLE `sys_logininfor` (
  `info_id` bigint NOT NULL AUTO_INCREMENT COMMENT '访问ID',
  `login_name` varchar(50) CHARACTER SET utf8 COLLATE utf8_general_ci DEFAULT '' COMMENT '登录账号',
  `ipaddr` varchar(128) CHARACTER SET utf8 COLLATE utf8_general_ci DEFAULT '' COMMENT '登录IP地址',
  `login_location` varchar(255) CHARACTER SET utf8 COLLATE utf8_general_ci DEFAULT '' COMMENT '登录地点',
  `browser` varchar(50) CHARACTER SET utf8 COLLATE utf8_general_ci DEFAULT '' COMMENT '浏览器类型',
  `os` varchar(50) CHARACTER SET utf8 COLLATE utf8_general_ci DEFAULT '' COMMENT '操作系统',
  `status` char(1) CHARACTER SET utf8 COLLATE utf8_general_ci DEFAULT '0' COMMENT '登录状态（0成功 1失败）',
  `msg` varchar(255) CHARACTER SET utf8 COLLATE utf8_general_ci DEFAULT '' COMMENT '提示消息',
  `login_time` datetime DEFAULT NULL COMMENT '访问时间',
  PRIMARY KEY (`info_id`) USING BTREE
) ENGINE=InnoDB AUTO_INCREMENT=1063 DEFAULT CHARSET=utf8mb3 ROW_FORMAT=DYNAMIC COMMENT='系统访问记录';

/*Data for the table `sys_logininfor` */

insert  into `sys_logininfor`(`info_id`,`login_name`,`ipaddr`,`login_location`,`browser`,`os`,`status`,`msg`,`login_time`) values 
(100,'admin','127.0.0.1','内网IP','Chrome 10','Windows 10','0','登录成功','2023-02-09 15:15:29'),
(101,'admin','127.0.0.1','内网IP','Chrome 10','Windows 10','0','登录成功','2023-02-09 15:19:07'),
(102,'admin','127.0.0.1','内网IP','Chrome 10','Windows 10','0','登录成功','2023-02-12 16:48:13'),
(103,'admin','127.0.0.1','内网IP','Chrome 10','Windows 10','0','登录成功','2023-02-12 17:01:58'),
(104,'admin','127.0.0.1','内网IP','Chrome 10','Windows 10','0','登录成功','2023-02-12 17:07:00'),
(105,'admin','127.0.0.1','内网IP','Chrome 10','Windows 10','0','退出成功','2023-02-12 17:08:16'),
(106,'admin','127.0.0.1','内网IP','Chrome 10','Windows 10','0','登录成功','2023-02-12 17:08:17'),
(107,'admin','127.0.0.1','内网IP','Chrome 10','Windows 10','0','登录成功','2023-02-12 17:09:31'),
(108,'admin','127.0.0.1','内网IP','Chrome 10','Windows 10','0','登录成功','2023-02-12 17:11:42'),
(109,'admin','127.0.0.1','内网IP','Chrome 10','Windows 10','0','登录成功','2023-02-12 17:14:43'),
(110,'admin','127.0.0.1','内网IP','Chrome 10','Windows 10','0','登录成功','2023-02-12 17:20:49'),
(111,'admin','127.0.0.1','内网IP','Chrome 10','Windows 10','0','登录成功','2023-02-12 17:23:57'),
(112,'admin','127.0.0.1','内网IP','Chrome 10','Windows 10','0','登录成功','2023-02-12 17:26:19'),
(113,'admin','127.0.0.1','内网IP','Chrome 10','Windows 10','0','登录成功','2023-02-12 17:33:13'),
(114,'admin','127.0.0.1','内网IP','Chrome 10','Windows 10','0','登录成功','2023-02-12 17:35:03'),
(115,'admin','127.0.0.1','内网IP','Chrome 10','Windows 10','0','登录成功','2023-02-12 17:36:04'),
(116,'admin','127.0.0.1','内网IP','Chrome 10','Windows 10','0','登录成功','2023-02-12 17:49:16'),
(117,'admin','127.0.0.1','内网IP','Chrome 10','Windows 10','0','登录成功','2023-02-12 17:50:40'),
(118,'admin','127.0.0.1','内网IP','Chrome 10','Windows 10','0','登录成功','2023-02-12 17:51:23'),
(119,'admin','127.0.0.1','内网IP','Chrome 10','Windows 10','0','登录成功','2023-02-12 17:51:54'),
(120,'admin','127.0.0.1','内网IP','Chrome 10','Windows 10','0','登录成功','2023-02-14 16:36:24'),
(121,'admin','127.0.0.1','内网IP','Chrome 10','Windows 10','0','登录成功','2023-02-14 16:51:44'),
(122,'admin','127.0.0.1','内网IP','Chrome 10','Windows 10','0','登录成功','2023-02-14 16:53:58'),
(123,'admin','127.0.0.1','内网IP','Chrome 10','Windows 10','0','登录成功','2023-02-14 16:58:26'),
(124,'admin','127.0.0.1','内网IP','Chrome 10','Windows 10','0','登录成功','2023-02-14 16:59:56'),
(125,'admin','127.0.0.1','内网IP','Chrome 10','Windows 10','0','登录成功','2023-02-14 21:57:55'),
(126,'admin','127.0.0.1','内网IP','Chrome 10','Windows 10','0','登录成功','2023-02-14 22:01:13'),
(127,'admin','127.0.0.1','内网IP','Chrome 10','Windows 10','0','登录成功','2023-02-15 13:50:50'),
(128,'admin','127.0.0.1','内网IP','Chrome 10','Windows 10','0','登录成功','2023-02-15 14:02:05'),
(129,'admin','127.0.0.1','内网IP','Chrome 10','Windows 10','0','登录成功','2023-02-15 14:02:43'),
(130,'admin','127.0.0.1','内网IP','Chrome 10','Windows 10','0','登录成功','2023-02-15 14:05:11'),
(131,'admin','127.0.0.1','内网IP','Chrome 10','Windows 10','0','退出成功','2023-02-15 14:10:18'),
(132,'admin','127.0.0.1','内网IP','Chrome 10','Windows 10','0','登录成功','2023-02-15 14:10:21'),
(133,'admin','127.0.0.1','内网IP','Chrome 10','Windows 10','0','登录成功','2023-02-15 14:12:59'),
(134,'admin','127.0.0.1','内网IP','Chrome 10','Windows 10','0','登录成功','2023-02-15 14:14:54'),
(135,'admin','127.0.0.1','内网IP','Chrome 10','Windows 10','0','登录成功','2023-02-15 14:30:05'),
(136,'admin','127.0.0.1','内网IP','Chrome 10','Windows 10','0','登录成功','2023-02-15 14:32:15'),
(137,'admin','127.0.0.1','内网IP','Chrome 10','Windows 10','0','登录成功','2023-02-15 14:38:51'),
(138,'admin','127.0.0.1','内网IP','Chrome 10','Windows 10','0','登录成功','2023-02-15 14:40:18'),
(139,'admin','127.0.0.1','内网IP','Chrome 10','Windows 10','0','登录成功','2023-02-15 15:03:21'),
(140,'admin','127.0.0.1','内网IP','Chrome 10','Windows 10','0','登录成功','2023-02-15 15:05:15'),
(141,'admin','127.0.0.1','内网IP','Chrome 10','Windows 10','0','登录成功','2023-02-15 15:23:07'),
(142,'admin','127.0.0.1','内网IP','Chrome 10','Windows 10','0','登录成功','2023-02-15 15:24:06'),
(143,'admin','127.0.0.1','内网IP','Chrome 10','Windows 10','0','登录成功','2023-02-15 15:25:23'),
(144,'admin','127.0.0.1','内网IP','Chrome 10','Windows 10','0','登录成功','2023-02-15 15:26:14'),
(145,'admin','127.0.0.1','内网IP','Chrome 10','Windows 10','0','登录成功','2023-02-15 15:27:08'),
(146,'admin','127.0.0.1','内网IP','Chrome 10','Windows 10','1','验证码错误','2023-02-15 15:28:43'),
(147,'admin','127.0.0.1','内网IP','Chrome 10','Windows 10','0','登录成功','2023-02-15 15:28:45'),
(148,'admin','127.0.0.1','内网IP','Chrome 10','Windows 10','0','登录成功','2023-02-15 15:29:53'),
(149,'admin','127.0.0.1','内网IP','Chrome 10','Windows 10','0','登录成功','2023-02-15 15:33:01'),
(150,'admin','127.0.0.1','内网IP','Chrome 10','Windows 10','0','登录成功','2023-02-15 15:34:44'),
(151,'admin','127.0.0.1','内网IP','Chrome 10','Windows 10','0','登录成功','2023-02-15 15:44:56'),
(152,'admin','127.0.0.1','内网IP','Chrome 10','Windows 10','0','登录成功','2023-02-15 15:45:45'),
(153,'admin','127.0.0.1','内网IP','Chrome 10','Windows 10','0','登录成功','2023-02-15 15:46:31'),
(154,'admin','127.0.0.1','内网IP','Chrome 10','Windows 10','0','登录成功','2023-02-15 15:47:27'),
(155,'admin','127.0.0.1','内网IP','Chrome 10','Windows 10','0','登录成功','2023-02-15 15:48:20'),
(156,'admin','127.0.0.1','内网IP','Chrome 10','Windows 10','0','登录成功','2023-02-15 15:49:09'),
(157,'admin','127.0.0.1','内网IP','Chrome 10','Windows 10','0','登录成功','2023-02-15 15:49:57'),
(158,'admin','127.0.0.1','内网IP','Chrome 10','Windows 10','0','登录成功','2023-02-15 15:52:00'),
(159,'admin','127.0.0.1','内网IP','Chrome 10','Windows 10','0','登录成功','2023-02-15 15:53:01'),
(160,'admin','127.0.0.1','内网IP','Chrome 10','Windows 10','0','登录成功','2023-02-15 16:16:26'),
(161,'admin','127.0.0.1','内网IP','Chrome 10','Windows 10','0','登录成功','2023-02-15 16:21:50'),
(162,'admin','127.0.0.1','内网IP','Chrome 10','Windows 10','0','登录成功','2023-02-15 16:23:10'),
(163,'admin','127.0.0.1','内网IP','Chrome 10','Windows 10','0','登录成功','2023-02-15 16:44:09'),
(164,'admin','127.0.0.1','内网IP','Chrome 10','Windows 10','0','登录成功','2023-02-15 16:46:26'),
(165,'admin','127.0.0.1','内网IP','Chrome 10','Windows 10','0','登录成功','2023-02-15 16:49:10'),
(166,'admin','127.0.0.1','内网IP','Chrome 10','Windows 10','0','登录成功','2023-02-15 16:52:45'),
(167,'admin','127.0.0.1','内网IP','Chrome 10','Windows 10','0','登录成功','2023-02-15 16:53:49'),
(168,'admin','127.0.0.1','内网IP','Chrome 10','Windows 10','0','登录成功','2023-02-15 16:58:26'),
(169,'admin','127.0.0.1','内网IP','Chrome 10','Windows 10','0','登录成功','2023-02-15 16:59:27'),
(170,'admin','127.0.0.1','内网IP','Chrome 10','Windows 10','0','登录成功','2023-02-15 16:59:57'),
(171,'admin','127.0.0.1','内网IP','Chrome 10','Windows 10','0','登录成功','2023-02-15 17:00:55'),
(172,'admin','127.0.0.1','内网IP','Chrome 10','Windows 10','0','登录成功','2023-02-15 17:02:41'),
(173,'admin','127.0.0.1','内网IP','Chrome 10','Windows 10','0','登录成功','2023-02-15 17:03:16'),
(174,'admin','127.0.0.1','内网IP','Chrome 10','Windows 10','0','登录成功','2023-02-15 17:11:00'),
(175,'admin','127.0.0.1','内网IP','Chrome 10','Windows 10','1','验证码错误','2023-02-15 17:13:32'),
(176,'admin','127.0.0.1','内网IP','Chrome 10','Windows 10','0','登录成功','2023-02-15 17:13:35'),
(177,'admin','127.0.0.1','内网IP','Chrome 10','Windows 10','0','登录成功','2023-02-15 17:14:44'),
(178,'admin','127.0.0.1','内网IP','Chrome 10','Windows 10','0','登录成功','2023-02-15 17:15:18'),
(179,'admin','127.0.0.1','内网IP','Chrome 10','Windows 10','0','登录成功','2023-02-15 17:15:44'),
(180,'admin','127.0.0.1','内网IP','Chrome 10','Windows 10','0','登录成功','2023-02-15 17:17:07'),
(181,'admin','127.0.0.1','内网IP','Chrome 10','Windows 10','0','登录成功','2023-02-15 17:20:52'),
(182,'admin','127.0.0.1','内网IP','Chrome 10','Windows 10','0','登录成功','2023-02-15 17:25:05'),
(183,'admin','127.0.0.1','内网IP','Chrome 10','Windows 10','0','登录成功','2023-02-15 17:25:42'),
(184,'admin','127.0.0.1','内网IP','Chrome 10','Windows 10','0','登录成功','2023-02-15 17:26:15'),
(185,'admin','127.0.0.1','内网IP','Chrome 10','Windows 10','0','登录成功','2023-02-15 17:26:48'),
(186,'admin','127.0.0.1','内网IP','Chrome 10','Windows 10','0','登录成功','2023-02-15 17:28:24'),
(187,'admin','127.0.0.1','内网IP','Chrome 10','Windows 10','0','登录成功','2023-02-15 17:30:02'),
(188,'admin','127.0.0.1','内网IP','Chrome 10','Windows 10','0','登录成功','2023-02-15 17:30:41'),
(189,'admin','127.0.0.1','内网IP','Chrome 10','Windows 10','0','登录成功','2023-02-15 17:31:31'),
(190,'admin','127.0.0.1','内网IP','Chrome 10','Windows 10','0','登录成功','2023-02-15 17:32:43'),
(191,'admin','127.0.0.1','内网IP','Chrome 10','Windows 10','0','登录成功','2023-02-15 17:33:11'),
(192,'admin','127.0.0.1','内网IP','Chrome 10','Windows 10','0','登录成功','2023-02-15 17:33:39'),
(193,'admin','127.0.0.1','内网IP','Chrome 10','Windows 10','0','登录成功','2023-02-15 17:34:15'),
(194,'admin','127.0.0.1','内网IP','Chrome 10','Windows 10','0','登录成功','2023-02-15 17:40:27'),
(195,'admin','127.0.0.1','内网IP','Chrome 10','Windows 10','0','登录成功','2023-02-15 17:46:19'),
(196,'admin','127.0.0.1','内网IP','Chrome 10','Windows 10','1','验证码错误','2023-02-15 17:49:05'),
(197,'admin','127.0.0.1','内网IP','Chrome 10','Windows 10','0','登录成功','2023-02-15 17:49:09'),
(198,'admin','127.0.0.1','内网IP','Chrome 10','Windows 10','0','登录成功','2023-02-15 17:52:03'),
(199,'admin','127.0.0.1','内网IP','Chrome 10','Windows 10','0','登录成功','2023-02-15 17:57:09'),
(200,'admin','127.0.0.1','内网IP','Chrome 10','Windows 10','0','登录成功','2023-02-15 18:14:54'),
(201,'admin','127.0.0.1','内网IP','Chrome 10','Windows 10','0','登录成功','2023-02-15 18:30:23'),
(202,'admin','127.0.0.1','内网IP','Chrome 10','Windows 10','0','登录成功','2023-02-15 18:34:13'),
(203,'admin','127.0.0.1','内网IP','Chrome 10','Windows 10','0','登录成功','2023-02-15 18:37:27'),
(204,'admin','127.0.0.1','内网IP','Chrome 10','Windows 10','0','登录成功','2023-02-16 13:27:50'),
(205,'admin','127.0.0.1','内网IP','Chrome 10','Windows 10','0','登录成功','2023-02-16 13:46:48'),
(206,'admin','127.0.0.1','内网IP','Chrome 10','Windows 10','0','登录成功','2023-02-16 13:52:30'),
(207,'admin','127.0.0.1','内网IP','Chrome 10','Windows 10','0','登录成功','2023-02-16 13:53:19'),
(208,'admin','127.0.0.1','内网IP','Chrome 10','Windows 10','0','登录成功','2023-02-16 13:55:49'),
(209,'admin','127.0.0.1','内网IP','Chrome 10','Windows 10','1','验证码错误','2023-02-16 14:26:05'),
(210,'admin','127.0.0.1','内网IP','Chrome 10','Windows 10','0','登录成功','2023-02-16 14:26:07'),
(211,'admin','127.0.0.1','内网IP','Chrome 10','Windows 10','0','登录成功','2023-02-16 14:32:16'),
(212,'admin','127.0.0.1','内网IP','Chrome 10','Windows 10','0','登录成功','2023-02-16 14:45:21'),
(213,'admin','127.0.0.1','内网IP','Chrome 10','Windows 10','0','登录成功','2023-02-16 14:46:56'),
(214,'admin','127.0.0.1','内网IP','Chrome 10','Windows 10','0','登录成功','2023-02-16 15:44:19'),
(215,'admin','127.0.0.1','内网IP','Chrome 10','Windows 10','0','登录成功','2023-02-16 15:58:07'),
(216,'admin','127.0.0.1','内网IP','Chrome 10','Windows 10','0','登录成功','2023-02-16 15:59:19'),
(217,'admin','127.0.0.1','内网IP','Chrome 10','Windows 10','0','登录成功','2023-02-16 16:02:34'),
(218,'admin','127.0.0.1','内网IP','Chrome 10','Windows 10','0','登录成功','2023-02-16 16:04:04'),
(219,'admin','127.0.0.1','内网IP','Chrome 10','Windows 10','0','登录成功','2023-02-16 16:05:49'),
(220,'admin','127.0.0.1','内网IP','Chrome 10','Windows 10','0','登录成功','2023-02-16 16:10:10'),
(221,'admin','127.0.0.1','内网IP','Chrome 10','Windows 10','0','登录成功','2023-02-16 16:10:38'),
(222,'admin','127.0.0.1','内网IP','Chrome 10','Windows 10','1','验证码错误','2023-02-16 16:21:56'),
(223,'admin','127.0.0.1','内网IP','Chrome 10','Windows 10','0','登录成功','2023-02-16 16:21:59'),
(224,'admin','127.0.0.1','内网IP','Chrome 10','Windows 10','1','验证码错误','2023-02-16 16:25:38'),
(225,'admin','127.0.0.1','内网IP','Chrome 10','Windows 10','0','登录成功','2023-02-16 16:25:45'),
(226,'admin','127.0.0.1','内网IP','Chrome 10','Windows 10','0','登录成功','2023-02-16 16:30:45'),
(227,'admin','127.0.0.1','内网IP','Chrome 10','Windows 10','0','登录成功','2023-02-16 16:42:14'),
(228,'admin','127.0.0.1','内网IP','Chrome 10','Windows 10','0','登录成功','2023-02-16 16:44:24'),
(229,'admin','127.0.0.1','内网IP','Chrome 10','Windows 10','0','登录成功','2023-02-16 16:49:51'),
(230,'admin','127.0.0.1','内网IP','Chrome 10','Windows 10','1','验证码错误','2023-02-16 16:57:50'),
(231,'admin','127.0.0.1','内网IP','Chrome 10','Windows 10','0','登录成功','2023-02-16 16:57:52'),
(232,'admin','127.0.0.1','内网IP','Chrome 10','Windows 10','1','验证码错误','2023-02-16 16:59:13'),
(233,'admin','127.0.0.1','内网IP','Chrome 10','Windows 10','0','登录成功','2023-02-16 16:59:15'),
(234,'admin','127.0.0.1','内网IP','Chrome 10','Windows 10','0','登录成功','2023-02-16 17:00:06'),
(235,'admin','127.0.0.1','内网IP','Chrome 10','Windows 10','0','登录成功','2023-02-16 17:00:41'),
(236,'admin','127.0.0.1','内网IP','Chrome 10','Windows 10','1','验证码错误','2023-02-16 17:02:52'),
(237,'admin','127.0.0.1','内网IP','Chrome 10','Windows 10','0','登录成功','2023-02-16 17:02:56'),
(238,'admin','127.0.0.1','内网IP','Chrome 10','Windows 10','0','退出成功','2023-02-16 17:03:56'),
(239,'admin','127.0.0.1','内网IP','Chrome 10','Windows 10','0','登录成功','2023-02-16 17:03:58'),
(240,'admin','127.0.0.1','内网IP','Chrome 10','Windows 10','0','登录成功','2023-02-16 17:05:13'),
(241,'admin','127.0.0.1','内网IP','Chrome 10','Windows 10','0','登录成功','2023-02-16 17:07:12'),
(242,'admin','127.0.0.1','内网IP','Chrome 10','Windows 10','0','登录成功','2023-02-16 17:09:28'),
(243,'admin','127.0.0.1','内网IP','Chrome 10','Windows 10','0','登录成功','2023-02-16 17:22:42'),
(244,'admin','127.0.0.1','内网IP','Chrome 10','Windows 10','0','登录成功','2023-02-16 17:23:35'),
(245,'admin','127.0.0.1','内网IP','Chrome 10','Windows 10','0','登录成功','2023-02-16 17:26:56'),
(246,'admin','127.0.0.1','内网IP','Chrome 10','Windows 10','0','登录成功','2023-02-16 17:27:38'),
(247,'admin','127.0.0.1','内网IP','Chrome 10','Windows 10','0','登录成功','2023-02-16 17:28:49'),
(248,'admin','127.0.0.1','内网IP','Chrome 10','Windows 10','0','登录成功','2023-02-16 17:30:19'),
(249,'admin','127.0.0.1','内网IP','Chrome 10','Windows 10','0','登录成功','2023-02-16 17:32:56'),
(250,'admin','127.0.0.1','内网IP','Chrome 10','Windows 10','0','登录成功','2023-02-16 17:34:23'),
(251,'admin','127.0.0.1','内网IP','Chrome 10','Windows 10','0','登录成功','2023-02-16 17:34:51'),
(252,'admin','127.0.0.1','内网IP','Chrome 10','Windows 10','0','登录成功','2023-02-16 17:35:30'),
(253,'admin','127.0.0.1','内网IP','Chrome 10','Windows 10','1','验证码错误','2023-02-16 17:36:58'),
(254,'admin','127.0.0.1','内网IP','Chrome 10','Windows 10','0','登录成功','2023-02-16 17:37:01'),
(255,'admin','127.0.0.1','内网IP','Chrome 10','Windows 10','0','登录成功','2023-02-16 17:38:25'),
(256,'admin','127.0.0.1','内网IP','Chrome 10','Windows 10','0','登录成功','2023-02-16 17:39:20'),
(257,'admin','127.0.0.1','内网IP','Chrome 10','Windows 10','0','登录成功','2023-02-16 17:40:56'),
(258,'admin','127.0.0.1','内网IP','Chrome 10','Windows 10','0','登录成功','2023-02-16 17:42:04'),
(259,'admin','127.0.0.1','内网IP','Chrome 10','Windows 10','1','验证码错误','2023-02-16 17:42:44'),
(260,'admin','127.0.0.1','内网IP','Chrome 10','Windows 10','0','登录成功','2023-02-16 17:42:48'),
(261,'admin','127.0.0.1','内网IP','Chrome 10','Windows 10','0','登录成功','2023-02-16 17:43:43'),
(262,'admin','127.0.0.1','内网IP','Chrome 10','Windows 10','0','登录成功','2023-02-16 17:48:17'),
(263,'admin','127.0.0.1','内网IP','Chrome 10','Windows 10','1','验证码错误','2023-02-16 17:49:49'),
(264,'admin','127.0.0.1','内网IP','Chrome 10','Windows 10','0','登录成功','2023-02-16 17:49:52'),
(265,'admin','127.0.0.1','内网IP','Chrome 10','Windows 10','0','登录成功','2023-02-16 17:55:13'),
(266,'admin','127.0.0.1','内网IP','Chrome 10','Windows 10','0','登录成功','2023-02-16 17:58:37'),
(267,'admin','127.0.0.1','内网IP','Chrome 10','Windows 10','0','登录成功','2023-02-16 17:59:47'),
(268,'admin','127.0.0.1','内网IP','Chrome 10','Windows 10','0','登录成功','2023-02-16 18:00:42'),
(269,'admin','127.0.0.1','内网IP','Chrome 10','Windows 10','0','登录成功','2023-02-16 18:02:18'),
(270,'admin','127.0.0.1','内网IP','Chrome 10','Windows 10','0','登录成功','2023-02-16 18:03:27'),
(271,'admin','127.0.0.1','内网IP','Chrome 10','Windows 10','0','登录成功','2023-02-16 18:04:40'),
(272,'admin','127.0.0.1','内网IP','Chrome 10','Windows 10','0','登录成功','2023-02-16 18:05:39'),
(273,'admin','127.0.0.1','内网IP','Chrome 10','Windows 10','1','验证码错误','2023-02-16 18:37:50'),
(274,'admin','127.0.0.1','内网IP','Chrome 10','Windows 10','0','登录成功','2023-02-16 18:37:52'),
(275,'admin','127.0.0.1','内网IP','Chrome 10','Windows 10','0','登录成功','2023-02-16 18:41:27'),
(276,'admin','127.0.0.1','内网IP','Chrome 10','Windows 10','0','登录成功','2023-02-16 18:44:35'),
(277,'admin','127.0.0.1','内网IP','Chrome 10','Windows 10','1','验证码错误','2023-02-16 21:08:03'),
(278,'admin','127.0.0.1','内网IP','Chrome 10','Windows 10','0','登录成功','2023-02-16 21:08:05'),
(279,'admin','127.0.0.1','内网IP','Chrome 10','Windows 10','0','登录成功','2023-02-16 21:12:27'),
(280,'admin','127.0.0.1','内网IP','Chrome 10','Windows 10','0','退出成功','2023-02-16 21:32:32'),
(281,'baitang','127.0.0.1','内网IP','Chrome 10','Windows 10','0','登录成功','2023-02-16 21:33:05'),
(282,'baitang','127.0.0.1','内网IP','Chrome 10','Windows 10','0','退出成功','2023-02-16 21:33:14'),
(283,'admin','127.0.0.1','内网IP','Chrome 10','Windows 10','0','登录成功','2023-02-16 21:33:20'),
(284,'admin','127.0.0.1','内网IP','Chrome 10','Windows 10','0','退出成功','2023-02-16 21:33:47'),
(285,'baitang','127.0.0.1','内网IP','Chrome 10','Windows 10','0','登录成功','2023-02-16 21:34:00'),
(286,'admin','127.0.0.1','内网IP','Chrome 10','Windows 10','0','登录成功','2023-02-17 13:47:24'),
(287,'admin','127.0.0.1','内网IP','Chrome 10','Windows 10','0','登录成功','2023-02-17 13:57:22'),
(288,'admin','127.0.0.1','内网IP','Chrome 10','Windows 10','0','登录成功','2023-02-17 13:58:18'),
(289,'admin','127.0.0.1','内网IP','Chrome 10','Windows 10','0','登录成功','2023-02-17 14:00:55'),
(290,'admin','127.0.0.1','内网IP','Chrome 10','Windows 10','0','登录成功','2023-02-17 14:07:55'),
(291,'admin','127.0.0.1','内网IP','Chrome 10','Windows 10','0','登录成功','2023-02-17 14:09:15'),
(292,'admin','127.0.0.1','内网IP','Chrome 10','Windows 10','0','登录成功','2023-02-17 14:12:57'),
(293,'admin','127.0.0.1','内网IP','Chrome 10','Windows 10','0','登录成功','2023-02-17 14:15:08'),
(294,'admin','127.0.0.1','内网IP','Chrome 10','Windows 10','0','退出成功','2023-02-17 14:26:49'),
(295,'baitang','127.0.0.1','内网IP','Chrome 10','Windows 10','0','登录成功','2023-02-17 14:26:56'),
(296,'admin','127.0.0.1','内网IP','Chrome 10','Windows 10','0','登录成功','2023-02-17 14:29:06'),
(297,'admin','127.0.0.1','内网IP','Chrome 10','Windows 10','0','退出成功','2023-02-17 14:35:43'),
(298,'admin','127.0.0.1','内网IP','Chrome 10','Windows 10','0','登录成功','2023-02-17 14:35:45'),
(299,'admin','127.0.0.1','内网IP','Chrome 10','Windows 10','0','退出成功','2023-02-17 14:35:53'),
(300,'admin','127.0.0.1','内网IP','Chrome 10','Windows 10','0','登录成功','2023-02-17 14:38:18'),
(301,'admin','127.0.0.1','内网IP','Chrome 10','Windows 10','0','登录成功','2023-02-17 14:49:02'),
(302,'admin','127.0.0.1','内网IP','Chrome 10','Windows 10','0','退出成功','2023-02-17 14:54:25'),
(303,'baitang','127.0.0.1','内网IP','Chrome 10','Windows 10','0','登录成功','2023-02-17 14:54:28'),
(304,'baitang','127.0.0.1','内网IP','Chrome 10','Windows 10','1','验证码错误','2023-02-17 14:55:46'),
(305,'baitang','127.0.0.1','内网IP','Chrome 10','Windows 10','0','登录成功','2023-02-17 14:55:49'),
(306,'baitang','127.0.0.1','内网IP','Chrome 10','Windows 10','0','退出成功','2023-02-17 14:56:40'),
(307,'admin','127.0.0.1','内网IP','Chrome 10','Windows 10','0','登录成功','2023-02-17 14:56:45'),
(308,'baitang','127.0.0.1','内网IP','Microsoft Edge (layout engine 15)','Windows 10','1','密码输入错误1次','2023-02-17 15:17:29'),
(309,'baitang','127.0.0.1','内网IP','Microsoft Edge (layout engine 15)','Windows 10','0','登录成功','2023-02-17 15:17:36'),
(310,'admin','127.0.0.1','内网IP','Chrome 10','Windows 10','0','退出成功','2023-02-17 15:18:32'),
(311,'baitang','127.0.0.1','内网IP','Chrome 10','Windows 10','0','登录成功','2023-02-17 15:18:36'),
(312,'baitang','127.0.0.1','内网IP','Chrome 10','Windows 10','0','退出成功','2023-02-17 15:19:48'),
(313,'admin','127.0.0.1','内网IP','Chrome 10','Windows 10','0','登录成功','2023-02-17 15:19:51'),
(314,'admin','127.0.0.1','内网IP','Chrome 10','Windows 10','0','退出成功','2023-02-17 15:20:21'),
(315,'baitang','127.0.0.1','内网IP','Chrome 10','Windows 10','0','登录成功','2023-02-17 15:20:25'),
(316,'baitang','127.0.0.1','内网IP','Chrome 10','Windows 10','0','退出成功','2023-02-17 15:20:50'),
(317,'admin','127.0.0.1','内网IP','Chrome 10','Windows 10','0','登录成功','2023-02-17 15:20:54'),
(318,'admin','127.0.0.1','内网IP','Chrome 10','Windows 10','0','退出成功','2023-02-17 15:22:19'),
(319,'baitang','127.0.0.1','内网IP','Chrome 10','Windows 10','1','验证码错误','2023-02-17 15:22:23'),
(320,'baitang','127.0.0.1','内网IP','Chrome 10','Windows 10','0','登录成功','2023-02-17 15:22:25'),
(321,'baitang','127.0.0.1','内网IP','Chrome 10','Windows 10','0','退出成功','2023-02-17 15:22:42'),
(322,'admin','127.0.0.1','内网IP','Chrome 10','Windows 10','0','登录成功','2023-02-17 15:22:46'),
(323,'baitang','127.0.0.1','内网IP','Chrome 10','Windows 10','0','登录成功','2023-02-17 15:24:00'),
(324,'admin','127.0.0.1','内网IP','Chrome 10','Windows 10','0','登录成功','2023-02-17 15:27:27'),
(325,'admin','127.0.0.1','内网IP','Chrome 10','Windows 10','0','退出成功','2023-02-17 15:27:48'),
(326,'baitang','127.0.0.1','内网IP','Chrome 10','Windows 10','0','登录成功','2023-02-17 15:27:51'),
(327,'baitang','127.0.0.1','内网IP','Chrome 10','Windows 10','0','登录成功','2023-02-17 15:30:07'),
(328,'baitang','127.0.0.1','内网IP','Chrome 10','Windows 10','0','登录成功','2023-02-17 15:31:23'),
(329,'admin','127.0.0.1','内网IP','Chrome 10','Windows 10','1','密码输入错误1次','2023-02-19 20:49:13'),
(330,'admin','127.0.0.1','内网IP','Chrome 10','Windows 10','1','验证码错误','2023-02-19 20:49:15'),
(331,'ruoyi','127.0.0.1','内网IP','Chrome 10','Windows 10','1','用户不存在/密码错误','2023-02-19 20:49:43'),
(332,'ruoyi','127.0.0.1','内网IP','Chrome 10','Windows 10','1','验证码错误','2023-02-19 20:49:44'),
(333,'ruoyi','127.0.0.1','内网IP','Chrome 10','Windows 10','1','用户不存在/密码错误','2023-02-19 20:49:50'),
(334,'admin','127.0.0.1','内网IP','Chrome 10','Windows 10','1','密码输入错误2次','2023-02-19 20:51:02'),
(335,'admin','127.0.0.1','内网IP','Chrome 10','Windows 10','1','验证码错误','2023-02-19 20:51:16'),
(336,'admin','127.0.0.1','内网IP','Chrome 10','Windows 10','0','登录成功','2023-02-19 20:51:23'),
(337,'admin','127.0.0.1','内网IP','Chrome 10','Windows 10','1','验证码错误','2023-02-19 20:54:57'),
(338,'admin','127.0.0.1','内网IP','Chrome 10','Windows 10','0','登录成功','2023-02-19 20:55:02'),
(339,'admin','127.0.0.1','内网IP','Chrome 10','Windows 10','0','登录成功','2023-02-20 20:48:00'),
(340,'admin','127.0.0.1','内网IP','Chrome 10','Windows 10','1','验证码错误','2023-02-21 10:33:21'),
(341,'admin','127.0.0.1','内网IP','Chrome 10','Windows 10','1','验证码错误','2023-02-21 10:36:11'),
(342,'admin','127.0.0.1','内网IP','Chrome 10','Windows 10','1','验证码错误','2023-02-21 10:36:12'),
(343,'admin','127.0.0.1','内网IP','Chrome 10','Windows 10','1','验证码错误','2023-02-21 10:42:17'),
(344,'admin','127.0.0.1','内网IP','Chrome 10','Windows 10','1','验证码错误','2023-02-21 10:44:58'),
(345,'admin','127.0.0.1','内网IP','Chrome 10','Windows 10','1','验证码错误','2023-02-21 10:44:59'),
(346,'admin','127.0.0.1','内网IP','Chrome 10','Windows 10','1','验证码错误','2023-02-21 10:45:05'),
(347,'admin','127.0.0.1','内网IP','Chrome 10','Windows 10','1','验证码错误','2023-02-21 10:47:23'),
(348,'admin','127.0.0.1','内网IP','Chrome 10','Windows 10','0','登录成功','2023-02-21 10:52:51'),
(349,'admin','127.0.0.1','内网IP','Chrome 10','Windows 10','0','登录成功','2023-02-21 10:53:42'),
(350,'admin','127.0.0.1','内网IP','Chrome 10','Windows 10','0','登录成功','2023-02-21 10:54:07'),
(351,'admin','127.0.0.1','内网IP','Chrome 10','Windows 10','0','退出成功','2023-02-21 10:55:14'),
(352,'admin','127.0.0.1','内网IP','Chrome 10','Windows 10','0','登录成功','2023-02-21 10:55:17'),
(353,'admin','127.0.0.1','内网IP','Chrome 10','Windows 10','0','登录成功','2023-02-21 10:56:11'),
(354,'admin','127.0.0.1','内网IP','Firefox 11','Windows 10','0','登录成功','2023-02-21 10:57:19'),
(355,'admin','127.0.0.1','内网IP','Firefox 11','Windows 10','0','退出成功','2023-02-21 10:57:43'),
(356,'admin','127.0.0.1','内网IP','Firefox 11','Windows 10','0','登录成功','2023-02-21 10:58:02'),
(357,'admin','127.0.0.1','内网IP','Firefox 11','Windows 10','0','退出成功','2023-02-21 10:58:32'),
(358,'admin','127.0.0.1','内网IP','Firefox 11','Windows 10','0','登录成功','2023-02-21 10:58:35'),
(359,'admin','127.0.0.1','内网IP','Firefox 11','Windows 10','0','登录成功','2023-02-21 11:03:52'),
(360,'admin','127.0.0.1','内网IP','Firefox 11','Windows 10','0','登录成功','2023-02-21 11:04:16'),
(361,'admin','127.0.0.1','内网IP','Firefox 11','Windows 10','0','登录成功','2023-02-21 11:04:18'),
(362,'admin','127.0.0.1','内网IP','Firefox 11','Windows 10','0','登录成功','2023-02-21 11:04:19'),
(363,'admin','127.0.0.1','内网IP','Firefox 11','Windows 10','0','登录成功','2023-02-21 11:05:00'),
(364,'admin','127.0.0.1','内网IP','Firefox 11','Windows 10','0','登录成功','2023-02-21 11:05:16'),
(365,'admin','127.0.0.1','内网IP','Firefox 11','Windows 10','0','登录成功','2023-02-21 11:09:55'),
(366,'admin','127.0.0.1','内网IP','Firefox 11','Windows 10','0','登录成功','2023-02-21 11:15:10'),
(367,'admin','127.0.0.1','内网IP','Firefox 11','Windows 10','0','登录成功','2023-02-21 11:17:22'),
(368,'admin','127.0.0.1','内网IP','Firefox 11','Windows 10','0','登录成功','2023-02-21 11:18:11'),
(369,'admin','127.0.0.1','内网IP','Firefox 11','Windows 10','0','登录成功','2023-02-21 11:20:28'),
(370,'admin','127.0.0.1','内网IP','Firefox 11','Windows 10','0','退出成功','2023-02-21 11:23:10'),
(371,'admin','127.0.0.1','内网IP','Firefox 11','Windows 10','0','登录成功','2023-02-21 11:23:12'),
(372,'admin','127.0.0.1','内网IP','Chrome 10','Windows 10','0','登录成功','2023-02-21 11:41:32'),
(373,'admin','127.0.0.1','内网IP','Firefox 11','Windows 10','0','登录成功','2023-02-21 11:52:35'),
(374,'admin','127.0.0.1','内网IP','Firefox 11','Windows 10','0','登录成功','2023-02-21 12:32:01'),
(375,'admin','127.0.0.1','内网IP','Firefox 11','Windows 10','0','登录成功','2023-02-21 12:43:54'),
(376,'admin','127.0.0.1','内网IP','Firefox 11','Windows 10','0','登录成功','2023-02-21 12:46:45'),
(377,'admin','127.0.0.1','内网IP','Chrome 10','Windows 10','0','登录成功','2023-02-21 13:37:06'),
(378,'admin','127.0.0.1','内网IP','Chrome 10','Windows 10','0','登录成功','2023-02-21 15:03:27'),
(379,'admin','127.0.0.1','内网IP','Chrome 10','Windows 10','0','登录成功','2023-02-21 15:09:55'),
(380,'admin','127.0.0.1','内网IP','Chrome 10','Windows 10','0','退出成功','2023-02-21 15:10:00'),
(381,'admin','127.0.0.1','内网IP','Chrome 10','Windows 10','0','登录成功','2023-02-21 15:10:01'),
(382,'admin','127.0.0.1','内网IP','Chrome 10','Windows 10','0','登录成功','2023-02-21 15:17:24'),
(383,'admin','127.0.0.1','内网IP','Chrome 10','Windows 10','0','登录成功','2023-02-21 15:27:19'),
(384,'admin','127.0.0.1','内网IP','Chrome 10','Windows 10','0','登录成功','2023-02-21 15:29:43'),
(385,'admin','127.0.0.1','内网IP','Chrome 10','Windows 10','0','登录成功','2023-02-21 15:31:53'),
(386,'admin','127.0.0.1','内网IP','Chrome 10','Windows 10','0','登录成功','2023-02-21 15:42:04'),
(387,'admin','127.0.0.1','内网IP','Chrome 10','Windows 10','0','登录成功','2023-02-21 15:42:20'),
(388,'admin','127.0.0.1','内网IP','Chrome 10','Windows 10','0','登录成功','2023-02-21 15:42:35'),
(389,'admin','127.0.0.1','内网IP','Chrome 11','Windows 10','0','登录成功','2023-02-23 20:04:52'),
(390,'admin','127.0.0.1','内网IP','Chrome 11','Windows 10','0','登录成功','2023-02-23 20:10:32'),
(391,'admin','127.0.0.1','内网IP','Chrome 11','Windows 10','0','登录成功','2023-02-23 20:11:38'),
(392,'admin','127.0.0.1','内网IP','Chrome 11','Windows 10','0','登录成功','2023-02-23 20:22:00'),
(393,'admin','127.0.0.1','内网IP','Chrome 11','Windows 10','0','登录成功','2023-02-23 20:30:12'),
(394,'admin','127.0.0.1','内网IP','Chrome 11','Windows 10','0','登录成功','2023-02-23 20:32:06'),
(395,'admin','127.0.0.1','内网IP','Chrome 11','Windows 10','0','登录成功','2023-02-23 20:39:38'),
(396,'admin','127.0.0.1','内网IP','Chrome 11','Windows 10','0','登录成功','2023-02-23 20:45:00'),
(397,'admin','127.0.0.1','内网IP','Chrome 11','Windows 10','0','登录成功','2023-02-23 20:54:00'),
(398,'admin','127.0.0.1','内网IP','Chrome 11','Windows 10','0','登录成功','2023-02-23 20:55:13'),
(399,'admin','127.0.0.1','内网IP','Chrome 11','Windows 10','0','登录成功','2023-02-23 21:01:50'),
(400,'admin','127.0.0.1','内网IP','Chrome 11','Windows 10','0','登录成功','2023-02-23 21:06:40'),
(401,'admin','127.0.0.1','内网IP','Chrome 11','Windows 10','0','登录成功','2023-02-23 21:47:21'),
(402,'admin','127.0.0.1','内网IP','Chrome 11','Windows 10','0','登录成功','2023-02-23 21:51:36'),
(403,'admin','127.0.0.1','内网IP','Chrome 11','Windows 10','0','登录成功','2023-02-23 21:54:34'),
(404,'admin','127.0.0.1','内网IP','Chrome 11','Windows 10','0','登录成功','2023-02-23 22:09:07'),
(405,'admin','127.0.0.1','内网IP','Chrome 11','Windows 10','0','登录成功','2023-02-26 20:33:13'),
(406,'admin','127.0.0.1','内网IP','Chrome 11','Windows 10','0','登录成功','2023-02-27 15:00:57'),
(407,'admin','127.0.0.1','内网IP','Chrome 11','Windows 10','0','登录成功','2023-03-01 10:44:16'),
(408,'admin','127.0.0.1','内网IP','Chrome 11','Windows 10','0','登录成功','2023-03-01 14:37:54'),
(409,'admin','127.0.0.1','内网IP','Chrome 11','Windows 10','0','登录成功','2023-03-11 15:01:12'),
(410,'admin','127.0.0.1','内网IP','Chrome 11','Windows 10','0','登录成功','2023-03-11 15:02:39'),
(411,'admin','127.0.0.1','内网IP','Chrome 11','Windows 10','0','登录成功','2023-03-11 15:22:14'),
(412,'admin','127.0.0.1','内网IP','Chrome 11','Windows 10','0','登录成功','2023-03-11 15:23:30'),
(413,'admin','127.0.0.1','内网IP','Chrome 11','Windows 10','0','登录成功','2023-03-11 15:24:13'),
(414,'admin','127.0.0.1','内网IP','Chrome 11','Windows 10','0','登录成功','2023-03-11 15:34:51'),
(415,'admin','127.0.0.1','内网IP','Chrome 11','Windows 10','0','登录成功','2023-03-11 15:36:23'),
(416,'admin','127.0.0.1','内网IP','Chrome 11','Windows 10','0','登录成功','2023-03-11 15:42:03'),
(417,'admin','127.0.0.1','内网IP','Chrome 11','Windows 10','0','登录成功','2023-03-11 15:50:53'),
(418,'admin','127.0.0.1','内网IP','Chrome 11','Windows 10','0','登录成功','2023-03-11 15:55:16'),
(419,'admin','127.0.0.1','内网IP','Chrome 11','Windows 10','0','登录成功','2023-03-11 15:55:51'),
(420,'admin','127.0.0.1','内网IP','Chrome 11','Windows 10','0','登录成功','2023-03-11 15:56:52'),
(421,'admin','127.0.0.1','内网IP','Chrome 11','Windows 10','0','登录成功','2023-03-11 16:00:55'),
(422,'admin','127.0.0.1','内网IP','Chrome 11','Windows 10','0','登录成功','2023-03-11 16:03:20'),
(423,'admin','127.0.0.1','内网IP','Chrome 11','Windows 10','0','登录成功','2023-03-11 16:04:26'),
(424,'admin','127.0.0.1','内网IP','Chrome 11','Windows 10','0','登录成功','2023-03-11 16:05:44'),
(425,'admin','127.0.0.1','内网IP','Chrome 11','Windows 10','0','登录成功','2023-03-11 16:08:38'),
(426,'admin','127.0.0.1','内网IP','Chrome 11','Windows 10','0','登录成功','2023-03-11 16:09:55'),
(427,'admin','127.0.0.1','内网IP','Chrome 11','Windows 10','0','登录成功','2023-03-11 16:11:51'),
(428,'admin','127.0.0.1','内网IP','Chrome 11','Windows 10','0','登录成功','2023-03-11 16:19:16'),
(429,'admin','127.0.0.1','内网IP','Chrome 11','Windows 10','0','登录成功','2023-03-11 16:21:12'),
(430,'admin','127.0.0.1','内网IP','Chrome 11','Windows 10','0','登录成功','2023-03-11 16:24:53'),
(431,'admin','127.0.0.1','内网IP','Chrome 11','Windows 10','0','登录成功','2023-03-11 16:29:45'),
(432,'admin','127.0.0.1','内网IP','Chrome 11','Windows 10','0','登录成功','2023-03-11 16:31:39'),
(433,'admin','127.0.0.1','内网IP','Chrome 11','Windows 10','0','登录成功','2023-03-11 17:10:12'),
(434,'admin','127.0.0.1','内网IP','Chrome 11','Windows 10','0','登录成功','2023-03-11 17:20:32'),
(435,'admin','127.0.0.1','内网IP','Chrome 11','Windows 10','0','登录成功','2023-03-11 17:29:22'),
(436,'admin','127.0.0.1','内网IP','Chrome 11','Windows 10','0','登录成功','2023-03-11 17:35:13'),
(437,'admin','127.0.0.1','内网IP','Chrome 11','Windows 10','0','登录成功','2023-03-11 17:35:57'),
(438,'admin','127.0.0.1','内网IP','Chrome 11','Windows 10','0','登录成功','2023-03-11 17:42:25'),
(439,'admin','127.0.0.1','内网IP','Chrome 11','Windows 10','0','登录成功','2023-03-11 17:43:52'),
(440,'admin','127.0.0.1','内网IP','Chrome 11','Windows 10','0','登录成功','2023-03-12 09:54:08'),
(441,'admin','127.0.0.1','内网IP','Chrome 11','Windows 10','0','登录成功','2023-03-12 09:58:52'),
(442,'admin','127.0.0.1','内网IP','Chrome 11','Windows 10','0','登录成功','2023-03-12 10:01:17'),
(443,'admin','127.0.0.1','内网IP','Chrome 11','Windows 10','0','登录成功','2023-03-12 10:04:59'),
(444,'admin','127.0.0.1','内网IP','Chrome 11','Windows 10','0','登录成功','2023-03-12 10:05:39'),
(445,'admin','127.0.0.1','内网IP','Chrome 11','Windows 10','0','登录成功','2023-03-12 10:08:26'),
(446,'admin','127.0.0.1','内网IP','Chrome 11','Windows 10','0','登录成功','2023-03-12 10:08:55'),
(447,'admin','127.0.0.1','内网IP','Chrome 11','Windows 10','0','登录成功','2023-03-12 10:09:59'),
(448,'admin','127.0.0.1','内网IP','Chrome 11','Windows 10','0','登录成功','2023-03-12 10:11:50'),
(449,'admin','127.0.0.1','内网IP','Chrome 11','Windows 10','0','登录成功','2023-03-12 10:18:26'),
(450,'admin','127.0.0.1','内网IP','Chrome 11','Windows 10','0','登录成功','2023-03-12 10:19:16'),
(451,'admin','127.0.0.1','内网IP','Chrome 11','Windows 10','0','登录成功','2023-03-12 10:27:47'),
(452,'admin','127.0.0.1','内网IP','Chrome 11','Windows 10','0','登录成功','2023-03-12 10:30:28'),
(453,'admin','127.0.0.1','内网IP','Chrome 11','Windows 10','0','登录成功','2023-03-12 10:33:49'),
(454,'admin','127.0.0.1','内网IP','Chrome 11','Windows 10','0','登录成功','2023-03-12 10:35:54'),
(455,'admin','127.0.0.1','内网IP','Chrome 11','Windows 10','0','登录成功','2023-03-12 11:22:05'),
(456,'admin','127.0.0.1','内网IP','Chrome 11','Windows 10','0','登录成功','2023-03-12 11:23:38'),
(457,'admin','127.0.0.1','内网IP','Chrome 11','Windows 10','0','登录成功','2023-03-12 11:25:47'),
(458,'admin','127.0.0.1','内网IP','Chrome 11','Windows 10','0','登录成功','2023-03-12 11:27:44'),
(459,'admin','127.0.0.1','内网IP','Chrome 11','Windows 10','0','登录成功','2023-03-12 11:28:35'),
(460,'admin','127.0.0.1','内网IP','Chrome 11','Windows 10','0','登录成功','2023-03-12 11:29:21'),
(461,'admin','127.0.0.1','内网IP','Chrome 11','Windows 10','0','登录成功','2023-03-12 11:30:04'),
(462,'admin','127.0.0.1','内网IP','Chrome 11','Windows 10','0','登录成功','2023-03-12 11:31:09'),
(463,'admin','127.0.0.1','内网IP','Chrome 11','Windows 10','0','登录成功','2023-03-12 11:33:01'),
(464,'admin','127.0.0.1','内网IP','Chrome 11','Windows 10','0','登录成功','2023-03-12 11:34:49'),
(465,'admin','127.0.0.1','内网IP','Chrome 11','Windows 10','0','登录成功','2023-03-12 11:38:37'),
(466,'admin','127.0.0.1','内网IP','Chrome 11','Windows 10','0','登录成功','2023-03-12 11:40:04'),
(467,'admin','127.0.0.1','内网IP','Chrome 11','Windows 10','0','登录成功','2023-03-12 11:41:08'),
(468,'admin','127.0.0.1','内网IP','Chrome 11','Windows 10','0','登录成功','2023-03-12 11:43:58'),
(469,'admin','127.0.0.1','内网IP','Chrome 11','Windows 10','0','登录成功','2023-03-12 11:46:34'),
(470,'admin','127.0.0.1','内网IP','Chrome 11','Windows 10','0','登录成功','2023-03-12 11:48:53'),
(471,'admin','127.0.0.1','内网IP','Chrome 11','Windows 10','0','登录成功','2023-03-12 11:49:55'),
(472,'admin','127.0.0.1','内网IP','Chrome 11','Windows 10','0','登录成功','2023-03-12 11:50:39'),
(473,'admin','127.0.0.1','内网IP','Chrome 11','Windows 10','0','登录成功','2023-03-12 11:51:26'),
(474,'admin','127.0.0.1','内网IP','Chrome 11','Windows 10','0','登录成功','2023-03-12 11:53:36'),
(475,'admin','127.0.0.1','内网IP','Chrome 11','Windows 10','0','登录成功','2023-03-12 11:58:20'),
(476,'admin','127.0.0.1','内网IP','Chrome 11','Windows 10','0','登录成功','2023-03-12 12:01:47'),
(477,'admin','127.0.0.1','内网IP','Chrome 11','Windows 10','0','登录成功','2023-03-12 12:03:37'),
(478,'admin','127.0.0.1','内网IP','Chrome 11','Windows 10','0','登录成功','2023-03-12 12:06:20'),
(479,'admin','127.0.0.1','内网IP','Chrome 11','Windows 10','0','登录成功','2023-03-12 12:07:01'),
(480,'admin','127.0.0.1','内网IP','Chrome 11','Windows 10','0','登录成功','2023-03-12 12:08:12'),
(481,'admin','127.0.0.1','内网IP','Chrome 11','Windows 10','0','登录成功','2023-03-12 12:11:38'),
(482,'admin','127.0.0.1','内网IP','Chrome 11','Windows 10','0','登录成功','2023-03-12 12:15:22'),
(483,'admin','127.0.0.1','内网IP','Chrome 11','Windows 10','0','登录成功','2023-03-12 12:17:56'),
(484,'admin','127.0.0.1','内网IP','Chrome 11','Windows 10','0','登录成功','2023-03-12 12:18:36'),
(485,'admin','127.0.0.1','内网IP','Chrome 11','Windows 10','0','登录成功','2023-03-12 12:19:16'),
(486,'admin','127.0.0.1','内网IP','Chrome 11','Windows 10','0','登录成功','2023-03-12 12:19:57'),
(487,'admin','127.0.0.1','内网IP','Chrome 11','Windows 10','0','登录成功','2023-03-12 12:29:16'),
(488,'admin','127.0.0.1','内网IP','Chrome 11','Windows 10','0','登录成功','2023-03-12 12:31:41'),
(489,'admin','127.0.0.1','内网IP','Chrome 11','Windows 10','0','登录成功','2023-03-12 12:41:48'),
(490,'admin','127.0.0.1','内网IP','Chrome 11','Windows 10','0','登录成功','2023-03-12 12:42:32'),
(491,'admin','127.0.0.1','内网IP','Chrome 11','Windows 10','0','登录成功','2023-03-12 12:46:47'),
(492,'admin','127.0.0.1','内网IP','Chrome 11','Windows 10','0','登录成功','2023-03-12 12:47:25'),
(493,'admin','127.0.0.1','内网IP','Chrome 11','Windows 10','0','登录成功','2023-03-12 12:48:34'),
(494,'admin','127.0.0.1','内网IP','Chrome 11','Windows 10','0','登录成功','2023-03-12 12:51:39'),
(495,'admin','127.0.0.1','内网IP','Chrome 11','Windows 10','0','登录成功','2023-03-12 12:52:10'),
(496,'admin','127.0.0.1','内网IP','Chrome 11','Windows 10','0','登录成功','2023-03-12 12:53:02'),
(497,'admin','127.0.0.1','内网IP','Chrome 11','Windows 10','0','登录成功','2023-03-12 12:55:45'),
(498,'admin','127.0.0.1','内网IP','Chrome 11','Windows 10','0','登录成功','2023-03-12 13:06:56'),
(499,'admin','127.0.0.1','内网IP','Chrome 11','Windows 10','0','登录成功','2023-03-12 13:09:13'),
(500,'admin','127.0.0.1','内网IP','Chrome 11','Windows 10','0','登录成功','2023-03-12 13:10:19'),
(501,'admin','127.0.0.1','内网IP','Chrome 11','Windows 10','0','登录成功','2023-03-12 13:10:57'),
(502,'admin','127.0.0.1','内网IP','Chrome 11','Windows 10','0','登录成功','2023-03-12 13:18:39'),
(503,'admin','127.0.0.1','内网IP','Chrome 11','Windows 10','0','登录成功','2023-03-12 13:19:45'),
(504,'admin','127.0.0.1','内网IP','Chrome 11','Windows 10','0','登录成功','2023-03-12 13:25:10'),
(505,'admin','127.0.0.1','内网IP','Chrome 11','Windows 10','0','登录成功','2023-03-12 13:27:19'),
(506,'admin','127.0.0.1','内网IP','Chrome 11','Windows 10','0','登录成功','2023-03-12 13:28:46'),
(507,'admin','127.0.0.1','内网IP','Chrome 11','Windows 10','0','登录成功','2023-03-12 13:30:59'),
(508,'admin','127.0.0.1','内网IP','Chrome 11','Windows 10','0','登录成功','2023-03-12 13:39:28'),
(509,'admin','127.0.0.1','内网IP','Chrome 11','Windows 10','0','登录成功','2023-03-12 13:40:41'),
(510,'admin','127.0.0.1','内网IP','Chrome 11','Windows 10','0','登录成功','2023-03-12 13:44:51'),
(511,'admin','127.0.0.1','内网IP','Chrome 11','Windows 10','0','登录成功','2023-03-12 13:46:48'),
(512,'admin','127.0.0.1','内网IP','Chrome 11','Windows 10','0','登录成功','2023-03-12 13:52:52'),
(513,'admin','127.0.0.1','内网IP','Chrome 11','Windows 10','0','登录成功','2023-03-12 13:56:14'),
(514,'admin','127.0.0.1','内网IP','Chrome 11','Windows 10','0','登录成功','2023-03-12 14:01:07'),
(515,'admin','127.0.0.1','内网IP','Chrome 11','Windows 10','0','登录成功','2023-03-12 14:03:40'),
(516,'admin','127.0.0.1','内网IP','Chrome 11','Windows 10','0','登录成功','2023-03-12 14:05:43'),
(517,'admin','127.0.0.1','内网IP','Chrome 11','Windows 10','0','登录成功','2023-03-12 14:09:06'),
(518,'admin','127.0.0.1','内网IP','Chrome 11','Windows 10','0','登录成功','2023-03-12 14:11:22'),
(519,'admin','127.0.0.1','内网IP','Chrome 11','Windows 10','0','登录成功','2023-03-12 14:16:17'),
(520,'admin','127.0.0.1','内网IP','Chrome 11','Windows 10','0','登录成功','2023-03-12 14:19:00'),
(521,'admin','127.0.0.1','内网IP','Chrome 11','Windows 10','0','登录成功','2023-03-12 14:21:26'),
(522,'admin','127.0.0.1','内网IP','Chrome 11','Windows 10','0','登录成功','2023-03-12 14:23:06'),
(523,'admin','127.0.0.1','内网IP','Chrome 11','Windows 10','0','登录成功','2023-03-12 14:24:40'),
(524,'admin','127.0.0.1','内网IP','Chrome 11','Windows 10','0','登录成功','2023-03-12 14:27:17'),
(525,'admin','127.0.0.1','内网IP','Chrome 11','Windows 10','0','登录成功','2023-03-12 14:28:35'),
(526,'admin','127.0.0.1','内网IP','Chrome 11','Windows 10','0','登录成功','2023-03-12 14:36:29'),
(527,'admin','127.0.0.1','内网IP','Chrome 11','Windows 10','0','登录成功','2023-03-12 14:40:31'),
(528,'admin','127.0.0.1','内网IP','Chrome 11','Windows 10','0','登录成功','2023-03-12 14:40:52'),
(529,'admin','127.0.0.1','内网IP','Chrome 11','Windows 10','0','登录成功','2023-03-12 14:43:02'),
(530,'admin','127.0.0.1','内网IP','Chrome 11','Windows 10','0','登录成功','2023-03-12 14:44:50'),
(531,'admin','127.0.0.1','内网IP','Chrome 11','Windows 10','0','登录成功','2023-03-12 14:46:10'),
(532,'admin','127.0.0.1','内网IP','Chrome 11','Windows 10','0','登录成功','2023-03-12 14:48:18'),
(533,'admin','127.0.0.1','内网IP','Chrome 11','Windows 10','0','登录成功','2023-03-12 14:50:20'),
(534,'admin','127.0.0.1','内网IP','Chrome 11','Windows 10','0','登录成功','2023-03-12 15:02:26'),
(535,'admin','127.0.0.1','内网IP','Chrome 11','Windows 10','0','登录成功','2023-03-12 15:04:47'),
(536,'admin','127.0.0.1','内网IP','Chrome 11','Windows 10','0','登录成功','2023-03-12 15:05:59'),
(537,'admin','127.0.0.1','内网IP','Chrome 11','Windows 10','0','登录成功','2023-03-12 15:07:33'),
(538,'admin','127.0.0.1','内网IP','Chrome 11','Windows 10','0','登录成功','2023-03-12 15:09:56'),
(539,'admin','127.0.0.1','内网IP','Chrome 11','Windows 10','0','登录成功','2023-03-12 15:21:07'),
(540,'admin','127.0.0.1','内网IP','Chrome 11','Windows 10','0','登录成功','2023-03-12 15:21:40'),
(541,'admin','127.0.0.1','内网IP','Chrome 11','Windows 10','0','登录成功','2023-03-12 15:27:17'),
(542,'admin','127.0.0.1','内网IP','Chrome 11','Windows 10','0','登录成功','2023-03-12 15:34:06'),
(543,'admin','127.0.0.1','内网IP','Chrome 11','Windows 10','0','登录成功','2023-03-12 15:34:55'),
(544,'admin','127.0.0.1','内网IP','Chrome 11','Windows 10','0','登录成功','2023-03-12 15:37:21'),
(545,'admin','127.0.0.1','内网IP','Chrome 11','Windows 10','0','登录成功','2023-03-12 15:54:17'),
(546,'admin','127.0.0.1','内网IP','Chrome 11','Windows 10','0','登录成功','2023-03-12 15:56:37'),
(547,'admin','127.0.0.1','内网IP','Chrome 11','Windows 10','0','登录成功','2023-03-12 15:59:08'),
(548,'admin','127.0.0.1','内网IP','Chrome 11','Windows 10','0','登录成功','2023-03-12 16:00:12'),
(549,'admin','127.0.0.1','内网IP','Chrome 11','Windows 10','0','登录成功','2023-03-12 16:07:12'),
(550,'admin','127.0.0.1','内网IP','Chrome 11','Windows 10','0','登录成功','2023-03-12 16:08:44'),
(551,'admin','127.0.0.1','内网IP','Chrome 11','Windows 10','0','登录成功','2023-03-12 16:12:39'),
(552,'admin','127.0.0.1','内网IP','Chrome 11','Windows 10','0','登录成功','2023-03-12 16:23:39'),
(553,'admin','127.0.0.1','内网IP','Chrome 11','Windows 10','0','登录成功','2023-03-12 16:26:01'),
(554,'admin','127.0.0.1','内网IP','Chrome 11','Windows 10','0','登录成功','2023-03-12 16:37:10'),
(555,'admin','127.0.0.1','内网IP','Chrome 11','Windows 10','0','登录成功','2023-03-12 16:41:32'),
(556,'admin','127.0.0.1','内网IP','Chrome 11','Windows 10','0','登录成功','2023-03-12 16:53:27'),
(557,'admin','127.0.0.1','内网IP','Chrome 11','Windows 10','0','登录成功','2023-03-12 16:55:16'),
(558,'admin','127.0.0.1','内网IP','Chrome 11','Windows 10','0','登录成功','2023-03-12 16:56:19'),
(559,'admin','127.0.0.1','内网IP','Chrome 11','Windows 10','0','登录成功','2023-03-12 16:57:56'),
(560,'admin','127.0.0.1','内网IP','Chrome 11','Windows 10','0','登录成功','2023-03-12 17:01:47'),
(561,'admin','127.0.0.1','内网IP','Chrome 11','Windows 10','0','登录成功','2023-03-12 17:05:44'),
(562,'admin','127.0.0.1','内网IP','Chrome 11','Windows 10','0','登录成功','2023-03-12 17:06:56'),
(563,'admin','127.0.0.1','内网IP','Chrome 11','Windows 10','0','登录成功','2023-03-12 17:07:50'),
(564,'admin','127.0.0.1','内网IP','Chrome 11','Windows 10','0','登录成功','2023-03-12 17:08:48'),
(565,'admin','127.0.0.1','内网IP','Chrome 11','Windows 10','0','登录成功','2023-03-12 17:10:03'),
(566,'admin','127.0.0.1','内网IP','Chrome 11','Windows 10','0','登录成功','2023-03-12 17:11:02'),
(567,'admin','127.0.0.1','内网IP','Chrome 11','Windows 10','0','登录成功','2023-03-12 17:13:59'),
(568,'admin','127.0.0.1','内网IP','Chrome 11','Windows 10','0','登录成功','2023-03-12 17:14:26'),
(569,'admin','127.0.0.1','内网IP','Chrome 11','Windows 10','0','登录成功','2023-03-12 17:15:14'),
(570,'admin','127.0.0.1','内网IP','Chrome 11','Windows 10','0','登录成功','2023-03-12 17:16:52'),
(571,'admin','127.0.0.1','内网IP','Chrome 11','Windows 10','0','登录成功','2023-03-12 17:18:02'),
(572,'admin','127.0.0.1','内网IP','Chrome 11','Windows 10','0','登录成功','2023-03-12 17:18:39'),
(573,'admin','127.0.0.1','内网IP','Chrome 11','Windows 10','0','登录成功','2023-03-12 17:19:25'),
(574,'admin','127.0.0.1','内网IP','Chrome 11','Windows 10','0','登录成功','2023-03-12 17:36:48'),
(575,'admin','127.0.0.1','内网IP','Chrome 11','Windows 10','0','登录成功','2023-03-12 17:38:21'),
(576,'admin','127.0.0.1','内网IP','Chrome 11','Windows 10','0','登录成功','2023-03-12 17:39:30'),
(577,'admin','127.0.0.1','内网IP','Chrome 11','Windows 10','0','登录成功','2023-03-12 17:40:58'),
(578,'admin','127.0.0.1','内网IP','Chrome 11','Windows 10','0','登录成功','2023-03-12 17:44:51'),
(579,'admin','127.0.0.1','内网IP','Chrome 11','Windows 10','0','登录成功','2023-03-12 17:48:42'),
(580,'admin','127.0.0.1','内网IP','Chrome 11','Windows 10','0','登录成功','2023-03-12 17:50:18'),
(581,'admin','127.0.0.1','内网IP','Chrome 11','Windows 10','0','登录成功','2023-03-12 17:52:23'),
(582,'admin','127.0.0.1','内网IP','Chrome 11','Windows 10','0','登录成功','2023-03-12 17:55:21'),
(583,'admin','127.0.0.1','内网IP','Chrome 11','Windows 10','0','登录成功','2023-03-12 17:58:23'),
(584,'admin','127.0.0.1','内网IP','Chrome 11','Windows 10','0','登录成功','2023-03-12 18:00:23'),
(585,'admin','127.0.0.1','内网IP','Chrome 11','Windows 10','0','登录成功','2023-03-12 18:09:31'),
(586,'admin','127.0.0.1','内网IP','Chrome 11','Windows 10','0','登录成功','2023-03-12 18:13:55'),
(587,'admin','127.0.0.1','内网IP','Chrome 11','Windows 10','0','登录成功','2023-03-12 18:16:43'),
(588,'admin','127.0.0.1','内网IP','Chrome 11','Windows 10','0','登录成功','2023-03-12 18:18:17'),
(589,'admin','127.0.0.1','内网IP','Chrome 11','Windows 10','0','登录成功','2023-03-12 18:20:56'),
(590,'admin','127.0.0.1','内网IP','Chrome 11','Windows 10','0','登录成功','2023-03-12 18:22:22'),
(591,'admin','127.0.0.1','内网IP','Chrome 11','Windows 10','0','登录成功','2023-03-12 18:24:47'),
(592,'admin','127.0.0.1','内网IP','Chrome 11','Windows 10','0','登录成功','2023-03-12 18:28:25'),
(593,'admin','127.0.0.1','内网IP','Chrome 11','Windows 10','0','登录成功','2023-03-12 18:31:39'),
(594,'admin','127.0.0.1','内网IP','Chrome 11','Windows 10','0','登录成功','2023-03-12 18:36:54'),
(595,'admin','127.0.0.1','内网IP','Chrome 11','Windows 10','0','登录成功','2023-03-12 18:53:50'),
(596,'admin','127.0.0.1','内网IP','Chrome 11','Windows 10','0','登录成功','2023-03-12 19:00:18'),
(597,'admin','127.0.0.1','内网IP','Chrome 11','Windows 10','0','登录成功','2023-03-12 19:01:00'),
(598,'admin','127.0.0.1','内网IP','Chrome 11','Windows 10','0','登录成功','2023-03-12 19:06:34'),
(599,'admin','127.0.0.1','内网IP','Chrome 11','Windows 10','0','登录成功','2023-03-12 19:09:26'),
(600,'admin','127.0.0.1','内网IP','Chrome 11','Windows 10','0','登录成功','2023-03-12 19:14:08'),
(601,'admin','127.0.0.1','内网IP','Chrome 11','Windows 10','0','登录成功','2023-03-12 19:15:49'),
(602,'admin','127.0.0.1','内网IP','Chrome 11','Windows 10','0','登录成功','2023-03-12 19:18:24'),
(603,'admin','127.0.0.1','内网IP','Chrome 11','Windows 10','0','登录成功','2023-03-12 19:19:43'),
(604,'admin','127.0.0.1','内网IP','Chrome 11','Windows 10','0','登录成功','2023-03-12 19:22:41'),
(605,'admin','127.0.0.1','内网IP','Chrome 11','Windows 10','0','登录成功','2023-03-12 19:24:03'),
(606,'admin','127.0.0.1','内网IP','Chrome 11','Windows 10','0','登录成功','2023-03-12 19:25:11'),
(607,'admin','127.0.0.1','内网IP','Chrome 11','Windows 10','0','登录成功','2023-03-12 19:41:40'),
(608,'admin','127.0.0.1','内网IP','Chrome 11','Windows 10','0','登录成功','2023-03-12 19:58:37'),
(609,'admin','127.0.0.1','内网IP','Chrome 11','Windows 10','0','登录成功','2023-03-12 20:00:09'),
(610,'admin','127.0.0.1','内网IP','Chrome 11','Windows 10','0','登录成功','2023-03-12 20:01:34'),
(611,'admin','127.0.0.1','内网IP','Chrome 11','Windows 10','0','登录成功','2023-03-12 20:02:04'),
(612,'admin','127.0.0.1','内网IP','Chrome 11','Windows 10','0','登录成功','2023-03-12 20:06:00'),
(613,'admin','127.0.0.1','内网IP','Chrome 11','Windows 10','0','登录成功','2023-03-12 20:08:54'),
(614,'admin','127.0.0.1','内网IP','Chrome 11','Windows 10','0','登录成功','2023-03-12 20:10:45'),
(615,'admin','127.0.0.1','内网IP','Chrome 11','Windows 10','0','登录成功','2023-03-12 20:12:41'),
(616,'admin','127.0.0.1','内网IP','Chrome 11','Windows 10','0','登录成功','2023-03-12 20:14:55'),
(617,'admin','127.0.0.1','内网IP','Chrome 11','Windows 10','0','登录成功','2023-03-12 20:19:06'),
(618,'admin','127.0.0.1','内网IP','Chrome 11','Windows 10','0','登录成功','2023-03-12 20:19:48'),
(619,'admin','127.0.0.1','内网IP','Chrome 11','Windows 10','0','登录成功','2023-03-12 20:20:49'),
(620,'admin','127.0.0.1','内网IP','Chrome 11','Windows 10','0','登录成功','2023-03-12 20:21:35'),
(621,'admin','127.0.0.1','内网IP','Chrome 11','Windows 10','0','登录成功','2023-03-12 20:23:04'),
(622,'admin','127.0.0.1','内网IP','Chrome 11','Windows 10','0','登录成功','2023-03-12 20:26:31'),
(623,'admin','127.0.0.1','内网IP','Chrome 11','Windows 10','0','登录成功','2023-03-12 20:28:16'),
(624,'admin','127.0.0.1','内网IP','Chrome 11','Windows 10','0','登录成功','2023-03-12 20:30:07'),
(625,'admin','127.0.0.1','内网IP','Chrome 11','Windows 10','0','登录成功','2023-03-12 20:45:57'),
(626,'admin','127.0.0.1','内网IP','Chrome 11','Windows 10','0','登录成功','2023-03-13 21:30:31'),
(627,'admin','127.0.0.1','内网IP','Chrome 11','Windows 10','0','登录成功','2023-03-13 21:51:17'),
(628,'admin','127.0.0.1','内网IP','Chrome 11','Windows 10','0','登录成功','2023-03-13 21:51:41'),
(629,'admin','127.0.0.1','内网IP','Chrome 11','Windows 10','0','登录成功','2023-03-13 21:52:23'),
(630,'admin','127.0.0.1','内网IP','Chrome 11','Windows 10','0','登录成功','2023-03-13 21:56:55'),
(631,'admin','127.0.0.1','内网IP','Chrome 11','Windows 10','0','登录成功','2023-03-13 21:59:21'),
(632,'admin','127.0.0.1','内网IP','Chrome 11','Windows 10','0','登录成功','2023-03-13 22:02:44'),
(633,'admin','127.0.0.1','内网IP','Chrome 11','Windows 10','0','登录成功','2023-03-13 22:06:16'),
(634,'admin','127.0.0.1','内网IP','Chrome 11','Windows 10','0','登录成功','2023-03-13 22:08:53'),
(635,'admin','127.0.0.1','内网IP','Chrome 11','Windows 10','0','登录成功','2023-03-13 22:09:18'),
(636,'admin','127.0.0.1','内网IP','Chrome 11','Windows 10','0','登录成功','2023-03-13 22:13:39'),
(637,'admin','127.0.0.1','内网IP','Chrome 11','Windows 10','0','登录成功','2023-03-13 22:17:56'),
(638,'admin','127.0.0.1','内网IP','Chrome 11','Windows 10','0','登录成功','2023-03-13 22:18:39'),
(639,'admin','127.0.0.1','内网IP','Chrome 11','Windows 10','0','登录成功','2023-03-13 22:21:32'),
(640,'admin','127.0.0.1','内网IP','Chrome 11','Windows 10','0','登录成功','2023-03-13 22:26:39'),
(641,'admin','127.0.0.1','内网IP','Chrome 11','Windows 10','0','登录成功','2023-03-13 22:28:25'),
(642,'admin','127.0.0.1','内网IP','Chrome 11','Windows 10','0','登录成功','2023-03-13 22:28:53'),
(643,'admin','127.0.0.1','内网IP','Chrome 11','Windows 10','0','登录成功','2023-03-13 22:30:34'),
(644,'admin','127.0.0.1','内网IP','Chrome 11','Windows 10','0','登录成功','2023-03-13 22:34:18'),
(645,'admin','127.0.0.1','内网IP','Chrome 11','Windows 10','0','登录成功','2023-03-13 22:35:01'),
(646,'admin','127.0.0.1','内网IP','Chrome 11','Windows 10','0','登录成功','2023-03-13 22:35:41'),
(647,'admin','127.0.0.1','内网IP','Chrome 11','Windows 10','0','登录成功','2023-03-13 22:40:03'),
(648,'admin','127.0.0.1','内网IP','Chrome 11','Windows 10','0','登录成功','2023-03-13 22:42:03'),
(649,'admin','127.0.0.1','内网IP','Chrome 11','Windows 10','0','登录成功','2023-03-13 22:45:03'),
(650,'admin','127.0.0.1','内网IP','Chrome 11','Windows 10','0','登录成功','2023-03-13 22:47:28'),
(651,'admin','127.0.0.1','内网IP','Chrome 11','Windows 10','0','登录成功','2023-03-13 22:48:24'),
(652,'admin','127.0.0.1','内网IP','Chrome 11','Windows 10','0','登录成功','2023-03-13 22:49:13'),
(653,'admin','127.0.0.1','内网IP','Chrome 11','Windows 10','0','登录成功','2023-03-13 22:50:11'),
(654,'admin','127.0.0.1','内网IP','Chrome 11','Windows 10','0','登录成功','2023-03-13 22:51:20'),
(655,'admin','127.0.0.1','内网IP','Chrome 11','Windows 10','0','登录成功','2023-03-13 22:53:57'),
(656,'admin','127.0.0.1','内网IP','Chrome 11','Windows 10','0','登录成功','2023-03-13 22:58:49'),
(657,'admin','127.0.0.1','内网IP','Chrome 11','Windows 10','0','登录成功','2023-03-13 23:00:24'),
(658,'admin','127.0.0.1','内网IP','Chrome 11','Windows 10','0','登录成功','2023-03-13 23:01:41'),
(659,'admin','127.0.0.1','内网IP','Chrome 11','Windows 10','0','登录成功','2023-03-13 23:04:15'),
(660,'admin','127.0.0.1','内网IP','Chrome 11','Windows 10','0','登录成功','2023-03-13 23:05:24'),
(661,'admin','127.0.0.1','内网IP','Chrome 11','Windows 10','0','登录成功','2023-03-13 23:07:44'),
(662,'admin','127.0.0.1','内网IP','Chrome 11','Windows 10','0','登录成功','2023-03-13 23:09:29'),
(663,'admin','127.0.0.1','内网IP','Chrome 11','Windows 10','0','登录成功','2023-03-13 23:20:30'),
(664,'admin','127.0.0.1','内网IP','Chrome 11','Windows 10','0','登录成功','2023-03-13 23:24:27'),
(665,'admin','127.0.0.1','内网IP','Chrome 11','Windows 10','0','登录成功','2023-03-13 23:25:39'),
(666,'admin','127.0.0.1','内网IP','Chrome 11','Windows 10','0','登录成功','2023-03-13 23:26:08'),
(667,'admin','127.0.0.1','内网IP','Chrome 11','Windows 10','0','登录成功','2023-03-13 23:28:13'),
(668,'admin','127.0.0.1','内网IP','Chrome 11','Windows 10','0','登录成功','2023-03-13 23:40:18'),
(669,'admin','127.0.0.1','内网IP','Chrome 11','Windows 10','0','登录成功','2023-03-13 23:43:47'),
(670,'admin','127.0.0.1','内网IP','Chrome 11','Windows 10','0','登录成功','2023-03-13 23:51:40'),
(671,'admin','127.0.0.1','内网IP','Chrome 11','Windows 10','0','登录成功','2023-03-13 23:59:31'),
(672,'admin','127.0.0.1','内网IP','Chrome 11','Windows 10','0','登录成功','2023-03-14 00:00:49'),
(673,'admin','127.0.0.1','内网IP','Chrome 11','Windows 10','0','登录成功','2023-03-14 00:02:46'),
(674,'admin','127.0.0.1','内网IP','Chrome 11','Windows 10','0','登录成功','2023-03-14 00:03:56'),
(675,'admin','127.0.0.1','内网IP','Chrome 11','Windows 10','0','登录成功','2023-03-14 00:05:13'),
(676,'admin','127.0.0.1','内网IP','Chrome 11','Windows 10','0','登录成功','2023-03-14 00:06:00'),
(677,'admin','127.0.0.1','内网IP','Chrome 11','Windows 10','0','登录成功','2023-03-14 00:08:46'),
(678,'admin','127.0.0.1','内网IP','Chrome 11','Windows 10','0','登录成功','2023-03-14 00:09:20'),
(679,'admin','127.0.0.1','内网IP','Chrome 11','Windows 10','0','登录成功','2023-03-14 00:10:39'),
(680,'admin','127.0.0.1','内网IP','Chrome 11','Windows 10','0','登录成功','2023-03-14 20:30:30'),
(681,'admin','127.0.0.1','内网IP','Chrome 11','Windows 10','0','登录成功','2023-03-14 20:34:14'),
(682,'admin','127.0.0.1','内网IP','Chrome 11','Windows 10','0','登录成功','2023-03-14 20:43:47'),
(683,'admin','127.0.0.1','内网IP','Chrome 11','Windows 10','0','登录成功','2023-03-14 20:45:42'),
(684,'admin','127.0.0.1','内网IP','Chrome 11','Windows 10','0','登录成功','2023-03-14 20:46:19'),
(685,'admin','127.0.0.1','内网IP','Chrome 11','Windows 10','0','登录成功','2023-03-14 20:47:35'),
(686,'admin','127.0.0.1','内网IP','Chrome 11','Windows 10','0','登录成功','2023-03-14 20:48:19'),
(687,'admin','127.0.0.1','内网IP','Chrome 11','Windows 10','0','登录成功','2023-03-14 21:04:29'),
(688,'admin','127.0.0.1','内网IP','Chrome 11','Windows 10','0','登录成功','2023-03-14 21:16:22'),
(689,'admin','127.0.0.1','内网IP','Chrome 11','Windows 10','0','登录成功','2023-03-14 21:18:18'),
(690,'admin','127.0.0.1','内网IP','Chrome 11','Windows 10','0','登录成功','2023-03-14 21:20:18'),
(691,'admin','127.0.0.1','内网IP','Chrome 11','Windows 10','0','登录成功','2023-03-14 21:26:44'),
(692,'admin','127.0.0.1','内网IP','Chrome 11','Windows 10','0','登录成功','2023-03-14 21:28:28'),
(693,'admin','127.0.0.1','内网IP','Chrome 11','Windows 10','0','登录成功','2023-03-14 21:29:59'),
(694,'admin','127.0.0.1','内网IP','Chrome 11','Windows 10','0','登录成功','2023-03-14 21:32:00'),
(695,'admin','127.0.0.1','内网IP','Chrome 11','Windows 10','0','登录成功','2023-03-14 21:35:10'),
(696,'admin','127.0.0.1','内网IP','Chrome 11','Windows 10','0','登录成功','2023-03-14 21:44:18'),
(697,'admin','127.0.0.1','内网IP','Chrome 11','Windows 10','0','登录成功','2023-03-14 21:45:29'),
(698,'admin','127.0.0.1','内网IP','Chrome 11','Windows 10','0','登录成功','2023-03-14 21:54:17'),
(699,'admin','127.0.0.1','内网IP','Chrome 11','Windows 10','0','登录成功','2023-03-14 22:18:22'),
(700,'admin','127.0.0.1','内网IP','Chrome 11','Windows 10','0','登录成功','2023-03-14 22:19:56'),
(701,'admin','127.0.0.1','内网IP','Chrome 11','Windows 10','0','登录成功','2023-03-14 22:22:01'),
(702,'admin','127.0.0.1','内网IP','Chrome 11','Windows 10','0','登录成功','2023-03-14 22:24:44'),
(703,'admin','127.0.0.1','内网IP','Chrome 11','Windows 10','0','登录成功','2023-03-14 22:33:22'),
(704,'admin','127.0.0.1','内网IP','Chrome 11','Windows 10','0','登录成功','2023-03-14 22:37:04'),
(705,'admin','127.0.0.1','内网IP','Chrome 11','Windows 10','0','登录成功','2023-03-14 22:46:19'),
(706,'admin','127.0.0.1','内网IP','Chrome 11','Windows 10','0','登录成功','2023-03-14 23:00:39'),
(707,'admin','127.0.0.1','内网IP','Chrome 11','Windows 10','0','登录成功','2023-03-14 23:02:39'),
(708,'admin','127.0.0.1','内网IP','Chrome 11','Windows 10','0','登录成功','2023-03-14 23:06:19'),
(709,'admin','127.0.0.1','内网IP','Chrome 11','Windows 10','0','登录成功','2023-03-14 23:30:19'),
(710,'admin','127.0.0.1','内网IP','Chrome 11','Windows 10','0','登录成功','2023-03-14 23:32:27'),
(711,'admin','127.0.0.1','内网IP','Chrome 11','Windows 10','0','登录成功','2023-03-14 23:33:27'),
(712,'admin','127.0.0.1','内网IP','Chrome 11','Windows 10','0','登录成功','2023-03-14 23:34:42'),
(713,'admin','127.0.0.1','内网IP','Chrome 11','Windows 10','0','登录成功','2023-03-14 23:38:36'),
(714,'admin','127.0.0.1','内网IP','Chrome 11','Windows 10','0','登录成功','2023-03-14 23:40:33'),
(715,'admin','127.0.0.1','内网IP','Chrome 11','Windows 10','0','登录成功','2023-03-14 23:42:52'),
(716,'admin','127.0.0.1','内网IP','Chrome 11','Windows 10','0','登录成功','2023-03-14 23:45:19'),
(717,'admin','127.0.0.1','内网IP','Chrome 11','Windows 10','0','登录成功','2023-03-14 23:55:37'),
(718,'admin','127.0.0.1','内网IP','Chrome 11','Windows 10','0','登录成功','2023-03-14 23:57:58'),
(719,'admin','127.0.0.1','内网IP','Chrome 11','Windows 10','0','登录成功','2023-03-14 23:59:09'),
(720,'admin','127.0.0.1','内网IP','Chrome 11','Windows 10','0','登录成功','2023-03-15 00:02:14'),
(721,'admin','127.0.0.1','内网IP','Chrome 11','Windows 10','0','登录成功','2023-03-16 21:55:53'),
(722,'admin','127.0.0.1','内网IP','Chrome 11','Windows 10','0','登录成功','2023-03-16 22:11:22'),
(723,'admin','127.0.0.1','内网IP','Chrome 11','Windows 10','0','登录成功','2023-03-16 22:20:30'),
(724,'admin','127.0.0.1','内网IP','Chrome 11','Windows 10','0','登录成功','2023-03-16 22:21:15'),
(725,'admin','127.0.0.1','内网IP','Chrome 11','Windows 10','0','登录成功','2023-03-16 22:23:00'),
(726,'admin','127.0.0.1','内网IP','Chrome 11','Windows 10','0','登录成功','2023-03-16 22:26:14'),
(727,'admin','127.0.0.1','内网IP','Chrome 11','Windows 10','0','登录成功','2023-03-16 22:31:00'),
(728,'admin','127.0.0.1','内网IP','Chrome 11','Windows 10','0','登录成功','2023-03-16 22:40:12'),
(729,'admin','127.0.0.1','内网IP','Chrome 11','Windows 10','0','登录成功','2023-03-16 22:41:31'),
(730,'admin','127.0.0.1','内网IP','Chrome 11','Windows 10','0','登录成功','2023-03-16 22:44:36'),
(731,'admin','127.0.0.1','内网IP','Chrome 11','Windows 10','0','登录成功','2023-03-16 22:45:22'),
(732,'admin','127.0.0.1','内网IP','Chrome 11','Windows 10','0','登录成功','2023-03-16 22:54:52'),
(733,'admin','127.0.0.1','内网IP','Chrome 11','Windows 10','0','登录成功','2023-03-16 23:09:47'),
(734,'admin','127.0.0.1','内网IP','Chrome 11','Windows 10','0','登录成功','2023-03-16 23:14:12'),
(735,'admin','127.0.0.1','内网IP','Chrome 11','Windows 10','0','登录成功','2023-03-16 23:17:47'),
(736,'admin','127.0.0.1','内网IP','Chrome 11','Windows 10','0','登录成功','2023-03-16 23:21:00'),
(737,'admin','127.0.0.1','内网IP','Chrome 11','Windows 10','0','登录成功','2023-03-16 23:27:42'),
(738,'admin','127.0.0.1','内网IP','Chrome 11','Windows 10','0','登录成功','2023-03-16 23:36:40'),
(739,'admin','127.0.0.1','内网IP','Chrome 11','Windows 10','0','登录成功','2023-03-16 23:43:37'),
(740,'admin','127.0.0.1','内网IP','Chrome 11','Windows 10','0','登录成功','2023-03-16 23:45:44'),
(741,'admin','127.0.0.1','内网IP','Chrome 11','Windows 10','0','登录成功','2023-03-16 23:49:43'),
(742,'admin','127.0.0.1','内网IP','Chrome 11','Windows 10','0','登录成功','2023-03-16 23:50:34'),
(743,'admin','127.0.0.1','内网IP','Chrome 11','Windows 10','0','登录成功','2023-03-16 23:53:27'),
(744,'admin','127.0.0.1','内网IP','Chrome 11','Windows 10','0','登录成功','2023-03-16 23:54:34'),
(745,'admin','127.0.0.1','内网IP','Chrome 11','Windows 10','0','登录成功','2023-03-16 23:56:21'),
(746,'admin','127.0.0.1','内网IP','Chrome 11','Windows 10','0','登录成功','2023-03-16 23:57:32'),
(747,'admin','127.0.0.1','内网IP','Chrome 11','Windows 10','0','登录成功','2023-03-17 20:47:19'),
(748,'admin','127.0.0.1','内网IP','Chrome 11','Windows 10','0','登录成功','2023-03-17 21:03:54'),
(749,'admin','127.0.0.1','内网IP','Chrome 11','Windows 10','0','登录成功','2023-03-17 21:08:48'),
(750,'admin','127.0.0.1','内网IP','Chrome 11','Windows 10','0','登录成功','2023-03-17 21:09:34'),
(751,'admin','127.0.0.1','内网IP','Chrome 11','Windows 10','0','登录成功','2023-03-17 21:22:57'),
(752,'admin','127.0.0.1','内网IP','Chrome 11','Windows 10','0','登录成功','2023-03-17 21:26:43'),
(753,'admin','127.0.0.1','内网IP','Chrome 11','Windows 10','0','登录成功','2023-03-17 21:28:48'),
(754,'admin','127.0.0.1','内网IP','Chrome 11','Windows 10','0','登录成功','2023-03-17 21:32:52'),
(755,'admin','127.0.0.1','内网IP','Chrome 11','Windows 10','0','登录成功','2023-03-17 21:34:23'),
(756,'admin','127.0.0.1','内网IP','Chrome 11','Windows 10','0','登录成功','2023-03-17 21:35:11'),
(757,'admin','127.0.0.1','内网IP','Chrome 11','Windows 10','0','登录成功','2023-03-17 21:36:25'),
(758,'admin','127.0.0.1','内网IP','Chrome 11','Windows 10','0','登录成功','2023-03-17 21:38:49'),
(759,'admin','127.0.0.1','内网IP','Chrome 11','Windows 10','0','登录成功','2023-03-17 21:41:33'),
(760,'admin','127.0.0.1','内网IP','Chrome 11','Windows 10','0','登录成功','2023-03-17 21:43:41'),
(761,'admin','127.0.0.1','内网IP','Chrome 11','Windows 10','0','登录成功','2023-03-17 21:48:04'),
(762,'admin','127.0.0.1','内网IP','Chrome 11','Windows 10','0','登录成功','2023-03-17 21:55:17'),
(763,'admin','127.0.0.1','内网IP','Chrome 11','Windows 10','0','登录成功','2023-03-17 21:57:57'),
(764,'admin','127.0.0.1','内网IP','Chrome 11','Windows 10','0','登录成功','2023-03-17 22:16:17'),
(765,'admin','127.0.0.1','内网IP','Chrome 11','Windows 10','0','登录成功','2023-03-17 22:18:07'),
(766,'admin','127.0.0.1','内网IP','Chrome 11','Windows 10','0','登录成功','2023-03-17 22:19:31'),
(767,'admin','127.0.0.1','内网IP','Chrome 11','Windows 10','0','登录成功','2023-03-17 22:23:32'),
(768,'admin','127.0.0.1','内网IP','Chrome 11','Windows 10','0','登录成功','2023-03-17 22:25:46'),
(769,'admin','127.0.0.1','内网IP','Chrome 11','Windows 10','0','登录成功','2023-03-17 22:27:52'),
(770,'admin','127.0.0.1','内网IP','Chrome 11','Windows 10','0','登录成功','2023-03-17 22:29:36'),
(771,'admin','127.0.0.1','内网IP','Chrome 11','Windows 10','0','登录成功','2023-03-17 22:31:21'),
(772,'admin','127.0.0.1','内网IP','Chrome 11','Windows 10','0','登录成功','2023-03-17 22:32:05'),
(773,'admin','127.0.0.1','内网IP','Chrome 11','Windows 10','0','登录成功','2023-03-17 22:37:21'),
(774,'admin','127.0.0.1','内网IP','Chrome 11','Windows 10','0','登录成功','2023-03-17 22:42:30'),
(775,'admin','127.0.0.1','内网IP','Chrome 11','Windows 10','0','登录成功','2023-03-17 22:44:25'),
(776,'admin','127.0.0.1','内网IP','Chrome 11','Windows 10','0','登录成功','2023-03-17 22:49:40'),
(777,'admin','127.0.0.1','内网IP','Chrome 11','Windows 10','0','登录成功','2023-03-17 22:52:04'),
(778,'admin','127.0.0.1','内网IP','Chrome 11','Windows 10','0','登录成功','2023-03-17 22:56:21'),
(779,'admin','127.0.0.1','内网IP','Chrome 11','Windows 10','0','登录成功','2023-03-17 23:07:29'),
(780,'admin','127.0.0.1','内网IP','Chrome 11','Windows 10','0','登录成功','2023-03-17 23:12:26'),
(781,'admin','127.0.0.1','内网IP','Chrome 11','Windows 10','0','登录成功','2023-03-17 23:20:31'),
(782,'admin','127.0.0.1','内网IP','Chrome 11','Windows 10','0','登录成功','2023-03-17 23:40:02'),
(783,'admin','127.0.0.1','内网IP','Chrome 11','Windows 10','0','登录成功','2023-03-17 23:46:27'),
(784,'admin','127.0.0.1','内网IP','Chrome 11','Windows 10','0','登录成功','2023-03-17 23:48:37'),
(785,'admin','127.0.0.1','内网IP','Chrome 11','Windows 10','0','登录成功','2023-03-17 23:49:54'),
(786,'admin','127.0.0.1','内网IP','Chrome 11','Windows 10','0','登录成功','2023-03-17 23:53:24'),
(787,'admin','127.0.0.1','内网IP','Chrome 11','Windows 10','0','登录成功','2023-03-17 23:55:10'),
(788,'admin','127.0.0.1','内网IP','Chrome 11','Windows 10','0','登录成功','2023-03-17 23:57:52'),
(789,'admin','127.0.0.1','内网IP','Chrome 11','Windows 10','0','登录成功','2023-03-18 10:48:37'),
(790,'admin','127.0.0.1','内网IP','Chrome 11','Windows 10','0','登录成功','2023-03-18 11:56:56'),
(791,'admin','127.0.0.1','内网IP','Chrome 11','Windows 10','0','登录成功','2023-03-18 11:58:02'),
(792,'admin','127.0.0.1','内网IP','Chrome 11','Windows 10','0','登录成功','2023-03-18 12:00:21'),
(793,'admin','127.0.0.1','内网IP','Chrome 11','Windows 10','0','退出成功','2023-03-18 12:01:26'),
(794,'adminsf','127.0.0.1','内网IP','Chrome 11','Windows 10','1','用户不存在/密码错误','2023-03-18 12:02:06'),
(795,'sfgd','127.0.0.1','内网IP','Chrome 11','Windows 10','1','密码输入错误1次','2023-03-18 12:02:19'),
(796,'sfgd','127.0.0.1','内网IP','Chrome 11','Windows 10','1','密码输入错误2次','2023-03-18 12:02:42'),
(797,'sfgd','127.0.0.1','内网IP','Chrome 11','Windows 10','1','密码输入错误3次','2023-03-18 12:03:31'),
(798,'admin','127.0.0.1','内网IP','Chrome 11','Windows 10','0','登录成功','2023-03-18 12:03:53'),
(799,'admin','127.0.0.1','内网IP','Chrome 11','Windows 10','0','退出成功','2023-03-18 12:04:23'),
(800,'sfgd','127.0.0.1','内网IP','Chrome 11','Windows 10','0','登录成功','2023-03-18 12:04:35'),
(801,'sfgd','127.0.0.1','内网IP','Chrome 11','Windows 10','0','退出成功','2023-03-18 12:04:52'),
(802,'admin','127.0.0.1','内网IP','Chrome 11','Windows 10','0','登录成功','2023-03-18 12:04:53'),
(803,'admin','127.0.0.1','内网IP','Chrome 11','Windows 10','0','退出成功','2023-03-18 12:06:36'),
(804,'sfdg','127.0.0.1','内网IP','Chrome 11','Windows 10','1','用户不存在/密码错误','2023-03-18 12:06:46'),
(805,'sfdg','127.0.0.1','内网IP','Chrome 11','Windows 10','1','用户不存在/密码错误','2023-03-18 12:06:50'),
(806,'sfdg','127.0.0.1','内网IP','Chrome 11','Windows 10','1','用户不存在/密码错误','2023-03-18 12:06:54'),
(807,'sfgd','127.0.0.1','内网IP','Chrome 11','Windows 10','0','登录成功','2023-03-18 12:07:10'),
(808,'sfgd','127.0.0.1','内网IP','Chrome 11','Windows 10','1','密码输入错误1次','2023-03-18 12:10:38'),
(809,'sfgd','127.0.0.1','内网IP','Chrome 11','Windows 10','0','登录成功','2023-03-18 12:10:42'),
(810,'sfgd','127.0.0.1','内网IP','Chrome 11','Windows 10','0','退出成功','2023-03-18 12:11:24'),
(811,'baitang','127.0.0.1','内网IP','Chrome 11','Windows 10','1','密码输入错误1次','2023-03-18 12:11:55'),
(812,'baitang','127.0.0.1','内网IP','Chrome 11','Windows 10','1','密码输入错误2次','2023-03-18 12:11:59'),
(813,'baitang','127.0.0.1','内网IP','Chrome 11','Windows 10','1','密码输入错误3次','2023-03-18 12:12:33'),
(814,'admin','127.0.0.1','内网IP','Chrome 11','Windows 10','0','登录成功','2023-03-18 12:12:53'),
(815,'admin','127.0.0.1','内网IP','Chrome 11','Windows 10','0','登录成功','2023-03-18 12:15:07'),
(816,'admin','127.0.0.1','内网IP','Chrome 11','Windows 10','0','登录成功','2023-03-18 12:15:13'),
(817,'admin','127.0.0.1','内网IP','Chrome 11','Windows 10','0','退出成功','2023-03-18 12:15:23'),
(818,'admin','127.0.0.1','内网IP','Chrome 11','Windows 10','0','登录成功','2023-03-18 12:15:27'),
(819,'admin','127.0.0.1','内网IP','Chrome 11','Windows 10','0','退出成功','2023-03-18 12:16:48'),
(820,'yisheng','127.0.0.1','内网IP','Chrome 11','Windows 10','0','登录成功','2023-03-18 12:17:05'),
(821,'yisheng','127.0.0.1','内网IP','Chrome 11','Windows 10','0','退出成功','2023-03-18 12:17:12'),
(822,'admin','127.0.0.1','内网IP','Chrome 11','Windows 10','0','登录成功','2023-03-18 12:17:14'),
(823,'admin','127.0.0.1','内网IP','Chrome 11','Windows 10','0','退出成功','2023-03-18 12:19:04'),
(824,'yisheng','127.0.0.1','内网IP','Chrome 11','Windows 10','0','登录成功','2023-03-18 12:19:17'),
(825,'yisheng','127.0.0.1','内网IP','Chrome 11','Windows 10','0','退出成功','2023-03-18 12:20:12'),
(826,'sfgd','127.0.0.1','内网IP','Chrome 11','Windows 10','0','登录成功','2023-03-18 12:20:28'),
(827,'sfgd','127.0.0.1','内网IP','Chrome 11','Windows 10','0','退出成功','2023-03-18 12:20:52'),
(828,'00000000','127.0.0.1','内网IP','Chrome 11','Windows 10','0','登录成功','2023-03-18 12:21:04'),
(829,'00000000','127.0.0.1','内网IP','Chrome 11','Windows 10','0','退出成功','2023-03-18 12:22:05'),
(830,'admin','127.0.0.1','内网IP','Chrome 11','Windows 10','0','登录成功','2023-03-18 12:22:09'),
(831,'admin','127.0.0.1','内网IP','Chrome 11','Windows 10','0','退出成功','2023-03-18 12:22:39'),
(832,'00000000','127.0.0.1','内网IP','Chrome 11','Windows 10','0','登录成功','2023-03-18 12:22:55'),
(833,'00000000','127.0.0.1','内网IP','Chrome 11','Windows 10','0','退出成功','2023-03-18 12:24:19'),
(834,'admin','127.0.0.1','内网IP','Chrome 11','Windows 10','0','登录成功','2023-03-18 12:24:20'),
(835,'admin','127.0.0.1','内网IP','Chrome 11','Windows 10','0','登录成功','2023-03-18 12:36:41'),
(836,'admin','127.0.0.1','内网IP','Chrome 11','Windows 10','0','登录成功','2023-03-18 12:37:04'),
(837,'admin','127.0.0.1','内网IP','Chrome 11','Windows 10','0','登录成功','2023-03-18 12:37:22'),
(838,'admin','127.0.0.1','内网IP','Chrome 11','Windows 10','0','退出成功','2023-03-18 12:37:44'),
(839,'00000000','127.0.0.1','内网IP','Chrome 11','Windows 10','0','登录成功','2023-03-18 12:37:54'),
(840,'00000000','127.0.0.1','内网IP','Chrome 11','Windows 10','0','退出成功','2023-03-18 12:39:16'),
(841,'admin','127.0.0.1','内网IP','Chrome 11','Windows 10','0','登录成功','2023-03-18 12:39:17'),
(842,'admin','127.0.0.1','内网IP','Chrome 11','Windows 10','0','退出成功','2023-03-18 12:39:40'),
(843,'00000000','127.0.0.1','内网IP','Chrome 11','Windows 10','0','登录成功','2023-03-18 12:39:44'),
(844,'000000','127.0.0.1','内网IP','Chrome 11','Windows 10','1','用户不存在/密码错误','2023-03-18 12:49:01'),
(845,'00000000','127.0.0.1','内网IP','Chrome 11','Windows 10','0','登录成功','2023-03-18 12:49:11'),
(846,'admin','127.0.0.1','内网IP','Chrome 11','Windows 10','0','登录成功','2023-03-18 12:58:28'),
(847,'admin','127.0.0.1','内网IP','Chrome 11','Windows 10','0','退出成功','2023-03-18 12:58:32'),
(848,'yisheng','127.0.0.1','内网IP','Chrome 11','Windows 10','0','登录成功','2023-03-18 12:58:38'),
(849,'yisheng','127.0.0.1','内网IP','Chrome 11','Windows 10','0','登录成功','2023-03-18 13:03:37'),
(850,'yisheng','127.0.0.1','内网IP','Chrome 11','Windows 10','0','登录成功','2023-03-18 13:09:23'),
(851,'yisheng','127.0.0.1','内网IP','Chrome 11','Windows 10','0','退出成功','2023-03-18 13:09:32'),
(852,'00000000','127.0.0.1','内网IP','Chrome 11','Windows 10','0','登录成功','2023-03-18 13:09:43'),
(853,'00000000','127.0.0.1','内网IP','Chrome 11','Windows 10','0','退出成功','2023-03-18 13:09:49'),
(854,'sfdg','127.0.0.1','内网IP','Chrome 11','Windows 10','1','用户不存在/密码错误','2023-03-18 13:09:55'),
(855,'sfgd','127.0.0.1','内网IP','Chrome 11','Windows 10','0','登录成功','2023-03-18 13:10:07'),
(856,'yisheng','127.0.0.1','内网IP','Chrome 11','Windows 10','0','登录成功','2023-03-18 13:29:30'),
(857,'yisheng','127.0.0.1','内网IP','Chrome 11','Windows 10','0','登录成功','2023-03-18 13:30:05'),
(858,'yisheng','127.0.0.1','内网IP','Chrome 11','Windows 10','0','登录成功','2023-03-18 13:31:32'),
(859,'admin','127.0.0.1','内网IP','Chrome 11','Windows 10','0','登录成功','2023-03-18 15:25:59'),
(860,'admin','127.0.0.1','内网IP','Chrome 11','Windows 10','0','登录成功','2023-03-18 15:34:57'),
(861,'admin','127.0.0.1','内网IP','Chrome 11','Windows 10','0','登录成功','2023-03-18 16:07:39'),
(862,'admin','127.0.0.1','内网IP','Chrome 11','Windows 10','0','退出成功','2023-03-18 16:10:22'),
(863,'yisheng','127.0.0.1','内网IP','Chrome 11','Windows 10','0','登录成功','2023-03-18 16:10:46'),
(864,'yisheng','127.0.0.1','内网IP','Chrome 11','Windows 10','0','登录成功','2023-03-18 16:11:35'),
(865,'yisheng','127.0.0.1','内网IP','Chrome 11','Windows 10','0','退出成功','2023-03-18 16:11:48'),
(866,'00000000','127.0.0.1','内网IP','Chrome 11','Windows 10','0','登录成功','2023-03-18 16:12:18'),
(867,'yisheng','127.0.0.1','内网IP','Chrome 11','Windows 10','0','登录成功','2023-03-18 16:14:34'),
(868,'yisheng','127.0.0.1','内网IP','Chrome 11','Windows 10','0','退出成功','2023-03-18 16:14:39'),
(869,'yisheng','127.0.0.1','内网IP','Chrome 11','Windows 10','0','登录成功','2023-03-18 16:14:48'),
(870,'yisheng','127.0.0.1','内网IP','Chrome 11','Windows 10','0','退出成功','2023-03-18 16:14:52'),
(871,'00000000','127.0.0.1','内网IP','Chrome 11','Windows 10','0','登录成功','2023-03-18 16:14:58'),
(872,'00000000','127.0.0.1','内网IP','Chrome 11','Windows 10','0','退出成功','2023-03-18 16:15:48'),
(873,'hs','127.0.0.1','内网IP','Chrome 11','Windows 10','1','密码输入错误1次','2023-03-18 16:16:02'),
(874,'admin','127.0.0.1','内网IP','Chrome 11','Windows 10','0','登录成功','2023-03-18 16:16:09'),
(875,'admin','127.0.0.1','内网IP','Chrome 11','Windows 10','0','退出成功','2023-03-18 16:16:37'),
(876,'hs','127.0.0.1','内网IP','Chrome 11','Windows 10','1','密码输入错误2次','2023-03-18 16:16:41'),
(877,'hs','127.0.0.1','内网IP','Chrome 11','Windows 10','0','登录成功','2023-03-18 16:16:47'),
(878,'hs','127.0.0.1','内网IP','Chrome 11','Windows 10','0','退出成功','2023-03-18 16:17:13'),
(879,'hs','127.0.0.1','内网IP','Chrome 11','Windows 10','0','登录成功','2023-03-18 16:17:15'),
(880,'hs','127.0.0.1','内网IP','Chrome 11','Windows 10','0','登录成功','2023-03-18 16:19:35'),
(881,'hs','127.0.0.1','内网IP','Chrome 11','Windows 10','0','登录成功','2023-03-18 16:21:58'),
(882,'yisheng','127.0.0.1','内网IP','Chrome 11','Windows 10','0','登录成功','2023-03-18 16:23:20'),
(883,'yisheng','127.0.0.1','内网IP','Chrome 11','Windows 10','0','登录成功','2023-03-18 16:30:16'),
(884,'yisheng','127.0.0.1','内网IP','Chrome 11','Windows 10','0','登录成功','2023-03-18 16:30:52'),
(885,'yisheng','127.0.0.1','内网IP','Chrome 11','Windows 10','0','退出成功','2023-03-18 16:31:25'),
(886,'00000000','127.0.0.1','内网IP','Chrome 11','Windows 10','0','登录成功','2023-03-18 16:31:33'),
(887,'00000000','127.0.0.1','内网IP','Chrome 11','Windows 10','0','退出成功','2023-03-18 16:32:21'),
(888,'hs','127.0.0.1','内网IP','Chrome 11','Windows 10','0','登录成功','2023-03-18 16:32:24'),
(889,'hs','127.0.0.1','内网IP','Chrome 11','Windows 10','0','退出成功','2023-03-18 16:32:35'),
(890,'yisheng','127.0.0.1','内网IP','Chrome 11','Windows 10','0','登录成功','2023-03-18 16:32:38'),
(891,'yisheng','127.0.0.1','内网IP','Chrome 11','Windows 10','0','退出成功','2023-03-18 16:32:53'),
(892,'hs','127.0.0.1','内网IP','Chrome 11','Windows 10','0','登录成功','2023-03-18 16:32:56'),
(893,'hs','127.0.0.1','内网IP','Chrome 11','Windows 10','0','退出成功','2023-03-18 16:33:32'),
(894,'yisheng','127.0.0.1','内网IP','Chrome 11','Windows 10','0','登录成功','2023-03-18 16:33:36'),
(895,'yisheng','127.0.0.1','内网IP','Chrome 11','Windows 10','0','登录成功','2023-03-18 16:54:51'),
(896,'yisheng','127.0.0.1','内网IP','Chrome 11','Windows 10','0','登录成功','2023-03-18 17:03:30'),
(897,'yisheng','127.0.0.1','内网IP','Chrome 11','Windows 10','0','登录成功','2023-03-18 17:04:03'),
(898,'yisheng','127.0.0.1','内网IP','Chrome 11','Windows 10','0','登录成功','2023-03-18 17:05:27'),
(899,'yisheng','127.0.0.1','内网IP','Chrome 11','Windows 10','0','登录成功','2023-03-18 17:06:52'),
(900,'yisheng','127.0.0.1','内网IP','Chrome 11','Windows 10','0','登录成功','2023-03-18 17:07:31'),
(901,'yisheng','127.0.0.1','内网IP','Chrome 11','Windows 10','0','登录成功','2023-03-18 17:12:38'),
(902,'yisheng','127.0.0.1','内网IP','Chrome 11','Windows 10','0','登录成功','2023-03-18 17:14:17'),
(903,'yisheng','127.0.0.1','内网IP','Chrome 11','Windows 10','0','登录成功','2023-03-18 17:17:11'),
(904,'yisheng','127.0.0.1','内网IP','Chrome 11','Windows 10','0','登录成功','2023-03-18 17:21:07'),
(905,'yisheng','127.0.0.1','内网IP','Chrome 11','Windows 10','0','登录成功','2023-03-18 17:21:39'),
(906,'yisheng','127.0.0.1','内网IP','Chrome 11','Windows 10','0','登录成功','2023-03-19 13:56:42'),
(907,'yisheng','127.0.0.1','内网IP','Chrome 11','Windows 10','0','登录成功','2023-03-19 14:03:23'),
(908,'yisheng','127.0.0.1','内网IP','Chrome 11','Windows 10','0','登录成功','2023-03-19 14:03:58'),
(909,'yisheng','127.0.0.1','内网IP','Chrome 11','Windows 10','0','登录成功','2023-03-19 14:07:42'),
(910,'yisheng','127.0.0.1','内网IP','Chrome 11','Windows 10','0','登录成功','2023-03-19 14:08:51'),
(911,'yisheng','127.0.0.1','内网IP','Chrome 11','Windows 10','0','登录成功','2023-03-19 14:11:38'),
(912,'yisheng','127.0.0.1','内网IP','Chrome 11','Windows 10','0','登录成功','2023-03-19 14:12:21'),
(913,'yisheng','127.0.0.1','内网IP','Chrome 11','Windows 10','0','登录成功','2023-03-19 14:12:49'),
(914,'yisheng','127.0.0.1','内网IP','Chrome 11','Windows 10','0','登录成功','2023-03-19 14:15:19'),
(915,'yisheng','127.0.0.1','内网IP','Chrome 11','Windows 10','0','登录成功','2023-03-19 14:18:53'),
(916,'yisheng','127.0.0.1','内网IP','Chrome 11','Windows 10','0','登录成功','2023-03-19 14:26:50'),
(917,'yisheng','127.0.0.1','内网IP','Chrome 11','Windows 10','0','登录成功','2023-03-19 14:27:23'),
(918,'yisheng','127.0.0.1','内网IP','Chrome 11','Windows 10','0','登录成功','2023-03-19 14:30:16'),
(919,'yisheng','127.0.0.1','内网IP','Chrome 11','Windows 10','0','登录成功','2023-03-19 14:34:54'),
(920,'yisheng','127.0.0.1','内网IP','Chrome 11','Windows 10','0','登录成功','2023-03-19 14:36:18'),
(921,'yisheng','127.0.0.1','内网IP','Chrome 11','Windows 10','0','登录成功','2023-03-19 14:36:47'),
(922,'yisheng','127.0.0.1','内网IP','Chrome 11','Windows 10','0','登录成功','2023-03-19 14:37:09'),
(923,'yisheng','127.0.0.1','内网IP','Chrome 11','Windows 10','0','登录成功','2023-03-19 14:39:53'),
(924,'yisheng','127.0.0.1','内网IP','Chrome 11','Windows 10','0','登录成功','2023-03-19 14:40:59'),
(925,'yisheng','127.0.0.1','内网IP','Chrome 11','Windows 10','0','登录成功','2023-03-19 14:43:30'),
(926,'yisheng','127.0.0.1','内网IP','Chrome 11','Windows 10','0','登录成功','2023-03-19 14:48:58'),
(927,'yisheng','127.0.0.1','内网IP','Chrome 11','Windows 10','0','登录成功','2023-03-19 14:50:55'),
(928,'yisheng','127.0.0.1','内网IP','Chrome 11','Windows 10','0','登录成功','2023-03-19 14:58:27'),
(929,'yisheng','127.0.0.1','内网IP','Chrome 11','Windows 10','0','登录成功','2023-03-19 14:59:31'),
(930,'yisheng','127.0.0.1','内网IP','Chrome 11','Windows 10','0','登录成功','2023-03-19 15:01:36'),
(931,'yisheng','127.0.0.1','内网IP','Chrome 11','Windows 10','0','退出成功','2023-03-19 15:02:51'),
(932,'admin','127.0.0.1','内网IP','Chrome 11','Windows 10','0','登录成功','2023-03-19 15:02:54'),
(933,'admin','127.0.0.1','内网IP','Chrome 11','Windows 10','0','登录成功','2023-03-19 15:08:50'),
(934,'admin','127.0.0.1','内网IP','Chrome 11','Windows 10','0','登录成功','2023-03-19 15:10:30'),
(935,'admin','127.0.0.1','内网IP','Chrome 11','Windows 10','0','登录成功','2023-03-19 15:16:29'),
(936,'admin','127.0.0.1','内网IP','Chrome 11','Windows 10','0','登录成功','2023-03-19 15:21:04'),
(937,'admin','127.0.0.1','内网IP','Chrome 11','Windows 10','0','登录成功','2023-03-19 15:30:33'),
(938,'admin','127.0.0.1','内网IP','Chrome 11','Windows 10','0','登录成功','2023-03-19 15:31:59'),
(939,'admin','127.0.0.1','内网IP','Chrome 11','Windows 10','0','退出成功','2023-03-19 15:32:02'),
(940,'yisheng','127.0.0.1','内网IP','Chrome 11','Windows 10','0','登录成功','2023-03-19 15:32:05'),
(941,'yisheng','127.0.0.1','内网IP','Chrome 11','Windows 10','0','登录成功','2023-03-20 19:12:33'),
(942,'yisheng','127.0.0.1','内网IP','Chrome 11','Windows 10','0','登录成功','2023-03-20 19:12:45'),
(943,'admin','127.0.0.1','内网IP','Chrome 11','Windows 10','0','登录成功','2023-03-20 21:02:08'),
(944,'admin','127.0.0.1','内网IP','Chrome 11','Windows 10','0','登录成功','2023-03-20 21:35:34'),
(945,'admin','127.0.0.1','内网IP','Chrome 11','Windows 10','0','登录成功','2023-03-22 19:39:04'),
(946,'admin','127.0.0.1','内网IP','Chrome 11','Windows 10','0','登录成功','2023-03-22 19:40:28'),
(947,'admin','127.0.0.1','内网IP','Chrome 11','Windows 10','0','登录成功','2023-03-22 19:44:44'),
(948,'admin','127.0.0.1','内网IP','Chrome 11','Windows 10','0','登录成功','2023-03-22 19:49:25'),
(949,'admin','127.0.0.1','内网IP','Chrome 11','Windows 10','0','登录成功','2023-03-22 19:56:59'),
(950,'admin','127.0.0.1','内网IP','Chrome 11','Windows 10','0','登录成功','2023-03-22 19:58:28'),
(951,'admin','127.0.0.1','内网IP','Chrome 11','Windows 10','0','登录成功','2023-03-22 19:58:59'),
(952,'admin','127.0.0.1','内网IP','Chrome 11','Windows 10','0','登录成功','2023-03-22 20:04:34'),
(953,'admin','127.0.0.1','内网IP','Chrome 11','Windows 10','0','登录成功','2023-03-22 20:07:05'),
(954,'admin','127.0.0.1','内网IP','Chrome 11','Windows 10','0','登录成功','2023-03-22 20:08:16'),
(955,'admin','127.0.0.1','内网IP','Chrome 11','Windows 10','0','登录成功','2023-03-22 20:09:03'),
(956,'admin','127.0.0.1','内网IP','Chrome 11','Windows 10','0','登录成功','2023-03-22 20:09:22'),
(957,'admin','127.0.0.1','内网IP','Chrome 11','Windows 10','0','登录成功','2023-03-22 20:11:10'),
(958,'admin','127.0.0.1','内网IP','Chrome 11','Windows 10','0','登录成功','2023-03-22 20:11:37'),
(959,'admin','127.0.0.1','内网IP','Chrome 11','Windows 10','0','登录成功','2023-03-22 20:14:38'),
(960,'admin','127.0.0.1','内网IP','Chrome 11','Windows 10','0','登录成功','2023-03-22 20:22:13'),
(961,'admin','127.0.0.1','内网IP','Chrome 11','Windows 10','0','登录成功','2023-03-22 20:22:37'),
(962,'admin','127.0.0.1','内网IP','Chrome 11','Windows 10','0','登录成功','2023-03-22 20:32:47'),
(963,'admin','127.0.0.1','内网IP','Chrome 11','Windows 10','0','登录成功','2023-03-22 20:34:16'),
(964,'admin','127.0.0.1','内网IP','Chrome 11','Windows 10','0','登录成功','2023-03-22 20:35:02'),
(965,'admin','127.0.0.1','内网IP','Chrome 11','Windows 10','0','登录成功','2023-03-22 20:35:40'),
(966,'admin','127.0.0.1','内网IP','Chrome 11','Windows 10','0','登录成功','2023-03-22 20:36:15'),
(967,'admin','127.0.0.1','内网IP','Chrome 11','Windows 10','0','登录成功','2023-03-22 20:36:55'),
(968,'admin','127.0.0.1','内网IP','Chrome 11','Windows 10','0','登录成功','2023-03-22 20:39:29'),
(969,'admin','127.0.0.1','内网IP','Chrome 11','Windows 10','0','登录成功','2023-03-22 20:43:08'),
(970,'admin','127.0.0.1','内网IP','Chrome 11','Windows 10','0','登录成功','2023-03-22 20:44:50'),
(971,'admin','127.0.0.1','内网IP','Chrome 11','Windows 10','0','登录成功','2023-03-22 20:48:30'),
(972,'admin','127.0.0.1','内网IP','Chrome 11','Windows 10','0','登录成功','2023-03-22 20:50:07'),
(973,'admin','127.0.0.1','内网IP','Chrome 11','Windows 10','0','登录成功','2023-03-22 20:51:28'),
(974,'admin','127.0.0.1','内网IP','Chrome 11','Windows 10','0','登录成功','2023-03-22 20:51:48'),
(975,'admin','127.0.0.1','内网IP','Chrome 11','Windows 10','0','登录成功','2023-03-22 20:52:09'),
(976,'admin','127.0.0.1','内网IP','Chrome 11','Windows 10','0','登录成功','2023-03-22 20:53:26'),
(977,'admin','127.0.0.1','内网IP','Chrome 11','Windows 10','0','登录成功','2023-03-22 20:54:47'),
(978,'admin','127.0.0.1','内网IP','Chrome 11','Windows 10','0','退出成功','2023-03-22 20:55:33'),
(979,'admin','127.0.0.1','内网IP','Chrome 11','Windows 10','0','登录成功','2023-03-22 21:04:17'),
(980,'admin','127.0.0.1','内网IP','Chrome 11','Windows 10','0','登录成功','2023-03-22 21:07:51'),
(981,'admin','127.0.0.1','内网IP','Chrome 11','Windows 10','0','登录成功','2023-03-22 21:08:23'),
(982,'admin','127.0.0.1','内网IP','Chrome 11','Windows 10','0','登录成功','2023-03-22 21:09:03'),
(983,'admin','127.0.0.1','内网IP','Chrome 11','Windows 10','0','登录成功','2023-03-22 21:10:01'),
(984,'admin','127.0.0.1','内网IP','Chrome 11','Windows 10','0','登录成功','2023-03-22 21:10:57'),
(985,'admin','127.0.0.1','内网IP','Chrome 11','Windows 10','0','登录成功','2023-03-23 19:30:21'),
(986,'admin','127.0.0.1','内网IP','Chrome 11','Windows 10','0','登录成功','2023-03-23 19:33:14'),
(987,'admin','127.0.0.1','内网IP','Chrome 11','Windows 10','0','登录成功','2023-03-23 19:36:05'),
(988,'admin','127.0.0.1','内网IP','Chrome 11','Windows 10','0','登录成功','2023-03-23 19:40:07'),
(989,'admin','127.0.0.1','内网IP','Chrome 11','Windows 10','0','登录成功','2023-03-23 19:41:29'),
(990,'admin','127.0.0.1','内网IP','Chrome 11','Windows 10','0','登录成功','2023-03-23 19:42:22'),
(991,'admin','127.0.0.1','内网IP','Chrome 11','Windows 10','0','登录成功','2023-03-23 19:43:37'),
(992,'admin','127.0.0.1','内网IP','Chrome 11','Windows 10','0','登录成功','2023-03-23 19:48:35'),
(993,'admin','127.0.0.1','内网IP','Chrome 11','Windows 10','0','登录成功','2023-03-23 19:50:20'),
(994,'admin','127.0.0.1','内网IP','Chrome 11','Windows 10','0','登录成功','2023-03-23 19:53:45'),
(995,'admin','127.0.0.1','内网IP','Chrome 11','Windows 10','0','登录成功','2023-03-23 19:55:41'),
(996,'admin','127.0.0.1','内网IP','Chrome 11','Windows 10','0','登录成功','2023-03-23 19:57:33'),
(997,'admin','127.0.0.1','内网IP','Chrome 11','Windows 10','0','登录成功','2023-03-23 19:58:07'),
(998,'admin','127.0.0.1','内网IP','Chrome 11','Windows 10','0','登录成功','2023-03-23 19:58:43'),
(999,'admin','127.0.0.1','内网IP','Chrome 11','Windows 10','0','登录成功','2023-03-23 19:59:13'),
(1000,'admin','127.0.0.1','内网IP','Chrome 11','Windows 10','0','登录成功','2023-03-23 20:00:57'),
(1001,'admin','127.0.0.1','内网IP','Chrome 11','Windows 10','0','登录成功','2023-03-23 20:01:49'),
(1002,'admin','127.0.0.1','内网IP','Chrome 11','Windows 10','0','登录成功','2023-03-23 20:04:30'),
(1003,'admin','127.0.0.1','内网IP','Chrome 11','Windows 10','0','登录成功','2023-03-23 20:05:30'),
(1004,'admin','127.0.0.1','内网IP','Chrome 11','Windows 10','0','登录成功','2023-03-23 20:08:53'),
(1005,'admin','127.0.0.1','内网IP','Chrome 11','Windows 10','0','登录成功','2023-03-23 20:10:27'),
(1006,'admin','127.0.0.1','内网IP','Chrome 11','Windows 10','0','登录成功','2023-03-30 20:57:07'),
(1007,'admin','127.0.0.1','内网IP','Chrome 11','Windows 10','0','登录成功','2023-03-30 21:03:47'),
(1008,'admin','127.0.0.1','内网IP','Chrome 11','Windows 10','0','登录成功','2023-03-30 21:04:58'),
(1009,'admin','127.0.0.1','内网IP','Chrome 11','Windows 10','0','登录成功','2023-03-30 21:09:27'),
(1010,'admin','127.0.0.1','内网IP','Chrome 11','Windows 10','0','登录成功','2023-03-30 21:16:50'),
(1011,'admin','127.0.0.1','内网IP','Chrome 11','Windows 10','0','登录成功','2023-03-30 21:45:27'),
(1012,'admin','127.0.0.1','内网IP','Chrome 11','Windows 10','0','登录成功','2023-03-30 21:48:14'),
(1013,'admin','127.0.0.1','内网IP','Chrome 11','Windows 10','0','登录成功','2023-03-30 21:52:46'),
(1014,'admin','127.0.0.1','内网IP','Chrome 11','Windows 10','0','登录成功','2023-03-30 22:14:33'),
(1015,'admin','127.0.0.1','内网IP','Chrome 11','Windows 10','0','登录成功','2023-03-30 22:15:45'),
(1016,'admin','127.0.0.1','内网IP','Chrome 11','Windows 10','0','登录成功','2023-03-30 22:16:56'),
(1017,'admin','127.0.0.1','内网IP','Chrome 11','Windows 10','0','登录成功','2023-03-30 22:23:01'),
(1018,'admin','127.0.0.1','内网IP','Chrome 11','Windows 10','0','登录成功','2023-03-30 22:26:24'),
(1019,'admin','127.0.0.1','内网IP','Chrome 11','Windows 10','0','登录成功','2023-03-30 22:29:07'),
(1020,'admin','127.0.0.1','内网IP','Chrome 11','Windows 10','0','登录成功','2023-03-30 22:30:41'),
(1021,'admin','127.0.0.1','内网IP','Chrome 11','Windows 10','0','登录成功','2023-03-30 22:34:49'),
(1022,'admin','127.0.0.1','内网IP','Chrome 11','Windows 10','0','登录成功','2023-03-30 22:50:51'),
(1023,'admin','127.0.0.1','内网IP','Chrome 11','Windows 10','0','登录成功','2023-03-30 22:56:25'),
(1024,'admin','127.0.0.1','内网IP','Chrome 11','Windows 10','0','登录成功','2023-04-08 19:34:47'),
(1025,'admin','127.0.0.1','内网IP','Chrome 11','Windows 10','0','登录成功','2023-04-08 19:43:12'),
(1026,'admin','127.0.0.1','内网IP','Chrome 11','Windows 10','0','登录成功','2023-04-08 19:47:44'),
(1027,'admin','127.0.0.1','内网IP','Chrome 11','Windows 10','0','登录成功','2023-04-09 15:03:04'),
(1028,'admin','127.0.0.1','内网IP','Chrome 11','Windows 10','0','登录成功','2023-04-09 15:24:16'),
(1029,'admin','127.0.0.1','内网IP','Chrome 11','Windows 10','0','登录成功','2023-04-09 15:25:17'),
(1030,'admin','127.0.0.1','内网IP','Chrome 11','Windows 10','0','登录成功','2023-04-09 15:27:56'),
(1031,'admin','127.0.0.1','内网IP','Chrome 11','Windows 10','0','登录成功','2023-04-09 15:30:16'),
(1032,'admin','127.0.0.1','内网IP','Chrome 11','Windows 10','0','登录成功','2023-04-09 15:31:24'),
(1033,'admin','127.0.0.1','内网IP','Chrome 11','Windows 10','0','登录成功','2023-04-09 15:34:55'),
(1034,'admin','127.0.0.1','内网IP','Chrome 11','Windows 10','0','登录成功','2023-04-09 15:40:55'),
(1035,'admin','127.0.0.1','内网IP','Chrome 11','Windows 10','0','登录成功','2023-04-09 15:43:28'),
(1036,'admin','127.0.0.1','内网IP','Chrome 11','Windows 10','0','登录成功','2023-04-09 15:44:05'),
(1037,'admin','127.0.0.1','内网IP','Chrome 11','Windows 10','0','登录成功','2023-04-09 15:47:26'),
(1038,'admin','127.0.0.1','内网IP','Chrome 11','Windows 10','0','登录成功','2023-04-09 15:51:21'),
(1039,'admin','127.0.0.1','内网IP','Chrome 11','Windows 10','0','登录成功','2023-04-09 15:59:17'),
(1040,'admin','127.0.0.1','内网IP','Chrome 11','Windows 10','0','登录成功','2023-04-09 15:59:38'),
(1041,'admin','127.0.0.1','内网IP','Chrome 11','Windows 10','0','登录成功','2023-04-09 16:01:30'),
(1042,'admin','127.0.0.1','内网IP','Chrome 11','Windows 10','0','登录成功','2023-04-09 16:04:41'),
(1043,'admin','127.0.0.1','内网IP','Chrome 11','Windows 10','0','登录成功','2023-04-09 16:09:47'),
(1044,'admin','127.0.0.1','内网IP','Chrome 11','Windows 10','0','登录成功','2023-04-09 16:18:37'),
(1045,'admin','127.0.0.1','内网IP','Chrome 11','Windows 10','0','登录成功','2023-04-09 16:20:14'),
(1046,'admin','127.0.0.1','内网IP','Chrome 11','Windows 10','0','登录成功','2023-04-09 16:20:56'),
(1047,'admin','127.0.0.1','内网IP','Chrome 11','Windows 10','0','登录成功','2023-04-09 16:24:34'),
(1048,'admin','127.0.0.1','内网IP','Chrome 11','Windows 10','0','登录成功','2023-04-09 16:30:01'),
(1049,'admin','127.0.0.1','内网IP','Chrome 11','Windows 10','0','登录成功','2023-04-09 16:34:48'),
(1050,'admin','127.0.0.1','内网IP','Chrome 11','Windows 10','0','登录成功','2023-04-09 16:42:10'),
(1051,'admin','127.0.0.1','内网IP','Chrome 11','Windows 10','0','登录成功','2023-04-09 16:47:40'),
(1052,'admin','127.0.0.1','内网IP','Chrome 11','Windows 10','0','登录成功','2023-04-09 16:49:45'),
(1053,'admin','127.0.0.1','内网IP','Chrome 11','Windows 10','0','登录成功','2023-04-09 16:50:36'),
(1054,'admin','127.0.0.1','内网IP','Chrome 11','Windows 10','0','登录成功','2023-04-09 17:32:32'),
(1055,'admin','127.0.0.1','内网IP','Chrome 11','Windows 10','0','登录成功','2023-04-09 17:33:42'),
(1056,'admin','127.0.0.1','内网IP','Chrome 11','Windows 10','0','登录成功','2023-04-27 20:38:55'),
(1057,'admin','127.0.0.1','内网IP','Chrome 11','Windows 10','0','登录成功','2023-04-27 21:20:15'),
(1058,'admin','127.0.0.1','内网IP','Chrome 11','Windows 10','0','登录成功','2023-04-27 21:21:56'),
(1059,'admin','127.0.0.1','内网IP','Chrome 11','Windows 10','0','登录成功','2023-04-27 21:25:06'),
(1060,'admin','127.0.0.1','内网IP','Chrome 11','Windows 10','0','登录成功','2023-04-27 21:26:27'),
(1061,'admin','127.0.0.1','内网IP','Chrome 11','Windows 10','0','登录成功','2023-04-27 21:45:08'),
(1062,'admin','127.0.0.1','内网IP','Chrome 11','Windows 10','0','登录成功','2023-04-27 21:46:23');

/*Table structure for table `sys_menu` */

DROP TABLE IF EXISTS `sys_menu`;

CREATE TABLE `sys_menu` (
  `menu_id` bigint NOT NULL AUTO_INCREMENT COMMENT '菜单ID',
  `menu_name` varchar(50) CHARACTER SET utf8 COLLATE utf8_general_ci NOT NULL COMMENT '菜单名称',
  `parent_id` bigint DEFAULT '0' COMMENT '父菜单ID',
  `order_num` int DEFAULT '0' COMMENT '显示顺序',
  `url` varchar(200) CHARACTER SET utf8 COLLATE utf8_general_ci DEFAULT '#' COMMENT '请求地址',
  `target` varchar(20) CHARACTER SET utf8 COLLATE utf8_general_ci DEFAULT '' COMMENT '打开方式（menuItem页签 menuBlank新窗口）',
  `menu_type` char(1) CHARACTER SET utf8 COLLATE utf8_general_ci DEFAULT '' COMMENT '菜单类型（M目录 C菜单 F按钮）',
  `visible` char(1) CHARACTER SET utf8 COLLATE utf8_general_ci DEFAULT '0' COMMENT '菜单状态（0显示 1隐藏）',
  `is_refresh` char(1) CHARACTER SET utf8 COLLATE utf8_general_ci DEFAULT '1' COMMENT '是否刷新（0刷新 1不刷新）',
  `perms` varchar(100) CHARACTER SET utf8 COLLATE utf8_general_ci DEFAULT NULL COMMENT '权限标识',
  `icon` varchar(100) CHARACTER SET utf8 COLLATE utf8_general_ci DEFAULT '#' COMMENT '菜单图标',
  `create_by` varchar(64) CHARACTER SET utf8 COLLATE utf8_general_ci DEFAULT '' COMMENT '创建者',
  `create_time` datetime DEFAULT NULL COMMENT '创建时间',
  `update_by` varchar(64) CHARACTER SET utf8 COLLATE utf8_general_ci DEFAULT '' COMMENT '更新者',
  `update_time` datetime DEFAULT NULL COMMENT '更新时间',
  `remark` varchar(500) CHARACTER SET utf8 COLLATE utf8_general_ci DEFAULT '' COMMENT '备注',
  PRIMARY KEY (`menu_id`) USING BTREE
) ENGINE=InnoDB AUTO_INCREMENT=1085 DEFAULT CHARSET=utf8mb3 ROW_FORMAT=DYNAMIC COMMENT='菜单权限表';

/*Data for the table `sys_menu` */

insert  into `sys_menu`(`menu_id`,`menu_name`,`parent_id`,`order_num`,`url`,`target`,`menu_type`,`visible`,`is_refresh`,`perms`,`icon`,`create_by`,`create_time`,`update_by`,`update_time`,`remark`) values 
(1,'系统管理',0,1,'#','','M','0','1','','fa fa-gear','admin','2023-02-09 15:14:01','',NULL,'系统管理目录'),
(2,'系统监控',0,2,'#','menuItem','M','0','1','','fa fa-video-camera','admin','2023-02-09 15:14:01','admin','2023-02-26 20:34:09','系统监控目录'),
(3,'系统工具',0,3,'#','menuItem','M','0','1','','fa fa-bars','admin','2023-02-09 15:14:01','admin','2023-03-11 17:11:51','系统工具目录'),
(100,'用户管理',1,1,'/system/user','','C','0','1','system:user:view','fa fa-user-o','admin','2023-02-09 15:14:01','',NULL,'用户管理菜单'),
(101,'角色管理',1,2,'/system/role','','C','0','1','system:role:view','fa fa-user-secret','admin','2023-02-09 15:14:01','',NULL,'角色管理菜单'),
(102,'菜单管理',1,3,'/system/menu','menuItem','C','0','1','system:menu:view','fa fa-th-list','admin','2023-02-09 15:14:01','admin','2023-02-21 15:17:47','菜单管理菜单'),
(103,'部门管理',1,4,'/system/dept','','C','0','1','system:dept:view','fa fa-outdent','admin','2023-02-09 15:14:01','',NULL,'部门管理菜单'),
(104,'岗位管理',1,5,'/system/post','menuItem','C','1','1','system:post:view','fa fa-address-card-o','admin','2023-02-09 15:14:01','admin','2023-02-21 11:34:59','岗位管理菜单'),
(105,'字典管理',1,6,'/system/dict','menuItem','C','0','1','system:dict:view','fa fa-bookmark-o','admin','2023-02-09 15:14:01','admin','2023-03-12 19:33:56','字典管理菜单'),
(106,'参数设置',1,7,'/system/config','menuItem','C','1','1','system:config:view','fa fa-sun-o','admin','2023-02-09 15:14:01','admin','2023-02-21 11:38:42','参数设置菜单'),
(107,'通知公告',1,8,'/system/notice','menuItem','C','1','1','system:notice:view','fa fa-bullhorn','admin','2023-02-09 15:14:01','admin','2023-02-21 11:38:58','通知公告菜单'),
(108,'日志管理',1,9,'#','menuItem','M','1','1','','fa fa-pencil-square-o','admin','2023-02-09 15:14:01','admin','2023-02-21 11:39:14','日志管理菜单'),
(109,'在线用户',2,1,'/monitor/online','','C','0','1','monitor:online:view','fa fa-user-circle','admin','2023-02-09 15:14:01','',NULL,'在线用户菜单'),
(110,'定时任务',2,2,'/monitor/job','','C','0','1','monitor:job:view','fa fa-tasks','admin','2023-02-09 15:14:01','',NULL,'定时任务菜单'),
(111,'数据监控',2,3,'/monitor/data','','C','0','1','monitor:data:view','fa fa-bug','admin','2023-02-09 15:14:01','',NULL,'数据监控菜单'),
(112,'服务监控',2,4,'/monitor/server','','C','0','1','monitor:server:view','fa fa-server','admin','2023-02-09 15:14:01','',NULL,'服务监控菜单'),
(113,'缓存监控',2,5,'/monitor/cache','','C','0','1','monitor:cache:view','fa fa-cube','admin','2023-02-09 15:14:01','',NULL,'缓存监控菜单'),
(114,'表单构建',3,1,'/tool/build','','C','0','1','tool:build:view','fa fa-wpforms','admin','2023-02-09 15:14:01','',NULL,'表单构建菜单'),
(115,'代码生成',3,2,'/tool/gen','menuItem','C','0','1','tool:gen:view','fa fa-code','admin','2023-02-09 15:14:01','admin','2023-03-11 17:11:37','代码生成菜单'),
(116,'系统接口',3,3,'/tool/swagger','','C','0','1','tool:swagger:view','fa fa-gg','admin','2023-02-09 15:14:01','',NULL,'系统接口菜单'),
(500,'操作日志',108,1,'/monitor/operlog','','C','0','1','monitor:operlog:view','fa fa-address-book','admin','2023-02-09 15:14:01','',NULL,'操作日志菜单'),
(501,'登录日志',108,2,'/monitor/logininfor','','C','0','1','monitor:logininfor:view','fa fa-file-image-o','admin','2023-02-09 15:14:01','',NULL,'登录日志菜单'),
(1000,'用户查询',100,1,'#','','F','0','1','system:user:list','#','admin','2023-02-09 15:14:01','',NULL,''),
(1001,'用户新增',100,2,'#','','F','0','1','system:user:add','#','admin','2023-02-09 15:14:01','',NULL,''),
(1002,'用户修改',100,3,'#','','F','0','1','system:user:edit','#','admin','2023-02-09 15:14:01','',NULL,''),
(1003,'用户删除',100,4,'#','','F','0','1','system:user:remove','#','admin','2023-02-09 15:14:01','',NULL,''),
(1004,'用户导出',100,5,'#','','F','0','1','system:user:export','#','admin','2023-02-09 15:14:01','',NULL,''),
(1005,'用户导入',100,6,'#','','F','0','1','system:user:import','#','admin','2023-02-09 15:14:01','',NULL,''),
(1006,'重置密码',100,7,'#','','F','0','1','system:user:resetPwd','#','admin','2023-02-09 15:14:01','',NULL,''),
(1007,'角色查询',101,1,'#','','F','0','1','system:role:list','#','admin','2023-02-09 15:14:01','',NULL,''),
(1008,'角色新增',101,2,'#','','F','0','1','system:role:add','#','admin','2023-02-09 15:14:01','',NULL,''),
(1009,'角色修改',101,3,'#','','F','0','1','system:role:edit','#','admin','2023-02-09 15:14:01','',NULL,''),
(1010,'角色删除',101,4,'#','','F','0','1','system:role:remove','#','admin','2023-02-09 15:14:01','',NULL,''),
(1011,'角色导出',101,5,'#','','F','0','1','system:role:export','#','admin','2023-02-09 15:14:01','',NULL,''),
(1012,'菜单查询',102,1,'#','','F','0','1','system:menu:list','#','admin','2023-02-09 15:14:01','',NULL,''),
(1013,'菜单新增',102,2,'#','','F','0','1','system:menu:add','#','admin','2023-02-09 15:14:01','',NULL,''),
(1014,'菜单修改',102,3,'#','','F','0','1','system:menu:edit','#','admin','2023-02-09 15:14:01','',NULL,''),
(1015,'菜单删除',102,4,'#','','F','0','1','system:menu:remove','#','admin','2023-02-09 15:14:01','',NULL,''),
(1016,'部门查询',103,1,'#','','F','0','1','system:dept:list','#','admin','2023-02-09 15:14:01','',NULL,''),
(1017,'部门新增',103,2,'#','','F','0','1','system:dept:add','#','admin','2023-02-09 15:14:01','',NULL,''),
(1018,'部门修改',103,3,'#','','F','0','1','system:dept:edit','#','admin','2023-02-09 15:14:01','',NULL,''),
(1019,'部门删除',103,4,'#','','F','0','1','system:dept:remove','#','admin','2023-02-09 15:14:01','',NULL,''),
(1020,'岗位查询',104,1,'#','','F','0','1','system:post:list','#','admin','2023-02-09 15:14:01','',NULL,''),
(1021,'岗位新增',104,2,'#','','F','0','1','system:post:add','#','admin','2023-02-09 15:14:01','',NULL,''),
(1022,'岗位修改',104,3,'#','','F','0','1','system:post:edit','#','admin','2023-02-09 15:14:01','',NULL,''),
(1023,'岗位删除',104,4,'#','','F','0','1','system:post:remove','#','admin','2023-02-09 15:14:01','',NULL,''),
(1024,'岗位导出',104,5,'#','','F','0','1','system:post:export','#','admin','2023-02-09 15:14:01','',NULL,''),
(1025,'字典查询',105,1,'#','','F','0','1','system:dict:list','#','admin','2023-02-09 15:14:01','',NULL,''),
(1026,'字典新增',105,2,'#','','F','0','1','system:dict:add','#','admin','2023-02-09 15:14:01','',NULL,''),
(1027,'字典修改',105,3,'#','','F','0','1','system:dict:edit','#','admin','2023-02-09 15:14:01','',NULL,''),
(1028,'字典删除',105,4,'#','','F','0','1','system:dict:remove','#','admin','2023-02-09 15:14:01','',NULL,''),
(1029,'字典导出',105,5,'#','','F','0','1','system:dict:export','#','admin','2023-02-09 15:14:01','',NULL,''),
(1030,'参数查询',106,1,'#','','F','0','1','system:config:list','#','admin','2023-02-09 15:14:01','',NULL,''),
(1031,'参数新增',106,2,'#','','F','0','1','system:config:add','#','admin','2023-02-09 15:14:01','',NULL,''),
(1032,'参数修改',106,3,'#','','F','0','1','system:config:edit','#','admin','2023-02-09 15:14:01','',NULL,''),
(1033,'参数删除',106,4,'#','','F','0','1','system:config:remove','#','admin','2023-02-09 15:14:01','',NULL,''),
(1034,'参数导出',106,5,'#','','F','0','1','system:config:export','#','admin','2023-02-09 15:14:01','',NULL,''),
(1035,'公告查询',107,1,'#','','F','0','1','system:notice:list','#','admin','2023-02-09 15:14:01','',NULL,''),
(1036,'公告新增',107,2,'#','','F','0','1','system:notice:add','#','admin','2023-02-09 15:14:01','',NULL,''),
(1037,'公告修改',107,3,'#','','F','0','1','system:notice:edit','#','admin','2023-02-09 15:14:01','',NULL,''),
(1038,'公告删除',107,4,'#','','F','0','1','system:notice:remove','#','admin','2023-02-09 15:14:01','',NULL,''),
(1039,'操作查询',500,1,'#','','F','0','1','monitor:operlog:list','#','admin','2023-02-09 15:14:01','',NULL,''),
(1040,'操作删除',500,2,'#','','F','0','1','monitor:operlog:remove','#','admin','2023-02-09 15:14:01','',NULL,''),
(1041,'详细信息',500,3,'#','','F','0','1','monitor:operlog:detail','#','admin','2023-02-09 15:14:01','',NULL,''),
(1042,'日志导出',500,4,'#','','F','0','1','monitor:operlog:export','#','admin','2023-02-09 15:14:01','',NULL,''),
(1043,'登录查询',501,1,'#','','F','0','1','monitor:logininfor:list','#','admin','2023-02-09 15:14:01','',NULL,''),
(1044,'登录删除',501,2,'#','','F','0','1','monitor:logininfor:remove','#','admin','2023-02-09 15:14:01','',NULL,''),
(1045,'日志导出',501,3,'#','','F','0','1','monitor:logininfor:export','#','admin','2023-02-09 15:14:01','',NULL,''),
(1046,'账户解锁',501,4,'#','','F','0','1','monitor:logininfor:unlock','#','admin','2023-02-09 15:14:01','',NULL,''),
(1047,'在线查询',109,1,'#','','F','0','1','monitor:online:list','#','admin','2023-02-09 15:14:01','',NULL,''),
(1048,'批量强退',109,2,'#','','F','0','1','monitor:online:batchForceLogout','#','admin','2023-02-09 15:14:01','',NULL,''),
(1049,'单条强退',109,3,'#','','F','0','1','monitor:online:forceLogout','#','admin','2023-02-09 15:14:01','',NULL,''),
(1050,'任务查询',110,1,'#','','F','0','1','monitor:job:list','#','admin','2023-02-09 15:14:01','',NULL,''),
(1051,'任务新增',110,2,'#','','F','0','1','monitor:job:add','#','admin','2023-02-09 15:14:01','',NULL,''),
(1052,'任务修改',110,3,'#','','F','0','1','monitor:job:edit','#','admin','2023-02-09 15:14:01','',NULL,''),
(1053,'任务删除',110,4,'#','','F','0','1','monitor:job:remove','#','admin','2023-02-09 15:14:01','',NULL,''),
(1054,'状态修改',110,5,'#','','F','0','1','monitor:job:changeStatus','#','admin','2023-02-09 15:14:01','',NULL,''),
(1055,'任务详细',110,6,'#','','F','0','1','monitor:job:detail','#','admin','2023-02-09 15:14:01','',NULL,''),
(1056,'任务导出',110,7,'#','','F','0','1','monitor:job:export','#','admin','2023-02-09 15:14:01','',NULL,''),
(1057,'生成查询',115,1,'#','','F','0','1','tool:gen:list','#','admin','2023-02-09 15:14:02','',NULL,''),
(1058,'生成修改',115,2,'#','','F','0','1','tool:gen:edit','#','admin','2023-02-09 15:14:02','',NULL,''),
(1059,'生成删除',115,3,'#','','F','0','1','tool:gen:remove','#','admin','2023-02-09 15:14:02','',NULL,''),
(1060,'预览代码',115,4,'#','','F','0','1','tool:gen:preview','#','admin','2023-02-09 15:14:02','',NULL,''),
(1061,'生成代码',115,5,'#','','F','0','1','tool:gen:code','#','admin','2023-02-09 15:14:02','',NULL,''),
(1062,'药品管理',0,1,'#','menuItem','M','0','1',NULL,'fa fa-plus-square','admin','2023-02-12 17:02:50','',NULL,''),
(1063,'药品列表',1062,1,'/business/drugInfo','menuItem','C','0','0','system:info:view','#','admin','2023-02-12 17:06:02','admin','2023-02-15 14:04:53',''),
(1064,'新增',1063,2,'#','menuItem','F','0','1','system:info:add','#','admin','2023-02-12 17:53:43','admin','2023-02-17 14:52:25',''),
(1065,'修改',1063,2,'#','menuItem','F','0','1','system:info:edit','#','admin','2023-02-12 17:54:03','admin','2023-02-12 17:54:17',''),
(1066,'出库',1063,3,'#','menuItem','F','0','1','system:info:outbound','#','admin','2023-02-12 17:54:33','admin','2023-02-17 14:50:05',''),
(1067,'入库记录',1062,1,'/business/warehouse/manager','menuItem','C','0','1','warehouse:manager:view','#','admin','2023-02-15 13:53:30','admin','2023-02-15 14:04:37',''),
(1068,'出库记录',1062,4,'outbound/record','menuItem','C','0','1','system:record:view','#','admin','2023-02-15 13:55:13','admin','2023-02-16 14:33:16',''),
(1069,'待过期药品',1062,1,'/business/warehouse/manager/expiringSoonDrug','menuItem','C','0','1','warehouse:expiringSoon:view','#','admin','2023-02-15 13:55:56','admin','2023-02-16 14:32:53',''),
(1070,'入库',1067,1,'#','menuItem','F','0','1','warehouse:manager:add','#','admin','2023-02-17 14:46:41','',NULL,''),
(1071,'出库',1067,2,'#','menuItem','F','0','1','warehouse:manager:outbound','#','admin','2023-02-17 14:47:51','admin','2023-02-17 15:27:39',''),
(1072,'查询',1068,1,'#','menuItem','F','0','1','outbound:record:list','#','admin','2023-02-17 14:51:42','',NULL,''),
(1073,'查询',1063,1,'#','menuItem','F','0','1','system:info:list','#','admin','2023-02-17 14:52:16','',NULL,''),
(1074,'查询',1067,1,'#','menuItem','F','0','1','warehouse:manager:list','#','admin','2023-02-17 14:53:20','',NULL,''),
(1075,'查询',1069,1,'#','menuItem','F','0','1','warehouse:manager:expiringSoonList','#','admin','2023-02-17 14:53:56','',NULL,''),
(1076,'出库',1069,2,'#','menuItem','F','0','1','warehouse:expiringSoon:view','#','admin','2023-02-17 15:20:04','',NULL,''),
(1077,'处方管理',0,1,'#','menuItem','M','0','1',NULL,'fa fa-plus-circle','admin','2023-03-11 16:37:15','',NULL,''),
(1078,'处方信息',1077,1,'/system/records','','C','0','1','system:records:view','#','admin','2023-03-11 17:20:04','',NULL,'处方信息菜单'),
(1079,'处方信息查询',1078,1,'#','','F','0','1','system:records:list','#','admin','2023-03-11 17:20:04','',NULL,''),
(1080,'处方信息新增',1078,2,'#','','F','0','1','system:records:add','#','admin','2023-03-11 17:20:04','',NULL,''),
(1081,'处方信息修改',1078,3,'#','','F','0','1','system:records:edit','#','admin','2023-03-11 17:20:04','',NULL,''),
(1082,'处方信息删除',1078,4,'#','','F','0','1','system:records:remove','#','admin','2023-03-11 17:20:04','',NULL,''),
(1083,'处方信息导出',1078,5,'#','','F','0','1','system:records:export','#','admin','2023-03-11 17:20:04','',NULL,''),
(1084,'处方信息详情',1078,6,'#','menuItem','F','0','1','system:records:detail','#','admin','2023-03-17 21:30:56','admin','2023-03-17 21:31:15','');

/*Table structure for table `sys_notice` */

DROP TABLE IF EXISTS `sys_notice`;

CREATE TABLE `sys_notice` (
  `notice_id` int NOT NULL AUTO_INCREMENT COMMENT '公告ID',
  `notice_title` varchar(50) CHARACTER SET utf8 COLLATE utf8_general_ci NOT NULL COMMENT '公告标题',
  `notice_type` char(1) CHARACTER SET utf8 COLLATE utf8_general_ci NOT NULL COMMENT '公告类型（1通知 2公告）',
  `notice_content` varchar(2000) CHARACTER SET utf8 COLLATE utf8_general_ci DEFAULT NULL COMMENT '公告内容',
  `status` char(1) CHARACTER SET utf8 COLLATE utf8_general_ci DEFAULT '0' COMMENT '公告状态（0正常 1关闭）',
  `create_by` varchar(64) CHARACTER SET utf8 COLLATE utf8_general_ci DEFAULT '' COMMENT '创建者',
  `create_time` datetime DEFAULT NULL COMMENT '创建时间',
  `update_by` varchar(64) CHARACTER SET utf8 COLLATE utf8_general_ci DEFAULT '' COMMENT '更新者',
  `update_time` datetime DEFAULT NULL COMMENT '更新时间',
  `remark` varchar(255) CHARACTER SET utf8 COLLATE utf8_general_ci DEFAULT NULL COMMENT '备注',
  PRIMARY KEY (`notice_id`) USING BTREE
) ENGINE=InnoDB AUTO_INCREMENT=3 DEFAULT CHARSET=utf8mb3 ROW_FORMAT=DYNAMIC COMMENT='通知公告表';

/*Data for the table `sys_notice` */

insert  into `sys_notice`(`notice_id`,`notice_title`,`notice_type`,`notice_content`,`status`,`create_by`,`create_time`,`update_by`,`update_time`,`remark`) values 
(1,'温馨提醒：2018-07-01 若依新版本发布啦','2','新版本内容','0','admin','2023-02-09 15:14:02','',NULL,'管理员'),
(2,'维护通知：2018-07-01 若依系统凌晨维护','1','维护内容','0','admin','2023-02-09 15:14:02','',NULL,'管理员');

/*Table structure for table `sys_oper_log` */

DROP TABLE IF EXISTS `sys_oper_log`;

CREATE TABLE `sys_oper_log` (
  `oper_id` bigint NOT NULL AUTO_INCREMENT COMMENT '日志主键',
  `title` varchar(50) CHARACTER SET utf8 COLLATE utf8_general_ci DEFAULT '' COMMENT '模块标题',
  `business_type` int DEFAULT '0' COMMENT '业务类型（0其它 1新增 2修改 3删除）',
  `method` varchar(100) CHARACTER SET utf8 COLLATE utf8_general_ci DEFAULT '' COMMENT '方法名称',
  `request_method` varchar(10) CHARACTER SET utf8 COLLATE utf8_general_ci DEFAULT '' COMMENT '请求方式',
  `operator_type` int DEFAULT '0' COMMENT '操作类别（0其它 1后台用户 2手机端用户）',
  `oper_name` varchar(50) CHARACTER SET utf8 COLLATE utf8_general_ci DEFAULT '' COMMENT '操作人员',
  `dept_name` varchar(50) CHARACTER SET utf8 COLLATE utf8_general_ci DEFAULT '' COMMENT '部门名称',
  `oper_url` varchar(255) CHARACTER SET utf8 COLLATE utf8_general_ci DEFAULT '' COMMENT '请求URL',
  `oper_ip` varchar(128) CHARACTER SET utf8 COLLATE utf8_general_ci DEFAULT '' COMMENT '主机地址',
  `oper_location` varchar(255) CHARACTER SET utf8 COLLATE utf8_general_ci DEFAULT '' COMMENT '操作地点',
  `oper_param` varchar(2000) CHARACTER SET utf8 COLLATE utf8_general_ci DEFAULT '' COMMENT '请求参数',
  `json_result` varchar(2000) CHARACTER SET utf8 COLLATE utf8_general_ci DEFAULT '' COMMENT '返回参数',
  `status` int DEFAULT '0' COMMENT '操作状态（0正常 1异常）',
  `error_msg` varchar(2000) CHARACTER SET utf8 COLLATE utf8_general_ci DEFAULT '' COMMENT '错误消息',
  `oper_time` datetime DEFAULT NULL COMMENT '操作时间',
  PRIMARY KEY (`oper_id`) USING BTREE
) ENGINE=InnoDB AUTO_INCREMENT=451 DEFAULT CHARSET=utf8mb3 ROW_FORMAT=DYNAMIC COMMENT='操作日志记录';

/*Data for the table `sys_oper_log` */

insert  into `sys_oper_log`(`oper_id`,`title`,`business_type`,`method`,`request_method`,`operator_type`,`oper_name`,`dept_name`,`oper_url`,`oper_ip`,`oper_location`,`oper_param`,`json_result`,`status`,`error_msg`,`oper_time`) values 
(100,'菜单管理',3,'com.ruoyi.web.controller.system.SysMenuController.remove()','GET',1,'admin','研发部门','/system/menu/remove/4','127.0.0.1','内网IP','4','{\"msg\":\"菜单已分配,不允许删除\",\"code\":301}',0,NULL,'2023-02-09 15:16:06'),
(101,'角色管理',4,'com.ruoyi.web.controller.system.SysRoleController.cancelAuthUser()','POST',1,'admin','研发部门','/system/role/authUser/cancel','127.0.0.1','内网IP','{\"roleId\":[\"2\"],\"userId\":[\"2\"]}','{\"msg\":\"操作成功\",\"code\":0}',0,NULL,'2023-02-09 15:16:27'),
(102,'角色管理',3,'com.ruoyi.web.controller.system.SysRoleController.remove()','POST',1,'admin','研发部门','/system/role/remove','127.0.0.1','内网IP','{\"ids\":[\"2\"]}','{\"msg\":\"操作成功\",\"code\":0}',0,NULL,'2023-02-09 15:16:31'),
(103,'菜单管理',3,'com.ruoyi.web.controller.system.SysMenuController.remove()','GET',1,'admin','研发部门','/system/menu/remove/4','127.0.0.1','内网IP','4','{\"msg\":\"操作成功\",\"code\":0}',0,NULL,'2023-02-09 15:16:36'),
(104,'代码生成',6,'com.ruoyi.generator.controller.GenController.importTableSave()','POST',1,'admin','研发部门','/tool/gen/importTable','127.0.0.1','内网IP','{\"tables\":[\"t_drug_info\"]}','{\"msg\":\"操作成功\",\"code\":0}',0,NULL,'2023-02-12 16:48:27'),
(105,'代码生成',8,'com.ruoyi.generator.controller.GenController.download()','GET',1,'admin','研发部门','/tool/gen/download/t_drug_info','127.0.0.1','内网IP','\"t_drug_info\"',NULL,0,NULL,'2023-02-12 16:48:49'),
(106,'代码生成',8,'com.ruoyi.generator.controller.GenController.download()','GET',1,'admin','研发部门','/tool/gen/download/t_drug_info','127.0.0.1','内网IP','\"t_drug_info\"',NULL,0,NULL,'2023-02-12 16:48:58'),
(107,'菜单管理',1,'com.ruoyi.web.controller.system.SysMenuController.addSave()','POST',1,'admin','研发部门','/system/menu/add','127.0.0.1','内网IP','{\"parentId\":[\"0\"],\"menuType\":[\"M\"],\"menuName\":[\"药品管理\"],\"url\":[\"\"],\"target\":[\"menuItem\"],\"perms\":[\"\"],\"orderNum\":[\"1\"],\"icon\":[\"fa fa-plus-square\"],\"visible\":[\"0\"],\"isRefresh\":[\"1\"]}','{\"msg\":\"操作成功\",\"code\":0}',0,NULL,'2023-02-12 17:02:50'),
(108,'菜单管理',1,'com.ruoyi.web.controller.system.SysMenuController.addSave()','POST',1,'admin','研发部门','/system/menu/add','127.0.0.1','内网IP','{\"parentId\":[\"1062\"],\"menuType\":[\"C\"],\"menuName\":[\"药品种类\"],\"url\":[\"/business/drugInfo\"],\"target\":[\"menuItem\"],\"perms\":[\"\"],\"orderNum\":[\"1\"],\"icon\":[\"fa fa-star\"],\"visible\":[\"0\"],\"isRefresh\":[\"1\"]}','{\"msg\":\"操作成功\",\"code\":0}',0,NULL,'2023-02-12 17:06:02'),
(109,'菜单管理',2,'com.ruoyi.web.controller.system.SysMenuController.editSave()','POST',1,'admin','研发部门','/system/menu/edit','127.0.0.1','内网IP','{\"menuId\":[\"1063\"],\"parentId\":[\"1062\"],\"menuType\":[\"C\"],\"menuName\":[\"药品种类\"],\"url\":[\"/business/drugInfo\"],\"target\":[\"menuItem\"],\"perms\":[\"\"],\"orderNum\":[\"1\"],\"icon\":[\"\"],\"visible\":[\"0\"],\"isRefresh\":[\"0\"]}','{\"msg\":\"操作成功\",\"code\":0}',0,NULL,'2023-02-12 17:06:25'),
(110,'菜单管理',2,'com.ruoyi.web.controller.system.SysMenuController.editSave()','POST',1,'admin','研发部门','/system/menu/edit','127.0.0.1','内网IP','{\"menuId\":[\"1063\"],\"parentId\":[\"1062\"],\"menuType\":[\"C\"],\"menuName\":[\"药品种类\"],\"url\":[\"/business/drugInfo\"],\"target\":[\"menuItem\"],\"perms\":[\"system:info:list\"],\"orderNum\":[\"1\"],\"icon\":[\"fa fa-star\"],\"visible\":[\"0\"],\"isRefresh\":[\"0\"]}','{\"msg\":\"操作成功\",\"code\":0}',0,NULL,'2023-02-12 17:07:59'),
(111,'药品信息',1,'com.ruoyi.web.controller.business.TDrugInfoController.addSave()','POST',1,'admin','研发部门','/business/drugInfo/add','127.0.0.1','内网IP','{\"drugName\":[\"三九感冒灵冲剂\"],\"drugAlias\":[\"三九\"],\"drugSpecs\":[\"10克/袋\"],\"unitPrice\":[\"25\"],\"retailPrice\":[\"21\"],\"drugCompany\":[\"盒\"],\"manufactor\":[\"华润三九医药股份有限公司\"]}',NULL,1,'\r\n### Error updating database.  Cause: java.sql.SQLException: Field \'id\' doesn\'t have a default value\r\n### The error may exist in file [H:\\smart_hosp\\ruoyi-system\\target\\classes\\mapper\\system\\TDrugInfoMapper.xml]\r\n### The error may involve com.ruoyi.system.mapper.TDrugInfoMapper.insertTDrugInfo-Inline\r\n### The error occurred while setting parameters\r\n### SQL: insert into t_drug_info          ( drug_name,             drug_alias,                                       drug_specs,             unit_price,             retail_price,                          drug_company,             manufactor,             create_time )           values ( ?,             ?,                                       ?,             ?,             ?,                          ?,             ?,             ? )\r\n### Cause: java.sql.SQLException: Field \'id\' doesn\'t have a default value\n; Field \'id\' doesn\'t have a default value; nested exception is java.sql.SQLException: Field \'id\' doesn\'t have a default value','2023-02-12 17:17:21'),
(112,'药品信息',1,'com.ruoyi.web.controller.business.TDrugInfoController.addSave()','POST',1,'admin','研发部门','/business/drugInfo/add','127.0.0.1','内网IP','{\"drugName\":[\"三九感冒灵冲剂\"],\"drugAlias\":[\"三九\"],\"drugSpecs\":[\"10克/袋\"],\"unitPrice\":[\"25\"],\"retailPrice\":[\"21\"],\"drugCompany\":[\"盒\"],\"manufactor\":[\"华润三九医药股份有限公司\"]}','{\"msg\":\"操作成功\",\"code\":0}',0,NULL,'2023-02-12 17:26:30'),
(113,'药品信息',2,'com.ruoyi.web.controller.business.TDrugInfoController.editSave()','POST',1,'admin','研发部门','/business/drugInfo/edit','127.0.0.1','内网IP','{\"id\":[\"75818070ecfc43d5888afdfc818cb96b\"],\"drugName\":[\"三九感冒灵冲剂\"],\"drugAlias\":[\"三九\"],\"drugSpecs\":[\"10克/袋\"],\"unitPrice\":[\"25\"],\"retailPrice\":[\"21\"],\"drugCompany\":[\"盒\"],\"manufactor\":[\"华润三九医药股份有限公司\"]}','{\"msg\":\"操作成功\",\"code\":0}',0,NULL,'2023-02-12 17:36:10'),
(114,'字典类型',1,'com.ruoyi.web.controller.system.SysDictTypeController.addSave()','POST',1,'admin','研发部门','/system/dict/add','127.0.0.1','内网IP','{\"dictName\":[\"药品分类\"],\"dictType\":[\"sys_drug_type\"],\"status\":[\"0\"],\"remark\":[\"\"]}','{\"msg\":\"操作成功\",\"code\":0}',0,NULL,'2023-02-12 17:41:13'),
(115,'字典类型',2,'com.ruoyi.web.controller.system.SysDictTypeController.editSave()','POST',1,'admin','研发部门','/system/dict/edit','127.0.0.1','内网IP','{\"dictId\":[\"11\"],\"dictName\":[\"药品分类\"],\"dictType\":[\"sys_drug_type\"],\"status\":[\"0\"],\"remark\":[\"药品分类\"]}','{\"msg\":\"操作成功\",\"code\":0}',0,NULL,'2023-02-12 17:41:25'),
(116,'字典数据',1,'com.ruoyi.web.controller.system.SysDictDataController.addSave()','POST',1,'admin','研发部门','/system/dict/data/add','127.0.0.1','内网IP','{\"dictLabel\":[\"注射类\"],\"dictValue\":[\"ZSL\"],\"dictType\":[\"sys_drug_type\"],\"cssClass\":[\"\"],\"dictSort\":[\"1\"],\"listClass\":[\"\"],\"isDefault\":[\"Y\"],\"status\":[\"0\"],\"remark\":[\"\"]}','{\"msg\":\"操作成功\",\"code\":0}',0,NULL,'2023-02-12 17:41:57'),
(117,'字典数据',1,'com.ruoyi.web.controller.system.SysDictDataController.addSave()','POST',1,'admin','研发部门','/system/dict/data/add','127.0.0.1','内网IP','{\"dictLabel\":[\"非注射类\"],\"dictValue\":[\"FZSL\"],\"dictType\":[\"sys_drug_type\"],\"cssClass\":[\"\"],\"dictSort\":[\"2\"],\"listClass\":[\"\"],\"isDefault\":[\"Y\"],\"status\":[\"0\"],\"remark\":[\"\"]}','{\"msg\":\"操作成功\",\"code\":0}',0,NULL,'2023-02-12 17:42:22'),
(118,'字典数据',1,'com.ruoyi.web.controller.system.SysDictDataController.addSave()','POST',1,'admin','研发部门','/system/dict/data/add','127.0.0.1','内网IP','{\"dictLabel\":[\"其他\"],\"dictValue\":[\"ZSL\"],\"dictType\":[\"sys_drug_type\"],\"cssClass\":[\"\"],\"dictSort\":[\"3\"],\"listClass\":[\"\"],\"isDefault\":[\"Y\"],\"status\":[\"0\"],\"remark\":[\"\"]}','{\"msg\":\"操作成功\",\"code\":0}',0,NULL,'2023-02-12 17:42:55'),
(119,'字典数据',2,'com.ruoyi.web.controller.system.SysDictDataController.editSave()','POST',1,'admin','研发部门','/system/dict/data/edit','127.0.0.1','内网IP','{\"dictCode\":[\"32\"],\"dictLabel\":[\"其他\"],\"dictValue\":[\"QT\"],\"dictType\":[\"sys_drug_type\"],\"cssClass\":[\"\"],\"dictSort\":[\"3\"],\"listClass\":[\"\"],\"isDefault\":[\"Y\"],\"status\":[\"0\"],\"remark\":[\"\"]}','{\"msg\":\"操作成功\",\"code\":0}',0,NULL,'2023-02-12 17:43:24'),
(120,'药品信息',2,'com.ruoyi.web.controller.business.TDrugInfoController.editSave()','POST',1,'admin','研发部门','/business/drugInfo/edit','127.0.0.1','内网IP','{\"id\":[\"75818070ecfc43d5888afdfc818cb96b\"],\"drugName\":[\"三九感冒灵冲剂\"],\"drugAlias\":[\"三九\"],\"drugType\":[\"QT\"],\"drugSpecs\":[\"10克/袋\"],\"unitPrice\":[\"25\"],\"retailPrice\":[\"21\"],\"drugCompany\":[\"盒\"],\"manufactor\":[\"华润三九医药股份有限公司\"]}','{\"msg\":\"操作成功\",\"code\":0}',0,NULL,'2023-02-12 17:52:01'),
(121,'菜单管理',2,'com.ruoyi.web.controller.system.SysMenuController.editSave()','POST',1,'admin','研发部门','/system/menu/edit','127.0.0.1','内网IP','{\"menuId\":[\"1063\"],\"parentId\":[\"1062\"],\"menuType\":[\"C\"],\"menuName\":[\"药品种类\"],\"url\":[\"/business/drugInfo\"],\"target\":[\"menuItem\"],\"perms\":[\"system:info:list\"],\"orderNum\":[\"1\"],\"icon\":[\"\"],\"visible\":[\"0\"],\"isRefresh\":[\"0\"]}','{\"msg\":\"操作成功\",\"code\":0}',0,NULL,'2023-02-12 17:53:09'),
(122,'菜单管理',1,'com.ruoyi.web.controller.system.SysMenuController.addSave()','POST',1,'admin','研发部门','/system/menu/add','127.0.0.1','内网IP','{\"parentId\":[\"1063\"],\"menuType\":[\"F\"],\"menuName\":[\"新增\"],\"url\":[\"\"],\"target\":[\"menuItem\"],\"perms\":[\"system:info:add\"],\"orderNum\":[\"1\"],\"icon\":[\"\"],\"visible\":[\"0\"],\"isRefresh\":[\"1\"]}','{\"msg\":\"操作成功\",\"code\":0}',0,NULL,'2023-02-12 17:53:43'),
(123,'菜单管理',1,'com.ruoyi.web.controller.system.SysMenuController.addSave()','POST',1,'admin','研发部门','/system/menu/add','127.0.0.1','内网IP','{\"parentId\":[\"1063\"],\"menuType\":[\"F\"],\"menuName\":[\"删除\"],\"url\":[\"\"],\"target\":[\"menuItem\"],\"perms\":[\"system:info:edit\"],\"orderNum\":[\"2\"],\"icon\":[\"\"],\"visible\":[\"0\"],\"isRefresh\":[\"1\"]}','{\"msg\":\"操作成功\",\"code\":0}',0,NULL,'2023-02-12 17:54:03'),
(124,'菜单管理',2,'com.ruoyi.web.controller.system.SysMenuController.editSave()','POST',1,'admin','研发部门','/system/menu/edit','127.0.0.1','内网IP','{\"menuId\":[\"1065\"],\"parentId\":[\"1063\"],\"menuType\":[\"F\"],\"menuName\":[\"修改\"],\"url\":[\"#\"],\"target\":[\"menuItem\"],\"perms\":[\"system:info:edit\"],\"orderNum\":[\"2\"],\"icon\":[\"#\"],\"visible\":[\"0\"],\"isRefresh\":[\"1\"]}','{\"msg\":\"操作成功\",\"code\":0}',0,NULL,'2023-02-12 17:54:17'),
(125,'菜单管理',1,'com.ruoyi.web.controller.system.SysMenuController.addSave()','POST',1,'admin','研发部门','/system/menu/add','127.0.0.1','内网IP','{\"parentId\":[\"1063\"],\"menuType\":[\"F\"],\"menuName\":[\"删除\"],\"url\":[\"\"],\"target\":[\"menuItem\"],\"perms\":[\"system:info:remove\"],\"orderNum\":[\"3\"],\"icon\":[\"\"],\"visible\":[\"0\"],\"isRefresh\":[\"1\"]}','{\"msg\":\"操作成功\",\"code\":0}',0,NULL,'2023-02-12 17:54:33'),
(126,'菜单管理',2,'com.ruoyi.web.controller.system.SysMenuController.editSave()','POST',1,'admin','研发部门','/system/menu/edit','127.0.0.1','内网IP','{\"menuId\":[\"1063\"],\"parentId\":[\"1062\"],\"menuType\":[\"C\"],\"menuName\":[\"药品种类\"],\"url\":[\"/business/drugInfo\"],\"target\":[\"menuItem\"],\"perms\":[\"system:info:list\"],\"orderNum\":[\"1\"],\"icon\":[\"\"],\"visible\":[\"0\"],\"isRefresh\":[\"0\"]}','{\"msg\":\"操作成功\",\"code\":0}',0,NULL,'2023-02-12 17:54:48'),
(127,'代码生成',6,'com.ruoyi.generator.controller.GenController.importTableSave()','POST',1,'admin','研发部门','/tool/gen/importTable','127.0.0.1','内网IP','{\"tables\":[\"t_outbound_record,t_warehouse_manager\"]}','{\"msg\":\"操作成功\",\"code\":0}',0,NULL,'2023-02-14 21:58:04'),
(128,'代码生成',8,'com.ruoyi.generator.controller.GenController.batchGenCode()','GET',1,'admin','研发部门','/tool/gen/batchGenCode','127.0.0.1','内网IP','{\"tables\":[\"t_outbound_record,t_warehouse_manager\"]}',NULL,0,NULL,'2023-02-14 21:58:17'),
(129,'代码生成',8,'com.ruoyi.generator.controller.GenController.download()','GET',1,'admin','研发部门','/tool/gen/download/t_warehouse_manager','127.0.0.1','内网IP','\"t_warehouse_manager\"',NULL,0,NULL,'2023-02-14 21:59:50'),
(130,'代码生成',8,'com.ruoyi.generator.controller.GenController.download()','GET',1,'admin','研发部门','/tool/gen/download/t_outbound_record','127.0.0.1','内网IP','\"t_outbound_record\"',NULL,0,NULL,'2023-02-14 21:59:52'),
(131,'代码生成',8,'com.ruoyi.generator.controller.GenController.download()','GET',1,'admin','研发部门','/tool/gen/download/t_outbound_record','127.0.0.1','内网IP','\"t_outbound_record\"',NULL,0,NULL,'2023-02-14 22:01:20'),
(132,'代码生成',8,'com.ruoyi.generator.controller.GenController.download()','GET',1,'admin','研发部门','/tool/gen/download/t_warehouse_manager','127.0.0.1','内网IP','\"t_warehouse_manager\"',NULL,0,NULL,'2023-02-14 22:01:26'),
(133,'代码生成',8,'com.ruoyi.generator.controller.GenController.batchGenCode()','GET',1,'admin','研发部门','/tool/gen/batchGenCode','127.0.0.1','内网IP','{\"tables\":[\"t_warehouse_manager,t_outbound_record\"]}',NULL,0,NULL,'2023-02-14 22:02:52'),
(134,'代码生成',8,'com.ruoyi.generator.controller.GenController.batchGenCode()','GET',1,'admin','研发部门','/tool/gen/batchGenCode','127.0.0.1','内网IP','{\"tables\":[\"t_warehouse_manager,t_outbound_record\"]}',NULL,0,NULL,'2023-02-14 22:03:00'),
(135,'菜单管理',2,'com.ruoyi.web.controller.system.SysMenuController.editSave()','POST',1,'admin','研发部门','/system/menu/edit','127.0.0.1','内网IP','{\"menuId\":[\"1063\"],\"parentId\":[\"1062\"],\"menuType\":[\"C\"],\"menuName\":[\"药品列表\"],\"url\":[\"/business/drugInfo\"],\"target\":[\"menuItem\"],\"perms\":[\"system:info:list\"],\"orderNum\":[\"1\"],\"icon\":[\"#\"],\"visible\":[\"0\"],\"isRefresh\":[\"0\"]}','{\"msg\":\"操作成功\",\"code\":0}',0,NULL,'2023-02-15 13:53:08'),
(136,'菜单管理',1,'com.ruoyi.web.controller.system.SysMenuController.addSave()','POST',1,'admin','研发部门','/system/menu/add','127.0.0.1','内网IP','{\"parentId\":[\"1062\"],\"menuType\":[\"C\"],\"menuName\":[\"入库记录\"],\"url\":[\"\"],\"target\":[\"menuItem\"],\"perms\":[\"\"],\"orderNum\":[\"1\"],\"icon\":[\"\"],\"visible\":[\"0\"],\"isRefresh\":[\"1\"]}','{\"msg\":\"操作成功\",\"code\":0}',0,NULL,'2023-02-15 13:53:30'),
(137,'菜单管理',2,'com.ruoyi.web.controller.system.SysMenuController.editSave()','POST',1,'admin','研发部门','/system/menu/edit','127.0.0.1','内网IP','{\"menuId\":[\"1067\"],\"parentId\":[\"1062\"],\"menuType\":[\"C\"],\"menuName\":[\"入库记录\"],\"url\":[\"#\"],\"target\":[\"menuItem\"],\"perms\":[\"system:manager:list\"],\"orderNum\":[\"1\"],\"icon\":[\"#\"],\"visible\":[\"0\"],\"isRefresh\":[\"1\"]}','{\"msg\":\"操作成功\",\"code\":0}',0,NULL,'2023-02-15 13:53:57'),
(138,'菜单管理',2,'com.ruoyi.web.controller.system.SysMenuController.editSave()','POST',1,'admin','研发部门','/system/menu/edit','127.0.0.1','内网IP','{\"menuId\":[\"1067\"],\"parentId\":[\"1062\"],\"menuType\":[\"C\"],\"menuName\":[\"入库记录\"],\"url\":[\"/business/warehouse/manager\"],\"target\":[\"menuItem\"],\"perms\":[\"system:manager:list\"],\"orderNum\":[\"1\"],\"icon\":[\"#\"],\"visible\":[\"0\"],\"isRefresh\":[\"1\"]}','{\"msg\":\"操作成功\",\"code\":0}',0,NULL,'2023-02-15 13:54:13'),
(139,'菜单管理',1,'com.ruoyi.web.controller.system.SysMenuController.addSave()','POST',1,'admin','研发部门','/system/menu/add','127.0.0.1','内网IP','{\"parentId\":[\"1062\"],\"menuType\":[\"C\"],\"menuName\":[\"出库记录\"],\"url\":[\"/outbound/record\"],\"target\":[\"menuItem\"],\"perms\":[\"outbound:record:list\"],\"orderNum\":[\"1\"],\"icon\":[\"\"],\"visible\":[\"0\"],\"isRefresh\":[\"1\"]}','{\"msg\":\"操作成功\",\"code\":0}',0,NULL,'2023-02-15 13:55:13'),
(140,'菜单管理',1,'com.ruoyi.web.controller.system.SysMenuController.addSave()','POST',1,'admin','研发部门','/system/menu/add','127.0.0.1','内网IP','{\"parentId\":[\"1062\"],\"menuType\":[\"C\"],\"menuName\":[\"待过期药品\"],\"url\":[\"\"],\"target\":[\"menuItem\"],\"perms\":[\"\"],\"orderNum\":[\"1\"],\"icon\":[\"\"],\"visible\":[\"0\"],\"isRefresh\":[\"1\"]}','{\"msg\":\"操作成功\",\"code\":0}',0,NULL,'2023-02-15 13:55:56'),
(141,'菜单管理',2,'com.ruoyi.web.controller.system.SysMenuController.editSave()','POST',1,'admin','研发部门','/system/menu/edit','127.0.0.1','内网IP','{\"menuId\":[\"1067\"],\"parentId\":[\"1062\"],\"menuType\":[\"C\"],\"menuName\":[\"入库记录\"],\"url\":[\"/business/warehouse/manager\"],\"target\":[\"menuItem\"],\"perms\":[\"warehouse:manager:view\"],\"orderNum\":[\"1\"],\"icon\":[\"#\"],\"visible\":[\"0\"],\"isRefresh\":[\"1\"]}','{\"msg\":\"操作成功\",\"code\":0}',0,NULL,'2023-02-15 14:04:37'),
(142,'菜单管理',2,'com.ruoyi.web.controller.system.SysMenuController.editSave()','POST',1,'admin','研发部门','/system/menu/edit','127.0.0.1','内网IP','{\"menuId\":[\"1063\"],\"parentId\":[\"1062\"],\"menuType\":[\"C\"],\"menuName\":[\"药品列表\"],\"url\":[\"/business/drugInfo\"],\"target\":[\"menuItem\"],\"perms\":[\"system:info:view\"],\"orderNum\":[\"1\"],\"icon\":[\"#\"],\"visible\":[\"0\"],\"isRefresh\":[\"0\"]}','{\"msg\":\"操作成功\",\"code\":0}',0,NULL,'2023-02-15 14:04:54'),
(143,'菜单管理',2,'com.ruoyi.web.controller.system.SysMenuController.editSave()','POST',1,'admin','研发部门','/system/menu/edit','127.0.0.1','内网IP','{\"menuId\":[\"1068\"],\"parentId\":[\"1062\"],\"menuType\":[\"C\"],\"menuName\":[\"出库记录\"],\"url\":[\"/outbound/record\"],\"target\":[\"menuItem\"],\"perms\":[\"outbound:record:view\"],\"orderNum\":[\"1\"],\"icon\":[\"#\"],\"visible\":[\"0\"],\"isRefresh\":[\"1\"]}','{\"msg\":\"操作成功\",\"code\":0}',0,NULL,'2023-02-15 14:09:59'),
(144,'药品信息',1,'com.ruoyi.web.controller.business.TDrugInfoController.addSave()','POST',1,'admin','研发部门','/business/drugInfo/add','127.0.0.1','内网IP','{\"drugName\":[\"12312\"],\"drugAlias\":[\"214\"],\"drugType\":[\"ZSL\"],\"drugSpecs\":[\"14\"],\"unitPrice\":[\"41\"],\"retailPrice\":[\"12\"],\"drugCompany\":[\"1\"],\"manufactor\":[\"124\"]}','{\"msg\":\"操作成功\",\"code\":0}',0,NULL,'2023-02-15 15:33:29'),
(145,'药品信息',1,'com.ruoyi.web.controller.business.TDrugInfoController.addSave()','POST',1,'admin','研发部门','/business/drugInfo/add','127.0.0.1','内网IP','{\"expirationTime\":[\"2023-02-14\"],\"insertNum\":[\"34\"]}',NULL,1,'','2023-02-15 15:53:49'),
(146,'药品信息',1,'com.ruoyi.web.controller.business.TDrugInfoController.addSave()','POST',1,'admin','研发部门','/business/drugInfo/add','127.0.0.1','内网IP','{\"expirationTime\":[\"2023-07-20\"],\"insertNum\":[\"10\"]}',NULL,1,'','2023-02-15 16:16:42'),
(147,'仓库入库记录',1,'com.ruoyi.web.controller.business.TWarehouseManagerController.addSave()','POST',1,'admin','研发部门','/business/warehouse/manager/add','127.0.0.1','内网IP','{\"expirationTime\":[\"2023-03-09\"],\"insertNum\":[\"10\"]}',NULL,1,'药品信息不存在','2023-02-15 16:22:07'),
(148,'仓库入库记录',1,'com.ruoyi.web.controller.business.TWarehouseManagerController.addSave()','POST',1,'admin','研发部门','/business/warehouse/manager/add','127.0.0.1','内网IP','{\"expirationTime\":[\"2023-03-09\"],\"insertNum\":[\"10\"]}',NULL,1,'药品信息不存在','2023-02-15 16:22:38'),
(149,'仓库入库记录',1,'com.ruoyi.web.controller.business.TWarehouseManagerController.addSave()','POST',1,'admin','研发部门','/business/warehouse/manager/add','127.0.0.1','内网IP','{\"drugId\":[\"75818070ecfc43d5888afdfc818cb96b\"],\"expirationTime\":[\"2023-03-11\"],\"insertNum\":[\"10\"]}','{\"msg\":\"操作成功\",\"code\":0}',0,NULL,'2023-02-15 16:23:30'),
(150,'药品信息',2,'com.ruoyi.web.controller.business.TDrugInfoController.editSave()','POST',1,'admin','研发部门','/business/drugInfo/edit','127.0.0.1','内网IP','{\"id\":[\"75818070ecfc43d5888afdfc818cb96b\"],\"drugName\":[\"三九感冒灵冲剂\"],\"drugAlias\":[\"三九\"],\"drugType\":[\"QT\"],\"drugSpecs\":[\"10克/袋\"],\"unitPrice\":[\"25\"],\"retailPrice\":[\"21\"],\"drugCompany\":[\"盒\"],\"manufactor\":[\"华润三九医药股份有限公司\"]}','{\"msg\":\"操作成功\",\"code\":0}',0,NULL,'2023-02-15 16:24:01'),
(151,'药品信息',2,'com.ruoyi.web.controller.business.TDrugInfoController.editSave()','POST',1,'admin','研发部门','/business/drugInfo/edit','127.0.0.1','内网IP','{\"id\":[\"75818070ecfc43d5888afdfc818cb96b\"],\"drugName\":[\"三九感冒灵冲剂\"],\"drugAlias\":[\"三九\"],\"drugType\":[\"QT\"],\"drugSpecs\":[\"10克/袋\"],\"unitPrice\":[\"25\"],\"retailPrice\":[\"21\"],\"drugCompany\":[\"盒\"],\"manufactor\":[\"华润三九医药股份有限公司\"]}','{\"msg\":\"操作成功\",\"code\":0}',0,NULL,'2023-02-15 17:54:44'),
(152,'仓库入库记录',1,'com.ruoyi.web.controller.business.TWarehouseManagerController.addSave()','POST',1,'admin','研发部门','/business/warehouse/manager/add','127.0.0.1','内网IP','{\"drugId\":[\"75818070ecfc43d5888afdfc818cb96b\"],\"expirationTime\":[\"2023-03-09\"],\"insertNum\":[\"2\"]}','{\"msg\":\"操作成功\",\"code\":0}',0,NULL,'2023-02-16 13:53:54'),
(153,'仓库入库记录',1,'com.ruoyi.web.controller.business.TWarehouseManagerController.addSave()','POST',1,'admin','研发部门','/business/warehouse/manager/add','127.0.0.1','内网IP','{\"drugId\":[\"0f6adf4c01d741ff8df8dccbbde6ce79\"],\"expirationTime\":[\"2023-03-11\"],\"insertNum\":[\"10\"]}','{\"msg\":\"操作成功\",\"code\":0}',0,NULL,'2023-02-16 13:56:06'),
(154,'菜单管理',2,'com.ruoyi.web.controller.system.SysMenuController.editSave()','POST',1,'admin','研发部门','/system/menu/edit','127.0.0.1','内网IP','{\"menuId\":[\"1068\"],\"parentId\":[\"1062\"],\"menuType\":[\"C\"],\"menuName\":[\"出库记录\"],\"url\":[\"/business/warehouse/manager/expiringSoonDrug\"],\"target\":[\"menuItem\"],\"perms\":[\"warehouse:expiringSoon:view\"],\"orderNum\":[\"4\"],\"icon\":[\"#\"],\"visible\":[\"0\"],\"isRefresh\":[\"1\"]}','{\"msg\":\"操作成功\",\"code\":0}',0,NULL,'2023-02-16 14:26:45'),
(155,'菜单管理',2,'com.ruoyi.web.controller.system.SysMenuController.editSave()','POST',1,'admin','研发部门','/system/menu/edit','127.0.0.1','内网IP','{\"menuId\":[\"1069\"],\"parentId\":[\"1062\"],\"menuType\":[\"C\"],\"menuName\":[\"待过期药品\"],\"url\":[\"/business/warehouse/manager/expiringSoonDrug\"],\"target\":[\"menuItem\"],\"perms\":[\"\"],\"orderNum\":[\"1\"],\"icon\":[\"#\"],\"visible\":[\"0\"],\"isRefresh\":[\"1\"]}','{\"msg\":\"操作成功\",\"code\":0}',0,NULL,'2023-02-16 14:32:43'),
(156,'菜单管理',2,'com.ruoyi.web.controller.system.SysMenuController.editSave()','POST',1,'admin','研发部门','/system/menu/edit','127.0.0.1','内网IP','{\"menuId\":[\"1069\"],\"parentId\":[\"1062\"],\"menuType\":[\"C\"],\"menuName\":[\"待过期药品\"],\"url\":[\"/business/warehouse/manager/expiringSoonDrug\"],\"target\":[\"menuItem\"],\"perms\":[\"warehouse:expiringSoon:view\"],\"orderNum\":[\"1\"],\"icon\":[\"#\"],\"visible\":[\"0\"],\"isRefresh\":[\"1\"]}','{\"msg\":\"操作成功\",\"code\":0}',0,NULL,'2023-02-16 14:32:53'),
(157,'菜单管理',2,'com.ruoyi.web.controller.system.SysMenuController.editSave()','POST',1,'admin','研发部门','/system/menu/edit','127.0.0.1','内网IP','{\"menuId\":[\"1068\"],\"parentId\":[\"1062\"],\"menuType\":[\"C\"],\"menuName\":[\"出库记录\"],\"url\":[\"outbound/record\"],\"target\":[\"menuItem\"],\"perms\":[\"system:record:view\"],\"orderNum\":[\"4\"],\"icon\":[\"#\"],\"visible\":[\"0\"],\"isRefresh\":[\"1\"]}','{\"msg\":\"操作成功\",\"code\":0}',0,NULL,'2023-02-16 14:33:16'),
(158,'药品出库',2,'com.ruoyi.web.controller.business.TDrugInfoController.wareHouseLogOutBound()','POST',1,'admin','研发部门','/business/drugInfo/drugInfoOutBound','127.0.0.1','内网IP','{\"id\":[\"0f6adf4c01d741ff8df8dccbbde6ce79\"],\"num\":[\"1\"]}','{\"msg\":\"操作成功\",\"code\":0}',0,NULL,'2023-02-16 16:04:15'),
(159,'仓库入库记录',1,'com.ruoyi.web.controller.business.TWarehouseManagerController.addSave()','POST',1,'admin','研发部门','/business/warehouse/manager/add','127.0.0.1','内网IP','{\"drugId\":[\"0f6adf4c01d741ff8df8dccbbde6ce79\"],\"expirationTime\":[\"2023-03-03\"],\"insertNum\":[\"5\"]}','{\"msg\":\"操作成功\",\"code\":0}',0,NULL,'2023-02-16 16:04:49'),
(160,'药品出库',2,'com.ruoyi.web.controller.business.TDrugInfoController.wareHouseLogOutBound()','POST',1,'admin','研发部门','/business/drugInfo/drugInfoOutBound','127.0.0.1','内网IP','{\"id\":[\"0f6adf4c01d741ff8df8dccbbde6ce79\"],\"num\":[\"2\"]}','{\"msg\":\"操作成功\",\"code\":0}',0,NULL,'2023-02-16 16:05:06'),
(161,'药品出库',2,'com.ruoyi.web.controller.business.TDrugInfoController.wareHouseLogOutBound()','POST',1,'admin','研发部门','/business/drugInfo/drugInfoOutBound','127.0.0.1','内网IP','{\"id\":[\"0f6adf4c01d741ff8df8dccbbde6ce79\"],\"num\":[\"2\"]}','{\"msg\":\"操作成功\",\"code\":0}',0,NULL,'2023-02-16 16:06:04'),
(162,'药品出库',2,'com.ruoyi.web.controller.business.TDrugInfoController.wareHouseLogOutBound()','POST',1,'admin','研发部门','/business/drugInfo/drugInfoOutBound','127.0.0.1','内网IP','{\"id\":[\"0f6adf4c01d741ff8df8dccbbde6ce79\"],\"num\":[\"10\"]}',NULL,1,'药品库存数量不足！','2023-02-16 16:06:14'),
(163,'药品出库',2,'com.ruoyi.web.controller.business.TDrugInfoController.wareHouseLogOutBound()','POST',1,'admin','研发部门','/business/drugInfo/drugInfoOutBound','127.0.0.1','内网IP','{\"id\":[\"0f6adf4c01d741ff8df8dccbbde6ce79\"],\"num\":[\"8\"]}','{\"msg\":\"操作成功\",\"code\":0}',0,NULL,'2023-02-16 16:06:18'),
(164,'字典类型',1,'com.ruoyi.web.controller.system.SysDictTypeController.addSave()','POST',1,'admin','研发部门','/system/dict/add','127.0.0.1','内网IP','{\"dictName\":[\"注射类\"],\"dictType\":[\"business_zsl\"],\"status\":[\"0\"],\"remark\":[\"\"]}','{\"msg\":\"操作成功\",\"code\":0}',0,NULL,'2023-02-16 16:26:25'),
(165,'字典数据',1,'com.ruoyi.web.controller.system.SysDictDataController.addSave()','POST',1,'admin','研发部门','/system/dict/data/add','127.0.0.1','内网IP','{\"dictLabel\":[\"溶剂（糖水盐水）\"],\"dictValue\":[\"1\"],\"dictType\":[\"business_zsl\"],\"cssClass\":[\"\"],\"dictSort\":[\"1\"],\"listClass\":[\"\"],\"isDefault\":[\"Y\"],\"status\":[\"0\"],\"remark\":[\"\"]}','{\"msg\":\"操作成功\",\"code\":0}',0,NULL,'2023-02-16 16:29:43'),
(166,'字典数据',1,'com.ruoyi.web.controller.system.SysDictDataController.addSave()','POST',1,'admin','研发部门','/system/dict/data/add','127.0.0.1','内网IP','{\"dictLabel\":[\"抗生素注射液\"],\"dictValue\":[\"2\"],\"dictType\":[\"business_zsl\"],\"cssClass\":[\"\"],\"dictSort\":[\"2\"],\"listClass\":[\"\"],\"isDefault\":[\"Y\"],\"status\":[\"0\"],\"remark\":[\"\"]}','{\"msg\":\"操作成功\",\"code\":0}',0,NULL,'2023-02-16 16:29:57'),
(167,'字典数据',2,'com.ruoyi.web.controller.system.SysDictDataController.editSave()','POST',1,'admin','研发部门','/system/dict/data/edit','127.0.0.1','内网IP','{\"dictCode\":[\"30\"],\"dictLabel\":[\"注射类\"],\"dictValue\":[\"business_zsl\"],\"dictType\":[\"sys_drug_type\"],\"cssClass\":[\"\"],\"dictSort\":[\"1\"],\"listClass\":[\"\"],\"isDefault\":[\"Y\"],\"status\":[\"0\"],\"remark\":[\"\"]}','{\"msg\":\"操作成功\",\"code\":0}',0,NULL,'2023-02-16 17:03:38'),
(168,'字典数据',2,'com.ruoyi.web.controller.system.SysDictDataController.editSave()','POST',1,'admin','研发部门','/system/dict/data/edit','127.0.0.1','内网IP','{\"dictCode\":[\"31\"],\"dictLabel\":[\"非注射类\"],\"dictValue\":[\"business_fzsl\"],\"dictType\":[\"sys_drug_type\"],\"cssClass\":[\"\"],\"dictSort\":[\"2\"],\"listClass\":[\"\"],\"isDefault\":[\"Y\"],\"status\":[\"0\"],\"remark\":[\"\"]}','{\"msg\":\"操作成功\",\"code\":0}',0,NULL,'2023-02-16 17:03:44'),
(169,'字典数据',2,'com.ruoyi.web.controller.system.SysDictDataController.editSave()','POST',1,'admin','研发部门','/system/dict/data/edit','127.0.0.1','内网IP','{\"dictCode\":[\"32\"],\"dictLabel\":[\"其他\"],\"dictValue\":[\"business_qt\"],\"dictType\":[\"sys_drug_type\"],\"cssClass\":[\"\"],\"dictSort\":[\"3\"],\"listClass\":[\"\"],\"isDefault\":[\"Y\"],\"status\":[\"0\"],\"remark\":[\"\"]}','{\"msg\":\"操作成功\",\"code\":0}',0,NULL,'2023-02-16 17:03:49'),
(170,'字典数据',1,'com.ruoyi.web.controller.system.SysDictDataController.addSave()','POST',1,'admin','研发部门','/system/dict/data/add','127.0.0.1','内网IP','{\"dictLabel\":[\"抗病毒注射液\"],\"dictValue\":[\"3\"],\"dictType\":[\"business_zsl\"],\"cssClass\":[\"\"],\"dictSort\":[\"3\"],\"listClass\":[\"\"],\"isDefault\":[\"Y\"],\"status\":[\"0\"],\"remark\":[\"\"]}','{\"msg\":\"操作成功\",\"code\":0}',0,NULL,'2023-02-16 17:10:27'),
(171,'字典数据',1,'com.ruoyi.web.controller.system.SysDictDataController.addSave()','POST',1,'admin','研发部门','/system/dict/data/add','127.0.0.1','内网IP','{\"dictLabel\":[\"呼吸系统注射液\"],\"dictValue\":[\"4\"],\"dictType\":[\"business_zsl\"],\"cssClass\":[\"\"],\"dictSort\":[\"4\"],\"listClass\":[\"\"],\"isDefault\":[\"Y\"],\"status\":[\"0\"],\"remark\":[\"\"]}','{\"msg\":\"操作成功\",\"code\":0}',0,NULL,'2023-02-16 17:10:45'),
(172,'字典数据',1,'com.ruoyi.web.controller.system.SysDictDataController.addSave()','POST',1,'admin','研发部门','/system/dict/data/add','127.0.0.1','内网IP','{\"dictLabel\":[\"消化系统注射液\"],\"dictValue\":[\"5\"],\"dictType\":[\"business_zsl\"],\"cssClass\":[\"\"],\"dictSort\":[\"5\"],\"listClass\":[\"\"],\"isDefault\":[\"Y\"],\"status\":[\"0\"],\"remark\":[\"\"]}','{\"msg\":\"操作成功\",\"code\":0}',0,NULL,'2023-02-16 17:10:55'),
(173,'字典数据',1,'com.ruoyi.web.controller.system.SysDictDataController.addSave()','POST',1,'admin','研发部门','/system/dict/data/add','127.0.0.1','内网IP','{\"dictLabel\":[\"心脑血管、循环系统注射液\"],\"dictValue\":[\"6\"],\"dictType\":[\"business_zsl\"],\"cssClass\":[\"\"],\"dictSort\":[\"6\"],\"listClass\":[\"\"],\"isDefault\":[\"Y\"],\"status\":[\"0\"],\"remark\":[\"\"]}','{\"msg\":\"操作成功\",\"code\":0}',0,NULL,'2023-02-16 17:11:18'),
(174,'字典数据',1,'com.ruoyi.web.controller.system.SysDictDataController.addSave()','POST',1,'admin','研发部门','/system/dict/data/add','127.0.0.1','内网IP','{\"dictLabel\":[\"泌尿系统注射液\"],\"dictValue\":[\"7\"],\"dictType\":[\"business_zsl\"],\"cssClass\":[\"\"],\"dictSort\":[\"7\"],\"listClass\":[\"\"],\"isDefault\":[\"Y\"],\"status\":[\"0\"],\"remark\":[\"\"]}','{\"msg\":\"操作成功\",\"code\":0}',0,NULL,'2023-02-16 17:11:29'),
(175,'字典数据',1,'com.ruoyi.web.controller.system.SysDictDataController.addSave()','POST',1,'admin','研发部门','/system/dict/data/add','127.0.0.1','内网IP','{\"dictLabel\":[\"神经系统注射液\"],\"dictValue\":[\"8\"],\"dictType\":[\"business_zsl\"],\"cssClass\":[\"\"],\"dictSort\":[\"8\"],\"listClass\":[\"\"],\"isDefault\":[\"Y\"],\"status\":[\"0\"],\"remark\":[\"\"]}','{\"msg\":\"操作成功\",\"code\":0}',0,NULL,'2023-02-16 17:11:42'),
(176,'字典数据',1,'com.ruoyi.web.controller.system.SysDictDataController.addSave()','POST',1,'admin','研发部门','/system/dict/data/add','127.0.0.1','内网IP','{\"dictLabel\":[\"营养、能量注射液\"],\"dictValue\":[\"9\"],\"dictType\":[\"business_zsl\"],\"cssClass\":[\"\"],\"dictSort\":[\"9\"],\"listClass\":[\"\"],\"isDefault\":[\"Y\"],\"status\":[\"0\"],\"remark\":[\"\"]}','{\"msg\":\"操作成功\",\"code\":0}',0,NULL,'2023-02-16 17:12:05'),
(177,'字典数据',1,'com.ruoyi.web.controller.system.SysDictDataController.addSave()','POST',1,'admin','研发部门','/system/dict/data/add','127.0.0.1','内网IP','{\"dictLabel\":[\"中成药注射液\"],\"dictValue\":[\"10\"],\"dictType\":[\"business_zsl\"],\"cssClass\":[\"\"],\"dictSort\":[\"10\"],\"listClass\":[\"\"],\"isDefault\":[\"Y\"],\"status\":[\"0\"],\"remark\":[\"\"]}','{\"msg\":\"操作成功\",\"code\":0}',0,NULL,'2023-02-16 17:12:23'),
(178,'字典数据',1,'com.ruoyi.web.controller.system.SysDictDataController.addSave()','POST',1,'admin','研发部门','/system/dict/data/add','127.0.0.1','内网IP','{\"dictLabel\":[\"其他注射液\"],\"dictValue\":[\"11\"],\"dictType\":[\"business_zsl\"],\"cssClass\":[\"\"],\"dictSort\":[\"11\"],\"listClass\":[\"\"],\"isDefault\":[\"Y\"],\"status\":[\"0\"],\"remark\":[\"\"]}','{\"msg\":\"操作成功\",\"code\":0}',0,NULL,'2023-02-16 17:12:31'),
(179,'字典类型',1,'com.ruoyi.web.controller.system.SysDictTypeController.addSave()','POST',1,'admin','研发部门','/system/dict/add','127.0.0.1','内网IP','{\"dictName\":[\"非注射液\"],\"dictType\":[\"business_fzsl\"],\"status\":[\"0\"],\"remark\":[\"\"]}','{\"msg\":\"操作成功\",\"code\":0}',0,NULL,'2023-02-16 17:13:01'),
(180,'字典数据',1,'com.ruoyi.web.controller.system.SysDictDataController.addSave()','POST',1,'admin','研发部门','/system/dict/data/add','127.0.0.1','内网IP','{\"dictLabel\":[\"抗生素药\"],\"dictValue\":[\"1\"],\"dictType\":[\"business_fzsl\"],\"cssClass\":[\"\"],\"dictSort\":[\"1\"],\"listClass\":[\"\"],\"isDefault\":[\"Y\"],\"status\":[\"0\"],\"remark\":[\"\"]}','{\"msg\":\"操作成功\",\"code\":0}',0,NULL,'2023-02-16 17:13:20'),
(181,'字典数据',1,'com.ruoyi.web.controller.system.SysDictDataController.addSave()','POST',1,'admin','研发部门','/system/dict/data/add','127.0.0.1','内网IP','{\"dictLabel\":[\"抗菌消炎药\"],\"dictValue\":[\"2\"],\"dictType\":[\"business_fzsl\"],\"cssClass\":[\"\"],\"dictSort\":[\"2\"],\"listClass\":[\"\"],\"isDefault\":[\"Y\"],\"status\":[\"0\"],\"remark\":[\"\"]}','{\"msg\":\"操作成功\",\"code\":0}',0,NULL,'2023-02-16 17:13:32'),
(182,'字典数据',1,'com.ruoyi.web.controller.system.SysDictDataController.addSave()','POST',1,'admin','研发部门','/system/dict/data/add','127.0.0.1','内网IP','{\"dictLabel\":[\"高血压、高血糖、高血脂药\"],\"dictValue\":[\"3\"],\"dictType\":[\"business_fzsl\"],\"cssClass\":[\"\"],\"dictSort\":[\"3\"],\"listClass\":[\"\"],\"isDefault\":[\"Y\"],\"status\":[\"0\"],\"remark\":[\"\"]}','{\"msg\":\"操作成功\",\"code\":0}',0,NULL,'2023-02-16 17:13:53'),
(183,'字典数据',1,'com.ruoyi.web.controller.system.SysDictDataController.addSave()','POST',1,'admin','研发部门','/system/dict/data/add','127.0.0.1','内网IP','{\"dictLabel\":[\"呼吸系统药\"],\"dictValue\":[\"4\"],\"dictType\":[\"business_fzsl\"],\"cssClass\":[\"\"],\"dictSort\":[\"4\"],\"listClass\":[\"\"],\"isDefault\":[\"Y\"],\"status\":[\"0\"],\"remark\":[\"\"]}','{\"msg\":\"操作成功\",\"code\":0}',0,NULL,'2023-02-16 17:14:05'),
(184,'字典数据',1,'com.ruoyi.web.controller.system.SysDictDataController.addSave()','POST',1,'admin','研发部门','/system/dict/data/add','127.0.0.1','内网IP','{\"dictLabel\":[\"消化系统药\"],\"dictValue\":[\"5\"],\"dictType\":[\"business_fzsl\"],\"cssClass\":[\"\"],\"dictSort\":[\"5\"],\"listClass\":[\"\"],\"isDefault\":[\"Y\"],\"status\":[\"0\"],\"remark\":[\"\"]}','{\"msg\":\"操作成功\",\"code\":0}',0,NULL,'2023-02-16 17:14:14'),
(185,'字典数据',1,'com.ruoyi.web.controller.system.SysDictDataController.addSave()','POST',1,'admin','研发部门','/system/dict/data/add','127.0.0.1','内网IP','{\"dictLabel\":[\"心脑血管、循环药\"],\"dictValue\":[\"6\"],\"dictType\":[\"business_fzsl\"],\"cssClass\":[\"\"],\"dictSort\":[\"6\"],\"listClass\":[\"\"],\"isDefault\":[\"Y\"],\"status\":[\"0\"],\"remark\":[\"\"]}','{\"msg\":\"操作成功\",\"code\":0}',0,NULL,'2023-02-16 17:14:31'),
(186,'字典数据',1,'com.ruoyi.web.controller.system.SysDictDataController.addSave()','POST',1,'admin','研发部门','/system/dict/data/add','127.0.0.1','内网IP','{\"dictLabel\":[\"泌尿系统药\"],\"dictValue\":[\"7\"],\"dictType\":[\"business_fzsl\"],\"cssClass\":[\"\"],\"dictSort\":[\"7\"],\"listClass\":[\"\"],\"isDefault\":[\"Y\"],\"status\":[\"0\"],\"remark\":[\"\"]}','{\"msg\":\"操作成功\",\"code\":0}',0,NULL,'2023-02-16 17:14:42'),
(187,'字典数据',1,'com.ruoyi.web.controller.system.SysDictDataController.addSave()','POST',1,'admin','研发部门','/system/dict/data/add','127.0.0.1','内网IP','{\"dictLabel\":[\"神经系统药\"],\"dictValue\":[\"8\"],\"dictType\":[\"business_fzsl\"],\"cssClass\":[\"\"],\"dictSort\":[\"8\"],\"listClass\":[\"\"],\"isDefault\":[\"Y\"],\"status\":[\"0\"],\"remark\":[\"\"]}','{\"msg\":\"操作成功\",\"code\":0}',0,NULL,'2023-02-16 17:14:51'),
(188,'字典数据',1,'com.ruoyi.web.controller.system.SysDictDataController.addSave()','POST',1,'admin','研发部门','/system/dict/data/add','127.0.0.1','内网IP','{\"dictLabel\":[\"男性用药\"],\"dictValue\":[\"9\"],\"dictType\":[\"business_fzsl\"],\"cssClass\":[\"\"],\"dictSort\":[\"9\"],\"listClass\":[\"\"],\"isDefault\":[\"Y\"],\"status\":[\"0\"],\"remark\":[\"\"]}','{\"msg\":\"操作成功\",\"code\":0}',0,NULL,'2023-02-16 17:15:01'),
(189,'字典数据',1,'com.ruoyi.web.controller.system.SysDictDataController.addSave()','POST',1,'admin','研发部门','/system/dict/data/add','127.0.0.1','内网IP','{\"dictLabel\":[\"女性用药\"],\"dictValue\":[\"10\"],\"dictType\":[\"business_fzsl\"],\"cssClass\":[\"\"],\"dictSort\":[\"10\"],\"listClass\":[\"\"],\"isDefault\":[\"Y\"],\"status\":[\"0\"],\"remark\":[\"\"]}','{\"msg\":\"操作成功\",\"code\":0}',0,NULL,'2023-02-16 17:15:12'),
(190,'字典数据',1,'com.ruoyi.web.controller.system.SysDictDataController.addSave()','POST',1,'admin','研发部门','/system/dict/data/add','127.0.0.1','内网IP','{\"dictLabel\":[\"营养、能量药\"],\"dictValue\":[\"11\"],\"dictType\":[\"business_fzsl\"],\"cssClass\":[\"\"],\"dictSort\":[\"11\"],\"listClass\":[\"\"],\"isDefault\":[\"Y\"],\"status\":[\"0\"],\"remark\":[\"\"]}','{\"msg\":\"操作成功\",\"code\":0}',0,NULL,'2023-02-16 17:15:23'),
(191,'字典数据',1,'com.ruoyi.web.controller.system.SysDictDataController.addSave()','POST',1,'admin','研发部门','/system/dict/data/add','127.0.0.1','内网IP','{\"dictLabel\":[\"其他药（创可贴、软膏、滴眼液等）\"],\"dictValue\":[\"12\"],\"dictType\":[\"business_fzsl\"],\"cssClass\":[\"\"],\"dictSort\":[\"12\"],\"listClass\":[\"\"],\"isDefault\":[\"Y\"],\"status\":[\"0\"],\"remark\":[\"\"]}','{\"msg\":\"操作成功\",\"code\":0}',0,NULL,'2023-02-16 17:15:58'),
(192,'字典类型',1,'com.ruoyi.web.controller.system.SysDictTypeController.addSave()','POST',1,'admin','研发部门','/system/dict/add','127.0.0.1','内网IP','{\"dictName\":[\"其他\"],\"dictType\":[\"business_qt\"],\"status\":[\"0\"],\"remark\":[\"\"]}','{\"msg\":\"操作成功\",\"code\":0}',0,NULL,'2023-02-16 17:16:19'),
(193,'字典数据',1,'com.ruoyi.web.controller.system.SysDictDataController.addSave()','POST',1,'admin','研发部门','/system/dict/data/add','127.0.0.1','内网IP','{\"dictLabel\":[\"皮试\"],\"dictValue\":[\"1\"],\"dictType\":[\"business_qt\"],\"cssClass\":[\"\"],\"dictSort\":[\"1\"],\"listClass\":[\"\"],\"isDefault\":[\"Y\"],\"status\":[\"0\"],\"remark\":[\"\"]}','{\"msg\":\"操作成功\",\"code\":0}',0,NULL,'2023-02-16 17:16:29'),
(194,'字典数据',1,'com.ruoyi.web.controller.system.SysDictDataController.addSave()','POST',1,'admin','研发部门','/system/dict/data/add','127.0.0.1','内网IP','{\"dictLabel\":[\"处置\"],\"dictValue\":[\"2\"],\"dictType\":[\"business_qt\"],\"cssClass\":[\"\"],\"dictSort\":[\"2\"],\"listClass\":[\"\"],\"isDefault\":[\"Y\"],\"status\":[\"0\"],\"remark\":[\"\"]}','{\"msg\":\"操作成功\",\"code\":0}',0,NULL,'2023-02-16 17:16:36'),
(195,'字典数据',1,'com.ruoyi.web.controller.system.SysDictDataController.addSave()','POST',1,'admin','研发部门','/system/dict/data/add','127.0.0.1','内网IP','{\"dictLabel\":[\"化验\"],\"dictValue\":[\"3\"],\"dictType\":[\"business_qt\"],\"cssClass\":[\"\"],\"dictSort\":[\"3\"],\"listClass\":[\"\"],\"isDefault\":[\"Y\"],\"status\":[\"0\"],\"remark\":[\"\"]}','{\"msg\":\"操作成功\",\"code\":0}',0,NULL,'2023-02-16 17:16:43'),
(196,'字典数据',1,'com.ruoyi.web.controller.system.SysDictDataController.addSave()','POST',1,'admin','研发部门','/system/dict/data/add','127.0.0.1','内网IP','{\"dictLabel\":[\"负责检查\"],\"dictValue\":[\"4\"],\"dictType\":[\"business_qt\"],\"cssClass\":[\"\"],\"dictSort\":[\"4\"],\"listClass\":[\"\"],\"isDefault\":[\"Y\"],\"status\":[\"0\"],\"remark\":[\"\"]}','{\"msg\":\"操作成功\",\"code\":0}',0,NULL,'2023-02-16 17:16:53'),
(197,'字典数据',1,'com.ruoyi.web.controller.system.SysDictDataController.addSave()','POST',1,'admin','研发部门','/system/dict/data/add','127.0.0.1','内网IP','{\"dictLabel\":[\"耗材\"],\"dictValue\":[\"5\"],\"dictType\":[\"business_qt\"],\"cssClass\":[\"\"],\"dictSort\":[\"5\"],\"listClass\":[\"\"],\"isDefault\":[\"Y\"],\"status\":[\"0\"],\"remark\":[\"\"]}','{\"msg\":\"操作成功\",\"code\":0}',0,NULL,'2023-02-16 17:17:05'),
(198,'字典数据',2,'com.ruoyi.web.controller.system.SysDictDataController.editSave()','POST',1,'admin','研发部门','/system/dict/data/edit','127.0.0.1','内网IP','{\"dictCode\":[\"56\"],\"dictLabel\":[\"皮试\"],\"dictValue\":[\"QT1\"],\"dictType\":[\"business_qt\"],\"cssClass\":[\"\"],\"dictSort\":[\"1\"],\"listClass\":[\"\"],\"isDefault\":[\"Y\"],\"status\":[\"0\"],\"remark\":[\"\"]}','{\"msg\":\"操作成功\",\"code\":0}',0,NULL,'2023-02-16 17:17:14'),
(199,'字典数据',2,'com.ruoyi.web.controller.system.SysDictDataController.editSave()','POST',1,'admin','研发部门','/system/dict/data/edit','127.0.0.1','内网IP','{\"dictCode\":[\"57\"],\"dictLabel\":[\"处置\"],\"dictValue\":[\"QT2\"],\"dictType\":[\"business_qt\"],\"cssClass\":[\"\"],\"dictSort\":[\"2\"],\"listClass\":[\"\"],\"isDefault\":[\"Y\"],\"status\":[\"0\"],\"remark\":[\"\"]}','{\"msg\":\"操作成功\",\"code\":0}',0,NULL,'2023-02-16 17:17:19'),
(200,'字典数据',2,'com.ruoyi.web.controller.system.SysDictDataController.editSave()','POST',1,'admin','研发部门','/system/dict/data/edit','127.0.0.1','内网IP','{\"dictCode\":[\"58\"],\"dictLabel\":[\"化验\"],\"dictValue\":[\"QT3\"],\"dictType\":[\"business_qt\"],\"cssClass\":[\"\"],\"dictSort\":[\"3\"],\"listClass\":[\"\"],\"isDefault\":[\"Y\"],\"status\":[\"0\"],\"remark\":[\"\"]}','{\"msg\":\"操作成功\",\"code\":0}',0,NULL,'2023-02-16 17:17:22'),
(201,'字典数据',2,'com.ruoyi.web.controller.system.SysDictDataController.editSave()','POST',1,'admin','研发部门','/system/dict/data/edit','127.0.0.1','内网IP','{\"dictCode\":[\"59\"],\"dictLabel\":[\"负责检查\"],\"dictValue\":[\"QT4\"],\"dictType\":[\"business_qt\"],\"cssClass\":[\"\"],\"dictSort\":[\"4\"],\"listClass\":[\"\"],\"isDefault\":[\"Y\"],\"status\":[\"0\"],\"remark\":[\"\"]}','{\"msg\":\"操作成功\",\"code\":0}',0,NULL,'2023-02-16 17:17:26'),
(202,'字典数据',2,'com.ruoyi.web.controller.system.SysDictDataController.editSave()','POST',1,'admin','研发部门','/system/dict/data/edit','127.0.0.1','内网IP','{\"dictCode\":[\"60\"],\"dictLabel\":[\"耗材\"],\"dictValue\":[\"QT5\"],\"dictType\":[\"business_qt\"],\"cssClass\":[\"\"],\"dictSort\":[\"5\"],\"listClass\":[\"\"],\"isDefault\":[\"Y\"],\"status\":[\"0\"],\"remark\":[\"\"]}','{\"msg\":\"操作成功\",\"code\":0}',0,NULL,'2023-02-16 17:17:29'),
(203,'字典数据',2,'com.ruoyi.web.controller.system.SysDictDataController.editSave()','POST',1,'admin','研发部门','/system/dict/data/edit','127.0.0.1','内网IP','{\"dictCode\":[\"44\"],\"dictLabel\":[\"抗生素药\"],\"dictValue\":[\"FZSY1\"],\"dictType\":[\"business_fzsl\"],\"cssClass\":[\"\"],\"dictSort\":[\"1\"],\"listClass\":[\"\"],\"isDefault\":[\"Y\"],\"status\":[\"0\"],\"remark\":[\"\"]}','{\"msg\":\"操作成功\",\"code\":0}',0,NULL,'2023-02-16 17:17:46'),
(204,'字典数据',2,'com.ruoyi.web.controller.system.SysDictDataController.editSave()','POST',1,'admin','研发部门','/system/dict/data/edit','127.0.0.1','内网IP','{\"dictCode\":[\"45\"],\"dictLabel\":[\"抗菌消炎药\"],\"dictValue\":[\"FZSY2\"],\"dictType\":[\"business_fzsl\"],\"cssClass\":[\"\"],\"dictSort\":[\"2\"],\"listClass\":[\"\"],\"isDefault\":[\"Y\"],\"status\":[\"0\"],\"remark\":[\"\"]}','{\"msg\":\"操作成功\",\"code\":0}',0,NULL,'2023-02-16 17:17:49'),
(205,'字典数据',2,'com.ruoyi.web.controller.system.SysDictDataController.editSave()','POST',1,'admin','研发部门','/system/dict/data/edit','127.0.0.1','内网IP','{\"dictCode\":[\"46\"],\"dictLabel\":[\"高血压、高血糖、高血脂药\"],\"dictValue\":[\"FZSY3\"],\"dictType\":[\"business_fzsl\"],\"cssClass\":[\"\"],\"dictSort\":[\"3\"],\"listClass\":[\"\"],\"isDefault\":[\"Y\"],\"status\":[\"0\"],\"remark\":[\"\"]}','{\"msg\":\"操作成功\",\"code\":0}',0,NULL,'2023-02-16 17:17:52'),
(206,'字典数据',2,'com.ruoyi.web.controller.system.SysDictDataController.editSave()','POST',1,'admin','研发部门','/system/dict/data/edit','127.0.0.1','内网IP','{\"dictCode\":[\"47\"],\"dictLabel\":[\"呼吸系统药\"],\"dictValue\":[\"FZSY4\"],\"dictType\":[\"business_fzsl\"],\"cssClass\":[\"\"],\"dictSort\":[\"4\"],\"listClass\":[\"\"],\"isDefault\":[\"Y\"],\"status\":[\"0\"],\"remark\":[\"\"]}','{\"msg\":\"操作成功\",\"code\":0}',0,NULL,'2023-02-16 17:17:55'),
(207,'字典数据',2,'com.ruoyi.web.controller.system.SysDictDataController.editSave()','POST',1,'admin','研发部门','/system/dict/data/edit','127.0.0.1','内网IP','{\"dictCode\":[\"48\"],\"dictLabel\":[\"消化系统药\"],\"dictValue\":[\"FZSY5\"],\"dictType\":[\"business_fzsl\"],\"cssClass\":[\"\"],\"dictSort\":[\"5\"],\"listClass\":[\"\"],\"isDefault\":[\"Y\"],\"status\":[\"0\"],\"remark\":[\"\"]}','{\"msg\":\"操作成功\",\"code\":0}',0,NULL,'2023-02-16 17:18:00'),
(208,'字典数据',2,'com.ruoyi.web.controller.system.SysDictDataController.editSave()','POST',1,'admin','研发部门','/system/dict/data/edit','127.0.0.1','内网IP','{\"dictCode\":[\"49\"],\"dictLabel\":[\"心脑血管、循环药\"],\"dictValue\":[\"FZSY6\"],\"dictType\":[\"business_fzsl\"],\"cssClass\":[\"\"],\"dictSort\":[\"6\"],\"listClass\":[\"\"],\"isDefault\":[\"Y\"],\"status\":[\"0\"],\"remark\":[\"\"]}','{\"msg\":\"操作成功\",\"code\":0}',0,NULL,'2023-02-16 17:18:03'),
(209,'字典数据',2,'com.ruoyi.web.controller.system.SysDictDataController.editSave()','POST',1,'admin','研发部门','/system/dict/data/edit','127.0.0.1','内网IP','{\"dictCode\":[\"50\"],\"dictLabel\":[\"泌尿系统药\"],\"dictValue\":[\"FZSY7\"],\"dictType\":[\"business_fzsl\"],\"cssClass\":[\"\"],\"dictSort\":[\"7\"],\"listClass\":[\"\"],\"isDefault\":[\"Y\"],\"status\":[\"0\"],\"remark\":[\"\"]}','{\"msg\":\"操作成功\",\"code\":0}',0,NULL,'2023-02-16 17:18:06'),
(210,'字典数据',2,'com.ruoyi.web.controller.system.SysDictDataController.editSave()','POST',1,'admin','研发部门','/system/dict/data/edit','127.0.0.1','内网IP','{\"dictCode\":[\"51\"],\"dictLabel\":[\"神经系统药\"],\"dictValue\":[\"FZSY8\"],\"dictType\":[\"business_fzsl\"],\"cssClass\":[\"\"],\"dictSort\":[\"8\"],\"listClass\":[\"\"],\"isDefault\":[\"Y\"],\"status\":[\"0\"],\"remark\":[\"\"]}','{\"msg\":\"操作成功\",\"code\":0}',0,NULL,'2023-02-16 17:18:09'),
(211,'字典数据',2,'com.ruoyi.web.controller.system.SysDictDataController.editSave()','POST',1,'admin','研发部门','/system/dict/data/edit','127.0.0.1','内网IP','{\"dictCode\":[\"52\"],\"dictLabel\":[\"男性用药\"],\"dictValue\":[\"FZSY9\"],\"dictType\":[\"business_fzsl\"],\"cssClass\":[\"\"],\"dictSort\":[\"9\"],\"listClass\":[\"\"],\"isDefault\":[\"Y\"],\"status\":[\"0\"],\"remark\":[\"\"]}','{\"msg\":\"操作成功\",\"code\":0}',0,NULL,'2023-02-16 17:18:13'),
(212,'字典数据',2,'com.ruoyi.web.controller.system.SysDictDataController.editSave()','POST',1,'admin','研发部门','/system/dict/data/edit','127.0.0.1','内网IP','{\"dictCode\":[\"53\"],\"dictLabel\":[\"女性用药\"],\"dictValue\":[\"FZSY10\"],\"dictType\":[\"business_fzsl\"],\"cssClass\":[\"\"],\"dictSort\":[\"10\"],\"listClass\":[\"\"],\"isDefault\":[\"Y\"],\"status\":[\"0\"],\"remark\":[\"\"]}','{\"msg\":\"操作成功\",\"code\":0}',0,NULL,'2023-02-16 17:18:16'),
(213,'字典数据',2,'com.ruoyi.web.controller.system.SysDictDataController.editSave()','POST',1,'admin','研发部门','/system/dict/data/edit','127.0.0.1','内网IP','{\"dictCode\":[\"54\"],\"dictLabel\":[\"营养、能量药\"],\"dictValue\":[\"FZSY11\"],\"dictType\":[\"business_fzsl\"],\"cssClass\":[\"\"],\"dictSort\":[\"11\"],\"listClass\":[\"\"],\"isDefault\":[\"Y\"],\"status\":[\"0\"],\"remark\":[\"\"]}','{\"msg\":\"操作成功\",\"code\":0}',0,NULL,'2023-02-16 17:18:21'),
(214,'字典数据',2,'com.ruoyi.web.controller.system.SysDictDataController.editSave()','POST',1,'admin','研发部门','/system/dict/data/edit','127.0.0.1','内网IP','{\"dictCode\":[\"55\"],\"dictLabel\":[\"其他药（创可贴、软膏、滴眼液等）\"],\"dictValue\":[\"FZSY12\"],\"dictType\":[\"business_fzsl\"],\"cssClass\":[\"\"],\"dictSort\":[\"12\"],\"listClass\":[\"\"],\"isDefault\":[\"Y\"],\"status\":[\"0\"],\"remark\":[\"\"]}','{\"msg\":\"操作成功\",\"code\":0}',0,NULL,'2023-02-16 17:18:25'),
(215,'字典数据',2,'com.ruoyi.web.controller.system.SysDictDataController.editSave()','POST',1,'admin','研发部门','/system/dict/data/edit','127.0.0.1','内网IP','{\"dictCode\":[\"33\"],\"dictLabel\":[\"溶剂（糖水盐水）\"],\"dictValue\":[\"ZSY1\"],\"dictType\":[\"business_zsl\"],\"cssClass\":[\"\"],\"dictSort\":[\"1\"],\"listClass\":[\"\"],\"isDefault\":[\"Y\"],\"status\":[\"0\"],\"remark\":[\"\"]}','{\"msg\":\"操作成功\",\"code\":0}',0,NULL,'2023-02-16 17:18:34'),
(216,'字典数据',2,'com.ruoyi.web.controller.system.SysDictDataController.editSave()','POST',1,'admin','研发部门','/system/dict/data/edit','127.0.0.1','内网IP','{\"dictCode\":[\"34\"],\"dictLabel\":[\"抗生素注射液\"],\"dictValue\":[\"ZSY2\"],\"dictType\":[\"business_zsl\"],\"cssClass\":[\"\"],\"dictSort\":[\"2\"],\"listClass\":[\"\"],\"isDefault\":[\"Y\"],\"status\":[\"0\"],\"remark\":[\"\"]}','{\"msg\":\"操作成功\",\"code\":0}',0,NULL,'2023-02-16 17:18:37'),
(217,'字典数据',2,'com.ruoyi.web.controller.system.SysDictDataController.editSave()','POST',1,'admin','研发部门','/system/dict/data/edit','127.0.0.1','内网IP','{\"dictCode\":[\"35\"],\"dictLabel\":[\"抗病毒注射液\"],\"dictValue\":[\"ZSY3\"],\"dictType\":[\"business_zsl\"],\"cssClass\":[\"\"],\"dictSort\":[\"3\"],\"listClass\":[\"\"],\"isDefault\":[\"Y\"],\"status\":[\"0\"],\"remark\":[\"\"]}','{\"msg\":\"操作成功\",\"code\":0}',0,NULL,'2023-02-16 17:18:40'),
(218,'字典数据',2,'com.ruoyi.web.controller.system.SysDictDataController.editSave()','POST',1,'admin','研发部门','/system/dict/data/edit','127.0.0.1','内网IP','{\"dictCode\":[\"36\"],\"dictLabel\":[\"呼吸系统注射液\"],\"dictValue\":[\"ZSY4\"],\"dictType\":[\"business_zsl\"],\"cssClass\":[\"\"],\"dictSort\":[\"4\"],\"listClass\":[\"\"],\"isDefault\":[\"Y\"],\"status\":[\"0\"],\"remark\":[\"\"]}','{\"msg\":\"操作成功\",\"code\":0}',0,NULL,'2023-02-16 17:18:45'),
(219,'字典数据',2,'com.ruoyi.web.controller.system.SysDictDataController.editSave()','POST',1,'admin','研发部门','/system/dict/data/edit','127.0.0.1','内网IP','{\"dictCode\":[\"37\"],\"dictLabel\":[\"消化系统注射液\"],\"dictValue\":[\"ZSY5\"],\"dictType\":[\"business_zsl\"],\"cssClass\":[\"\"],\"dictSort\":[\"5\"],\"listClass\":[\"\"],\"isDefault\":[\"Y\"],\"status\":[\"0\"],\"remark\":[\"\"]}','{\"msg\":\"操作成功\",\"code\":0}',0,NULL,'2023-02-16 17:18:49'),
(220,'字典数据',2,'com.ruoyi.web.controller.system.SysDictDataController.editSave()','POST',1,'admin','研发部门','/system/dict/data/edit','127.0.0.1','内网IP','{\"dictCode\":[\"38\"],\"dictLabel\":[\"心脑血管、循环系统注射液\"],\"dictValue\":[\"ZSY6\"],\"dictType\":[\"business_zsl\"],\"cssClass\":[\"\"],\"dictSort\":[\"6\"],\"listClass\":[\"\"],\"isDefault\":[\"Y\"],\"status\":[\"0\"],\"remark\":[\"\"]}','{\"msg\":\"操作成功\",\"code\":0}',0,NULL,'2023-02-16 17:18:53'),
(221,'字典数据',2,'com.ruoyi.web.controller.system.SysDictDataController.editSave()','POST',1,'admin','研发部门','/system/dict/data/edit','127.0.0.1','内网IP','{\"dictCode\":[\"39\"],\"dictLabel\":[\"泌尿系统注射液\"],\"dictValue\":[\"ZSY7\"],\"dictType\":[\"business_zsl\"],\"cssClass\":[\"\"],\"dictSort\":[\"7\"],\"listClass\":[\"\"],\"isDefault\":[\"Y\"],\"status\":[\"0\"],\"remark\":[\"\"]}','{\"msg\":\"操作成功\",\"code\":0}',0,NULL,'2023-02-16 17:18:56'),
(222,'字典数据',2,'com.ruoyi.web.controller.system.SysDictDataController.editSave()','POST',1,'admin','研发部门','/system/dict/data/edit','127.0.0.1','内网IP','{\"dictCode\":[\"40\"],\"dictLabel\":[\"神经系统注射液\"],\"dictValue\":[\"ZSY8\"],\"dictType\":[\"business_zsl\"],\"cssClass\":[\"\"],\"dictSort\":[\"8\"],\"listClass\":[\"\"],\"isDefault\":[\"Y\"],\"status\":[\"0\"],\"remark\":[\"\"]}','{\"msg\":\"操作成功\",\"code\":0}',0,NULL,'2023-02-16 17:19:00'),
(223,'字典数据',2,'com.ruoyi.web.controller.system.SysDictDataController.editSave()','POST',1,'admin','研发部门','/system/dict/data/edit','127.0.0.1','内网IP','{\"dictCode\":[\"41\"],\"dictLabel\":[\"营养、能量注射液\"],\"dictValue\":[\"ZSY9\"],\"dictType\":[\"business_zsl\"],\"cssClass\":[\"\"],\"dictSort\":[\"9\"],\"listClass\":[\"\"],\"isDefault\":[\"Y\"],\"status\":[\"0\"],\"remark\":[\"\"]}','{\"msg\":\"操作成功\",\"code\":0}',0,NULL,'2023-02-16 17:19:05'),
(224,'字典数据',2,'com.ruoyi.web.controller.system.SysDictDataController.editSave()','POST',1,'admin','研发部门','/system/dict/data/edit','127.0.0.1','内网IP','{\"dictCode\":[\"42\"],\"dictLabel\":[\"中成药注射液\"],\"dictValue\":[\"ZSY10\"],\"dictType\":[\"business_zsl\"],\"cssClass\":[\"\"],\"dictSort\":[\"10\"],\"listClass\":[\"\"],\"isDefault\":[\"Y\"],\"status\":[\"0\"],\"remark\":[\"\"]}','{\"msg\":\"操作成功\",\"code\":0}',0,NULL,'2023-02-16 17:19:09'),
(225,'字典数据',2,'com.ruoyi.web.controller.system.SysDictDataController.editSave()','POST',1,'admin','研发部门','/system/dict/data/edit','127.0.0.1','内网IP','{\"dictCode\":[\"43\"],\"dictLabel\":[\"其他注射液\"],\"dictValue\":[\"ZSY11\"],\"dictType\":[\"business_zsl\"],\"cssClass\":[\"\"],\"dictSort\":[\"11\"],\"listClass\":[\"\"],\"isDefault\":[\"Y\"],\"status\":[\"0\"],\"remark\":[\"\"]}','{\"msg\":\"操作成功\",\"code\":0}',0,NULL,'2023-02-16 17:19:14'),
(226,'药品信息',2,'com.ruoyi.web.controller.business.TDrugInfoController.editSave()','POST',1,'admin','研发部门','/business/drugInfo/edit','127.0.0.1','内网IP','{\"id\":[\"75818070ecfc43d5888afdfc818cb96b\"],\"drugName\":[\"三九感冒灵冲剂\"],\"drugAlias\":[\"三九\"],\"drugType\":[\"business_zsl\"],\"drugCategory\":[\"ZSY4\"],\"drugSpecs\":[\"10克/袋\"],\"unitPrice\":[\"25\"],\"retailPrice\":[\"21\"],\"drugCompany\":[\"盒\"],\"manufactor\":[\"华润三九医药股份有限公司\"]}','{\"msg\":\"操作成功\",\"code\":0}',0,NULL,'2023-02-16 17:22:57'),
(227,'定时任务',1,'com.ruoyi.quartz.controller.SysJobController.addSave()','POST',1,'admin','研发部门','/monitor/job/add','127.0.0.1','内网IP','{\"createBy\":[\"admin\"],\"jobName\":[\"药品过期\"],\"jobGroup\":[\"DEFAULT\"],\"invokeTarget\":[\"ryTask\"],\"cronExpression\":[\"0/15 * * * * ?\"],\"misfirePolicy\":[\"3\"],\"concurrent\":[\"1\"],\"status\":[\"0\"],\"remark\":[\"\"]}','{\"msg\":\"操作成功\",\"code\":0}',0,NULL,'2023-02-16 18:38:46'),
(228,'定时任务',2,'com.ruoyi.quartz.controller.SysJobController.editSave()','POST',1,'admin','研发部门','/monitor/job/edit','127.0.0.1','内网IP','{\"jobId\":[\"4\"],\"updateBy\":[\"admin\"],\"jobName\":[\"药品过期\"],\"jobGroup\":[\"DEFAULT\"],\"invokeTarget\":[\"drugExpireTask.exec()\"],\"cronExpression\":[\"0/15 * * * * ?\"],\"misfirePolicy\":[\"3\"],\"concurrent\":[\"1\"],\"status\":[\"1\"],\"remark\":[\"\"]}','{\"msg\":\"操作成功\",\"code\":0}',0,NULL,'2023-02-16 18:39:21'),
(229,'定时任务',2,'com.ruoyi.quartz.controller.SysJobController.editSave()','POST',1,'admin','研发部门','/monitor/job/edit','127.0.0.1','内网IP','{\"jobId\":[\"4\"],\"updateBy\":[\"admin\"],\"jobName\":[\"药品过期\"],\"jobGroup\":[\"DEFAULT\"],\"invokeTarget\":[\"drugExpireTask.exec\"],\"cronExpression\":[\"0/15 * * * * ?\"],\"misfirePolicy\":[\"3\"],\"concurrent\":[\"1\"],\"status\":[\"1\"],\"remark\":[\"\"]}','{\"msg\":\"操作成功\",\"code\":0}',0,NULL,'2023-02-16 18:39:27'),
(230,'定时任务',2,'com.ruoyi.quartz.controller.SysJobController.run()','POST',1,'admin','研发部门','/monitor/job/run','127.0.0.1','内网IP','{\"jobId\":[\"4\"]}','{\"msg\":\"操作成功\",\"code\":0}',0,NULL,'2023-02-16 18:41:33'),
(231,'仓库入库记录',1,'com.ruoyi.web.controller.business.TWarehouseManagerController.addSave()','POST',1,'admin','研发部门','/business/warehouse/manager/add','127.0.0.1','内网IP','{\"drugId\":[\"75818070ecfc43d5888afdfc818cb96b\"],\"expirationTime\":[\"2023-02-14\"],\"insertNum\":[\"10\"]}','{\"msg\":\"操作成功\",\"code\":0}',0,NULL,'2023-02-16 18:42:02'),
(232,'定时任务',2,'com.ruoyi.quartz.controller.SysJobController.run()','POST',1,'admin','研发部门','/monitor/job/run','127.0.0.1','内网IP','{\"jobId\":[\"4\"]}','{\"msg\":\"操作成功\",\"code\":0}',0,NULL,'2023-02-16 18:42:11'),
(233,'定时任务',2,'com.ruoyi.quartz.controller.SysJobController.editSave()','POST',1,'admin','研发部门','/monitor/job/edit','127.0.0.1','内网IP','{\"jobId\":[\"4\"],\"updateBy\":[\"admin\"],\"jobName\":[\"药品过期\"],\"jobGroup\":[\"DEFAULT\"],\"invokeTarget\":[\"drugExpireTask.exec\"],\"cronExpression\":[\"0 10 0 * * ?\"],\"misfirePolicy\":[\"3\"],\"concurrent\":[\"1\"],\"status\":[\"1\"],\"remark\":[\"\"]}','{\"msg\":\"操作成功\",\"code\":0}',0,NULL,'2023-02-16 18:43:25'),
(234,'药品信息',1,'com.ruoyi.web.controller.business.TDrugInfoController.addSave()','POST',1,'admin','研发部门','/business/drugInfo/add','127.0.0.1','内网IP','{\"drugName\":[\"三九感冒灵冲剂\"],\"drugAlias\":[\"三九\"],\"drugType\":[\"business_fzsl\"],\"drugCategory\":[\"FZSY5\"],\"drugSpecs\":[\"10克/袋\"],\"unitPrice\":[\"21\"],\"retailPrice\":[\"25\"],\"drugCompany\":[\"盒\"],\"manufactor\":[\"华润三九医药股份有限公司\"]}','{\"msg\":\"操作成功\",\"code\":0}',0,NULL,'2023-02-16 21:08:58'),
(235,'药品信息',2,'com.ruoyi.web.controller.business.TDrugInfoController.editSave()','POST',1,'admin','研发部门','/business/drugInfo/edit','127.0.0.1','内网IP','{\"id\":[\"019d397054d842119875883b3a1b15cd\"],\"drugName\":[\"三九感冒灵冲剂\"],\"drugAlias\":[\"三九/39\"],\"drugType\":[\"business_fzsl\"],\"drugCategory\":[\"FZSY5\"],\"drugSpecs\":[\"10克/袋\"],\"unitPrice\":[\"21\"],\"retailPrice\":[\"25\"],\"drugCompany\":[\"盒\"],\"manufactor\":[\"华润三九医药股份有限公司\"]}','{\"msg\":\"操作成功\",\"code\":0}',0,NULL,'2023-02-16 21:09:26'),
(236,'仓库入库记录',1,'com.ruoyi.web.controller.business.TWarehouseManagerController.addSave()','POST',1,'admin','研发部门','/business/warehouse/manager/add','127.0.0.1','内网IP','{\"drugId\":[\"019d397054d842119875883b3a1b15cd\"],\"expirationTime\":[\"2023-07-12\"],\"insertNum\":[\"20\"]}','{\"msg\":\"操作成功\",\"code\":0}',0,NULL,'2023-02-16 21:10:04'),
(237,'仓库入库记录',1,'com.ruoyi.web.controller.business.TWarehouseManagerController.addSave()','POST',1,'admin','研发部门','/business/warehouse/manager/add','127.0.0.1','内网IP','{\"drugId\":[\"019d397054d842119875883b3a1b15cd\"],\"expirationTime\":[\"2023-05-16\"],\"insertNum\":[\"10\"]}','{\"msg\":\"操作成功\",\"code\":0}',0,NULL,'2023-02-16 21:10:30'),
(238,'仓库入库记录',1,'com.ruoyi.web.controller.business.TWarehouseManagerController.addSave()','POST',1,'admin','研发部门','/business/warehouse/manager/add','127.0.0.1','内网IP','{\"drugId\":[\"019d397054d842119875883b3a1b15cd\"],\"expirationTime\":[\"2023-04-11\"],\"insertNum\":[\"5\"]}','{\"msg\":\"操作成功\",\"code\":0}',0,NULL,'2023-02-16 21:10:58'),
(239,'仓库入库记录',1,'com.ruoyi.web.controller.business.TWarehouseManagerController.addSave()','POST',1,'admin','研发部门','/business/warehouse/manager/add','127.0.0.1','内网IP','{\"drugId\":[\"019d397054d842119875883b3a1b15cd\"],\"expirationTime\":[\"2023-12-21\"],\"insertNum\":[\"10\"]}','{\"msg\":\"操作成功\",\"code\":0}',0,NULL,'2023-02-16 21:13:30'),
(240,'药品出库',2,'com.ruoyi.web.controller.business.TDrugInfoController.wareHouseLogOutBound()','POST',1,'admin','研发部门','/business/drugInfo/drugInfoOutBound','127.0.0.1','内网IP','{\"id\":[\"019d397054d842119875883b3a1b15cd\"],\"num\":[\"40\"]}',NULL,1,'药品库存数量不足！','2023-02-16 21:15:00'),
(241,'药品出库',2,'com.ruoyi.web.controller.business.TDrugInfoController.wareHouseLogOutBound()','POST',1,'admin','研发部门','/business/drugInfo/drugInfoOutBound','127.0.0.1','内网IP','{\"id\":[\"019d397054d842119875883b3a1b15cd\"],\"num\":[\"3\"]}','{\"msg\":\"操作成功\",\"code\":0}',0,NULL,'2023-02-16 21:18:28'),
(242,'药品出库',2,'com.ruoyi.web.controller.business.TDrugInfoController.wareHouseLogOutBound()','POST',1,'admin','研发部门','/business/drugInfo/drugInfoOutBound','127.0.0.1','内网IP','{\"id\":[\"019d397054d842119875883b3a1b15cd\"],\"num\":[\"2\"]}','{\"msg\":\"操作成功\",\"code\":0}',0,NULL,'2023-02-16 21:19:22'),
(243,'药品信息',1,'com.ruoyi.web.controller.business.TDrugInfoController.addSave()','POST',1,'admin','研发部门','/business/drugInfo/add','127.0.0.1','内网IP','{\"drugName\":[\"阿莫西林\"],\"drugAlias\":[\"amxl/001\"],\"drugType\":[\"business_fzsl\"],\"drugCategory\":[\"FZSY4\"],\"drugSpecs\":[\"0.2克*30\"],\"unitPrice\":[\"10\"],\"retailPrice\":[\"20\"],\"drugCompany\":[\"盒\"],\"manufactor\":[\"阿莫西林厂家\"]}','{\"msg\":\"操作成功\",\"code\":0}',0,NULL,'2023-02-16 21:21:54'),
(244,'仓库入库记录',1,'com.ruoyi.web.controller.business.TWarehouseManagerController.addSave()','POST',1,'admin','研发部门','/business/warehouse/manager/add','127.0.0.1','内网IP','{\"drugId\":[\"6d7a48f9e3f54bf0850b561c70588374\"],\"expirationTime\":[\"2023-02-28\"],\"insertNum\":[\"100\"]}','{\"msg\":\"操作成功\",\"code\":0}',0,NULL,'2023-02-16 21:23:12'),
(245,'部门管理',3,'com.ruoyi.web.controller.system.SysDeptController.remove()','GET',1,'admin','研发部门','/system/dept/remove/101','127.0.0.1','内网IP','101','{\"msg\":\"存在下级部门,不允许删除\",\"code\":301}',0,NULL,'2023-02-16 21:28:47'),
(246,'部门管理',1,'com.ruoyi.web.controller.system.SysDeptController.addSave()','POST',1,'admin','研发部门','/system/dept/add','127.0.0.1','内网IP','{\"parentId\":[\"100\"],\"deptName\":[\"医生\"],\"orderNum\":[\"1\"],\"leader\":[\"\"],\"phone\":[\"\"],\"email\":[\"\"],\"status\":[\"0\"]}','{\"msg\":\"操作成功\",\"code\":0}',0,NULL,'2023-02-16 21:29:37'),
(247,'部门管理',3,'com.ruoyi.web.controller.system.SysDeptController.remove()','GET',1,'admin','研发部门','/system/dept/remove/101','127.0.0.1','内网IP','101','{\"msg\":\"存在下级部门,不允许删除\",\"code\":301}',0,NULL,'2023-02-16 21:29:43'),
(248,'部门管理',3,'com.ruoyi.web.controller.system.SysDeptController.remove()','GET',1,'admin','研发部门','/system/dept/remove/104','127.0.0.1','内网IP','104','{\"msg\":\"操作成功\",\"code\":0}',0,NULL,'2023-02-16 21:29:54'),
(249,'部门管理',3,'com.ruoyi.web.controller.system.SysDeptController.remove()','GET',1,'admin','研发部门','/system/dept/remove/101','127.0.0.1','内网IP','101','{\"msg\":\"存在下级部门,不允许删除\",\"code\":301}',0,NULL,'2023-02-16 21:29:56'),
(250,'部门管理',3,'com.ruoyi.web.controller.system.SysDeptController.remove()','GET',1,'admin','研发部门','/system/dept/remove/103','127.0.0.1','内网IP','103','{\"msg\":\"部门存在用户,不允许删除\",\"code\":301}',0,NULL,'2023-02-16 21:29:59'),
(251,'部门管理',3,'com.ruoyi.web.controller.system.SysDeptController.remove()','GET',1,'admin','研发部门','/system/dept/remove/105','127.0.0.1','内网IP','105','{\"msg\":\"部门存在用户,不允许删除\",\"code\":301}',0,NULL,'2023-02-16 21:30:03'),
(252,'部门管理',1,'com.ruoyi.web.controller.system.SysDeptController.addSave()','POST',1,'admin','研发部门','/system/dept/add','127.0.0.1','内网IP','{\"parentId\":[\"100\"],\"deptName\":[\"护士\"],\"orderNum\":[\"2\"],\"leader\":[\"\"],\"phone\":[\"\"],\"email\":[\"\"],\"status\":[\"0\"]}','{\"msg\":\"操作成功\",\"code\":0}',0,NULL,'2023-02-16 21:30:15'),
(253,'部门管理',1,'com.ruoyi.web.controller.system.SysDeptController.addSave()','POST',1,'admin','研发部门','/system/dept/add','127.0.0.1','内网IP','{\"parentId\":[\"100\"],\"deptName\":[\"药房\"],\"orderNum\":[\"3\"],\"leader\":[\"\"],\"phone\":[\"\"],\"email\":[\"\"],\"status\":[\"0\"]}','{\"msg\":\"操作成功\",\"code\":0}',0,NULL,'2023-02-16 21:30:23'),
(254,'角色管理',1,'com.ruoyi.web.controller.system.SysRoleController.addSave()','POST',1,'admin','研发部门','/system/role/add','127.0.0.1','内网IP','{\"roleName\":[\"医生\"],\"roleKey\":[\"yisheng\"],\"roleSort\":[\"1\"],\"status\":[\"0\"],\"remark\":[\"\"],\"menuIds\":[\"1062,1063,1064,1065,1066,1067,1069,1068\"]}','{\"msg\":\"操作成功\",\"code\":0}',0,NULL,'2023-02-16 21:31:06'),
(255,'用户管理',1,'com.ruoyi.web.controller.system.SysUserController.addSave()','POST',1,'admin','研发部门','/system/user/add','127.0.0.1','内网IP','{\"deptId\":[\"110\"],\"userName\":[\"baitang\"],\"deptName\":[\"医生\"],\"phonenumber\":[\"\"],\"email\":[\"\"],\"loginName\":[\"baitang\"],\"sex\":[\"0\"],\"remark\":[\"\"],\"status\":[\"0\"],\"roleIds\":[\"\"],\"postIds\":[\"\"]}','{\"msg\":\"操作成功\",\"code\":0}',0,NULL,'2023-02-16 21:32:13'),
(256,'用户管理',4,'com.ruoyi.web.controller.system.SysUserController.insertAuthRole()','POST',1,'admin','研发部门','/system/user/authRole/insertAuthRole','127.0.0.1','内网IP','{\"userId\":[\"3\"],\"roleIds\":[\"3\"]}','{\"msg\":\"操作成功\",\"code\":0}',0,NULL,'2023-02-16 21:33:42'),
(257,'部门管理',3,'com.ruoyi.web.controller.system.SysDeptController.remove()','GET',1,'admin','研发部门','/system/dept/remove/109','127.0.0.1','内网IP','109','{\"msg\":\"操作成功\",\"code\":0}',0,NULL,'2023-02-17 14:44:10'),
(258,'部门管理',3,'com.ruoyi.web.controller.system.SysDeptController.remove()','GET',1,'admin','研发部门','/system/dept/remove/108','127.0.0.1','内网IP','108','{\"msg\":\"操作成功\",\"code\":0}',0,NULL,'2023-02-17 14:44:12'),
(259,'部门管理',3,'com.ruoyi.web.controller.system.SysDeptController.remove()','GET',1,'admin','研发部门','/system/dept/remove/102','127.0.0.1','内网IP','102','{\"msg\":\"操作成功\",\"code\":0}',0,NULL,'2023-02-17 14:44:14'),
(260,'部门管理',3,'com.ruoyi.web.controller.system.SysDeptController.remove()','GET',1,'admin','研发部门','/system/dept/remove/107','127.0.0.1','内网IP','107','{\"msg\":\"操作成功\",\"code\":0}',0,NULL,'2023-02-17 14:44:18'),
(261,'部门管理',3,'com.ruoyi.web.controller.system.SysDeptController.remove()','GET',1,'admin','研发部门','/system/dept/remove/106','127.0.0.1','内网IP','106','{\"msg\":\"操作成功\",\"code\":0}',0,NULL,'2023-02-17 14:44:20'),
(262,'部门管理',3,'com.ruoyi.web.controller.system.SysDeptController.remove()','GET',1,'admin','研发部门','/system/dept/remove/105','127.0.0.1','内网IP','105','{\"msg\":\"部门存在用户,不允许删除\",\"code\":301}',0,NULL,'2023-02-17 14:44:23'),
(263,'部门管理',3,'com.ruoyi.web.controller.system.SysDeptController.remove()','GET',1,'admin','研发部门','/system/dept/remove/103','127.0.0.1','内网IP','103','{\"msg\":\"部门存在用户,不允许删除\",\"code\":301}',0,NULL,'2023-02-17 14:44:26'),
(264,'用户管理',3,'com.ruoyi.web.controller.system.SysUserController.remove()','POST',1,'admin','研发部门','/system/user/remove','127.0.0.1','内网IP','{\"ids\":[\"2\"]}','{\"msg\":\"操作成功\",\"code\":0}',0,NULL,'2023-02-17 14:44:42'),
(265,'部门管理',3,'com.ruoyi.web.controller.system.SysDeptController.remove()','GET',1,'admin','研发部门','/system/dept/remove/105','127.0.0.1','内网IP','105','{\"msg\":\"操作成功\",\"code\":0}',0,NULL,'2023-02-17 14:44:54'),
(266,'部门管理',2,'com.ruoyi.web.controller.system.SysDeptController.editSave()','POST',1,'admin','研发部门','/system/dept/edit','127.0.0.1','内网IP','{\"deptId\":[\"101\"],\"parentId\":[\"100\"],\"parentName\":[\"若依科技\"],\"deptName\":[\"研发\"],\"orderNum\":[\"1\"],\"leader\":[\"若依\"],\"phone\":[\"15888888888\"],\"email\":[\"ry@qq.com\"],\"status\":[\"0\"]}','{\"msg\":\"操作成功\",\"code\":0}',0,NULL,'2023-02-17 14:45:06'),
(267,'菜单管理',1,'com.ruoyi.web.controller.system.SysMenuController.addSave()','POST',1,'admin','研发部门','/system/menu/add','127.0.0.1','内网IP','{\"parentId\":[\"1067\"],\"menuType\":[\"F\"],\"menuName\":[\"入库\"],\"url\":[\"\"],\"target\":[\"menuItem\"],\"perms\":[\"warehouse:manager:add\"],\"orderNum\":[\"1\"],\"icon\":[\"\"],\"visible\":[\"0\"],\"isRefresh\":[\"1\"]}','{\"msg\":\"操作成功\",\"code\":0}',0,NULL,'2023-02-17 14:46:41'),
(268,'菜单管理',1,'com.ruoyi.web.controller.system.SysMenuController.addSave()','POST',1,'admin','研发部门','/system/menu/add','127.0.0.1','内网IP','{\"parentId\":[\"1067\"],\"menuType\":[\"F\"],\"menuName\":[\"出库\"],\"url\":[\"\"],\"target\":[\"menuItem\"],\"perms\":[\"warehouse:manager:outbound\"],\"orderNum\":[\"2\"],\"icon\":[\"\"],\"visible\":[\"0\"],\"isRefresh\":[\"1\"]}','{\"msg\":\"操作成功\",\"code\":0}',0,NULL,'2023-02-17 14:47:51'),
(269,'菜单管理',2,'com.ruoyi.web.controller.system.SysMenuController.editSave()','POST',1,'admin','研发部门','/system/menu/edit','127.0.0.1','内网IP','{\"menuId\":[\"1066\"],\"parentId\":[\"1063\"],\"menuType\":[\"F\"],\"menuName\":[\"出库\"],\"url\":[\"#\"],\"target\":[\"menuItem\"],\"perms\":[\"system:info:outbound\"],\"orderNum\":[\"3\"],\"icon\":[\"#\"],\"visible\":[\"0\"],\"isRefresh\":[\"1\"]}','{\"msg\":\"操作成功\",\"code\":0}',0,NULL,'2023-02-17 14:50:05'),
(270,'菜单管理',1,'com.ruoyi.web.controller.system.SysMenuController.addSave()','POST',1,'admin','研发部门','/system/menu/add','127.0.0.1','内网IP','{\"parentId\":[\"1068\"],\"menuType\":[\"F\"],\"menuName\":[\"查询\"],\"url\":[\"\"],\"target\":[\"menuItem\"],\"perms\":[\"outbound:record:list\"],\"orderNum\":[\"1\"],\"icon\":[\"\"],\"visible\":[\"0\"],\"isRefresh\":[\"1\"]}','{\"msg\":\"操作成功\",\"code\":0}',0,NULL,'2023-02-17 14:51:42'),
(271,'菜单管理',1,'com.ruoyi.web.controller.system.SysMenuController.addSave()','POST',1,'admin','研发部门','/system/menu/add','127.0.0.1','内网IP','{\"parentId\":[\"1063\"],\"menuType\":[\"F\"],\"menuName\":[\"查询\"],\"url\":[\"\"],\"target\":[\"menuItem\"],\"perms\":[\"system:info:list\"],\"orderNum\":[\"1\"],\"icon\":[\"\"],\"visible\":[\"0\"],\"isRefresh\":[\"1\"]}','{\"msg\":\"操作成功\",\"code\":0}',0,NULL,'2023-02-17 14:52:16'),
(272,'菜单管理',2,'com.ruoyi.web.controller.system.SysMenuController.editSave()','POST',1,'admin','研发部门','/system/menu/edit','127.0.0.1','内网IP','{\"menuId\":[\"1064\"],\"parentId\":[\"1063\"],\"menuType\":[\"F\"],\"menuName\":[\"新增\"],\"url\":[\"#\"],\"target\":[\"menuItem\"],\"perms\":[\"system:info:add\"],\"orderNum\":[\"2\"],\"icon\":[\"#\"],\"visible\":[\"0\"],\"isRefresh\":[\"1\"]}','{\"msg\":\"操作成功\",\"code\":0}',0,NULL,'2023-02-17 14:52:25'),
(273,'菜单管理',1,'com.ruoyi.web.controller.system.SysMenuController.addSave()','POST',1,'admin','研发部门','/system/menu/add','127.0.0.1','内网IP','{\"parentId\":[\"1067\"],\"menuType\":[\"F\"],\"menuName\":[\"查询\"],\"url\":[\"\"],\"target\":[\"menuItem\"],\"perms\":[\"warehouse:manager:list\"],\"orderNum\":[\"1\"],\"icon\":[\"\"],\"visible\":[\"0\"],\"isRefresh\":[\"1\"]}','{\"msg\":\"操作成功\",\"code\":0}',0,NULL,'2023-02-17 14:53:20'),
(274,'菜单管理',1,'com.ruoyi.web.controller.system.SysMenuController.addSave()','POST',1,'admin','研发部门','/system/menu/add','127.0.0.1','内网IP','{\"parentId\":[\"1069\"],\"menuType\":[\"F\"],\"menuName\":[\"查询\"],\"url\":[\"\"],\"target\":[\"menuItem\"],\"perms\":[\"warehouse:manager:expiringSoonList\"],\"orderNum\":[\"1\"],\"icon\":[\"\"],\"visible\":[\"0\"],\"isRefresh\":[\"1\"]}','{\"msg\":\"操作成功\",\"code\":0}',0,NULL,'2023-02-17 14:53:56'),
(275,'角色管理',2,'com.ruoyi.web.controller.system.SysRoleController.editSave()','POST',1,'admin','研发部门','/system/role/edit','127.0.0.1','内网IP','{\"roleId\":[\"3\"],\"roleName\":[\"医生\"],\"roleKey\":[\"yisheng\"],\"roleSort\":[\"1\"],\"status\":[\"0\"],\"remark\":[\"\"],\"menuIds\":[\"1062,1063,1073,1064,1065,1066,1067,1070,1074,1071,1069,1075,1068,1072\"]}','{\"msg\":\"操作成功\",\"code\":0}',0,NULL,'2023-02-17 14:54:23'),
(276,'菜单管理',1,'com.ruoyi.web.controller.system.SysMenuController.addSave()','POST',1,'admin','研发部门','/system/menu/add','127.0.0.1','内网IP','{\"parentId\":[\"1069\"],\"menuType\":[\"F\"],\"menuName\":[\"出库\"],\"url\":[\"\"],\"target\":[\"menuItem\"],\"perms\":[\"warehouse:expiringSoon:view\"],\"orderNum\":[\"2\"],\"icon\":[\"\"],\"visible\":[\"0\"],\"isRefresh\":[\"1\"]}','{\"msg\":\"操作成功\",\"code\":0}',0,NULL,'2023-02-17 15:20:05'),
(277,'角色管理',2,'com.ruoyi.web.controller.system.SysRoleController.editSave()','POST',1,'admin','研发部门','/system/role/edit','127.0.0.1','内网IP','{\"roleId\":[\"3\"],\"roleName\":[\"医生\"],\"roleKey\":[\"yisheng\"],\"roleSort\":[\"1\"],\"status\":[\"0\"],\"remark\":[\"\"],\"menuIds\":[\"1062,1063,1073,1064,1065,1066,1067,1070,1074,1071,1069,1075,1076,1068,1072\"]}','{\"msg\":\"操作成功\",\"code\":0}',0,NULL,'2023-02-17 15:20:17'),
(278,'角色管理',2,'com.ruoyi.web.controller.system.SysRoleController.editSave()','POST',1,'admin','研发部门','/system/role/edit','127.0.0.1','内网IP','{\"roleId\":[\"3\"],\"roleName\":[\"医生\"],\"roleKey\":[\"yisheng\"],\"roleSort\":[\"1\"],\"status\":[\"0\"],\"remark\":[\"\"],\"menuIds\":[\"1062,1063,1073,1064,1065,1066,1067,1070,1074,1071,1069,1075,1076,1068,1072\"]}','{\"msg\":\"操作成功\",\"code\":0}',0,NULL,'2023-02-17 15:22:08'),
(279,'用户管理',4,'com.ruoyi.web.controller.system.SysUserController.insertAuthRole()','POST',1,'admin','研发部门','/system/user/authRole/insertAuthRole','127.0.0.1','内网IP','{\"userId\":[\"3\"],\"roleIds\":[\"3\"]}','{\"msg\":\"操作成功\",\"code\":0}',0,NULL,'2023-02-17 15:22:17'),
(280,'菜单管理',2,'com.ruoyi.web.controller.system.SysMenuController.editSave()','POST',1,'admin','研发部门','/system/menu/edit','127.0.0.1','内网IP','{\"menuId\":[\"1071\"],\"parentId\":[\"1067\"],\"menuType\":[\"F\"],\"menuName\":[\"出库\"],\"url\":[\"#\"],\"target\":[\"menuItem\"],\"perms\":[\"warehouse:manager:outbound\"],\"orderNum\":[\"2\"],\"icon\":[\"#\"],\"visible\":[\"0\"],\"isRefresh\":[\"1\"]}','{\"msg\":\"操作成功\",\"code\":0}',0,NULL,'2023-02-17 15:27:39'),
(281,'药品出库',2,'com.ruoyi.web.controller.business.TDrugInfoController.wareHouseLogOutBound()','POST',1,'baitang','医生','/business/drugInfo/drugInfoOutBound','127.0.0.1','内网IP','{\"id\":[\"019d397054d842119875883b3a1b15cd\"],\"num\":[\"1\"]}','{\"msg\":\"操作成功\",\"code\":0}',0,NULL,'2023-02-17 15:27:58'),
(282,'药品出库',2,'com.ruoyi.web.controller.business.TDrugInfoController.wareHouseLogOutBound()','POST',1,'baitang','医生','/business/drugInfo/drugInfoOutBound','127.0.0.1','内网IP','{\"id\":[\"019d397054d842119875883b3a1b15cd\"],\"num\":[\"1\"]}','{\"msg\":\"操作成功\",\"code\":0}',0,NULL,'2023-02-17 15:28:03'),
(283,'药品出库',2,'com.ruoyi.web.controller.business.TDrugInfoController.wareHouseLogOutBound()','POST',1,'baitang','医生','/business/drugInfo/drugInfoOutBound','127.0.0.1','内网IP','{\"id\":[\"019d397054d842119875883b3a1b15cd\"],\"num\":[\"1\"]}','{\"msg\":\"操作成功\",\"code\":0}',0,NULL,'2023-02-17 15:28:32'),
(284,'药品信息',1,'com.ruoyi.web.controller.business.TDrugInfoController.addSave()','POST',1,'baitang','医生','/business/drugInfo/add','127.0.0.1','内网IP','{\"drugName\":[\"\"],\"drugAlias\":[\"\"],\"drugType\":[\"business_zsl\"],\"drugCategory\":[\"ZSY1\"],\"drugSpecs\":[\"\"],\"unitPrice\":[\"\"],\"retailPrice\":[\"\"],\"drugCompany\":[\"\"],\"manufactor\":[\"\"]}',NULL,1,'','2023-02-17 15:28:34'),
(285,'菜单管理',2,'com.ruoyi.web.controller.system.SysMenuController.editSave()','POST',1,'admin','研发部门','/system/menu/edit','127.0.0.1','内网IP','{\"menuId\":[\"104\"],\"parentId\":[\"1\"],\"menuType\":[\"C\"],\"menuName\":[\"岗位管理\"],\"url\":[\"/system/post\"],\"target\":[\"menuItem\"],\"perms\":[\"system:post:view\"],\"orderNum\":[\"5\"],\"icon\":[\"fa fa-address-card-o\"],\"visible\":[\"1\"],\"isRefresh\":[\"1\"]}','{\"msg\":\"操作成功\",\"code\":0}',0,NULL,'2023-02-21 11:34:59'),
(286,'菜单管理',2,'com.ruoyi.web.controller.system.SysMenuController.editSave()','POST',1,'admin','研发部门','/system/menu/edit','127.0.0.1','内网IP','{\"menuId\":[\"105\"],\"parentId\":[\"1\"],\"menuType\":[\"C\"],\"menuName\":[\"字典管理\"],\"url\":[\"/system/dict\"],\"target\":[\"menuItem\"],\"perms\":[\"system:dict:view\"],\"orderNum\":[\"6\"],\"icon\":[\"fa fa-bookmark-o\"],\"visible\":[\"1\"],\"isRefresh\":[\"1\"]}','{\"msg\":\"操作成功\",\"code\":0}',0,NULL,'2023-02-21 11:38:03'),
(287,'菜单管理',2,'com.ruoyi.web.controller.system.SysMenuController.editSave()','POST',1,'admin','研发部门','/system/menu/edit','127.0.0.1','内网IP','{\"menuId\":[\"106\"],\"parentId\":[\"1\"],\"menuType\":[\"C\"],\"menuName\":[\"参数设置\"],\"url\":[\"/system/config\"],\"target\":[\"menuItem\"],\"perms\":[\"system:config:view\"],\"orderNum\":[\"7\"],\"icon\":[\"fa fa-sun-o\"],\"visible\":[\"1\"],\"isRefresh\":[\"1\"]}','{\"msg\":\"操作成功\",\"code\":0}',0,NULL,'2023-02-21 11:38:42'),
(288,'菜单管理',2,'com.ruoyi.web.controller.system.SysMenuController.editSave()','POST',1,'admin','研发部门','/system/menu/edit','127.0.0.1','内网IP','{\"menuId\":[\"107\"],\"parentId\":[\"1\"],\"menuType\":[\"C\"],\"menuName\":[\"通知公告\"],\"url\":[\"/system/notice\"],\"target\":[\"menuItem\"],\"perms\":[\"system:notice:view\"],\"orderNum\":[\"8\"],\"icon\":[\"fa fa-bullhorn\"],\"visible\":[\"1\"],\"isRefresh\":[\"1\"]}','{\"msg\":\"操作成功\",\"code\":0}',0,NULL,'2023-02-21 11:38:58'),
(289,'菜单管理',2,'com.ruoyi.web.controller.system.SysMenuController.editSave()','POST',1,'admin','研发部门','/system/menu/edit','127.0.0.1','内网IP','{\"menuId\":[\"108\"],\"parentId\":[\"1\"],\"menuType\":[\"M\"],\"menuName\":[\"日志管理\"],\"url\":[\"#\"],\"target\":[\"menuItem\"],\"perms\":[\"\"],\"orderNum\":[\"9\"],\"icon\":[\"fa fa-pencil-square-o\"],\"visible\":[\"1\"],\"isRefresh\":[\"1\"]}','{\"msg\":\"操作成功\",\"code\":0}',0,NULL,'2023-02-21 11:39:14'),
(290,'菜单管理',2,'com.ruoyi.web.controller.system.SysMenuController.editSave()','POST',1,'admin','研发部门','/system/menu/edit','127.0.0.1','内网IP','{\"menuId\":[\"2\"],\"parentId\":[\"0\"],\"menuType\":[\"M\"],\"menuName\":[\"系统监控\"],\"url\":[\"#\"],\"target\":[\"menuItem\"],\"perms\":[\"\"],\"orderNum\":[\"2\"],\"icon\":[\"fa fa-video-camera\"],\"visible\":[\"1\"],\"isRefresh\":[\"1\"]}','{\"msg\":\"操作成功\",\"code\":0}',0,NULL,'2023-02-21 11:40:10'),
(291,'菜单管理',2,'com.ruoyi.web.controller.system.SysMenuController.editSave()','POST',1,'admin','研发部门','/system/menu/edit','127.0.0.1','内网IP','{\"menuId\":[\"3\"],\"parentId\":[\"0\"],\"menuType\":[\"M\"],\"menuName\":[\"系统工具\"],\"url\":[\"#\"],\"target\":[\"menuItem\"],\"perms\":[\"\"],\"orderNum\":[\"3\"],\"icon\":[\"fa fa-bars\"],\"visible\":[\"1\"],\"isRefresh\":[\"1\"]}','{\"msg\":\"操作成功\",\"code\":0}',0,NULL,'2023-02-21 11:40:21'),
(292,'菜单管理',2,'com.ruoyi.web.controller.system.SysMenuController.editSave()','POST',1,'admin','研发部门','/system/menu/edit','127.0.0.1','内网IP','{\"menuId\":[\"102\"],\"parentId\":[\"1\"],\"menuType\":[\"C\"],\"menuName\":[\"菜单管理\"],\"url\":[\"/system/menu\"],\"target\":[\"menuItem\"],\"perms\":[\"system:menu:view\"],\"orderNum\":[\"3\"],\"icon\":[\"fa fa-th-list\"],\"visible\":[\"1\"],\"isRefresh\":[\"1\"]}','{\"msg\":\"操作成功\",\"code\":0}',0,NULL,'2023-02-21 15:17:47'),
(293,'菜单管理',2,'com.ruoyi.web.controller.system.SysMenuController.editSave()','POST',1,'admin','研发部门','/system/menu/edit','127.0.0.1','内网IP','{\"menuId\":[\"2\"],\"parentId\":[\"0\"],\"menuType\":[\"M\"],\"menuName\":[\"系统监控\"],\"url\":[\"#\"],\"target\":[\"menuItem\"],\"perms\":[\"\"],\"orderNum\":[\"2\"],\"icon\":[\"fa fa-video-camera\"],\"visible\":[\"0\"],\"isRefresh\":[\"1\"]}','{\"msg\":\"操作成功\",\"code\":0}',0,NULL,'2023-02-26 20:34:09'),
(294,'菜单管理',1,'com.ruoyi.web.controller.system.SysMenuController.addSave()','POST',1,'admin','研发部门','/system/menu/add','127.0.0.1','内网IP','{\"parentId\":[\"0\"],\"menuType\":[\"M\"],\"menuName\":[\"处方管理\"],\"url\":[\"\"],\"target\":[\"menuItem\"],\"perms\":[\"\"],\"orderNum\":[\"1\"],\"icon\":[\"fa fa-plus-circle\"],\"visible\":[\"0\"],\"isRefresh\":[\"1\"]}','{\"msg\":\"操作成功\",\"code\":0}',0,NULL,'2023-03-11 16:37:15'),
(295,'菜单管理',2,'com.ruoyi.web.controller.system.SysMenuController.editSave()','POST',1,'admin','研发部门','/system/menu/edit','127.0.0.1','内网IP','{\"menuId\":[\"115\"],\"parentId\":[\"3\"],\"menuType\":[\"C\"],\"menuName\":[\"代码生成\"],\"url\":[\"/tool/gen\"],\"target\":[\"menuItem\"],\"perms\":[\"tool:gen:view\"],\"orderNum\":[\"2\"],\"icon\":[\"fa fa-code\"],\"visible\":[\"0\"],\"isRefresh\":[\"1\"]}','{\"msg\":\"操作成功\",\"code\":0}',0,NULL,'2023-03-11 17:10:26'),
(296,'菜单管理',2,'com.ruoyi.web.controller.system.SysMenuController.editSave()','POST',1,'admin','研发部门','/system/menu/edit','127.0.0.1','内网IP','{\"menuId\":[\"115\"],\"parentId\":[\"3\"],\"menuType\":[\"C\"],\"menuName\":[\"代码生成\"],\"url\":[\"/tool/gen\"],\"target\":[\"menuItem\"],\"perms\":[\"tool:gen:view\"],\"orderNum\":[\"2\"],\"icon\":[\"fa fa-code\"],\"visible\":[\"0\"],\"isRefresh\":[\"1\"]}','{\"msg\":\"操作成功\",\"code\":0}',0,NULL,'2023-03-11 17:11:37'),
(297,'菜单管理',2,'com.ruoyi.web.controller.system.SysMenuController.editSave()','POST',1,'admin','研发部门','/system/menu/edit','127.0.0.1','内网IP','{\"menuId\":[\"3\"],\"parentId\":[\"0\"],\"menuType\":[\"M\"],\"menuName\":[\"系统工具\"],\"url\":[\"#\"],\"target\":[\"menuItem\"],\"perms\":[\"\"],\"orderNum\":[\"3\"],\"icon\":[\"fa fa-bars\"],\"visible\":[\"0\"],\"isRefresh\":[\"1\"]}','{\"msg\":\"操作成功\",\"code\":0}',0,NULL,'2023-03-11 17:11:51'),
(298,'代码生成',6,'com.ruoyi.generator.controller.GenController.importTableSave()','POST',1,'admin','研发部门','/tool/gen/importTable','127.0.0.1','内网IP','{\"tables\":[\"t_prescription_drug_info,t_prescription_records\"]}','{\"msg\":\"操作成功\",\"code\":0}',0,NULL,'2023-03-11 17:12:20'),
(299,'代码生成',2,'com.ruoyi.generator.controller.GenController.editSave()','POST',1,'admin','研发部门','/tool/gen/edit','127.0.0.1','内网IP','{\"tableId\":[\"5\"],\"tableName\":[\"t_prescription_records\"],\"tableComment\":[\"处方信息\"],\"className\":[\"TPrescriptionRecords\"],\"functionAuthor\":[\"ruoyi\"],\"remark\":[\"\"],\"columns[0].columnId\":[\"46\"],\"columns[0].sort\":[\"1\"],\"columns[0].columnComment\":[\"自增ID\"],\"columns[0].javaType\":[\"Long\"],\"columns[0].javaField\":[\"id\"],\"columns[0].isInsert\":[\"1\"],\"columns[0].queryType\":[\"EQ\"],\"columns[0].htmlType\":[\"input\"],\"columns[0].dictType\":[\"\"],\"columns[1].columnId\":[\"47\"],\"columns[1].sort\":[\"2\"],\"columns[1].columnComment\":[\"患者姓名\"],\"columns[1].javaType\":[\"String\"],\"columns[1].javaField\":[\"name\"],\"columns[1].isInsert\":[\"1\"],\"columns[1].isEdit\":[\"1\"],\"columns[1].isList\":[\"1\"],\"columns[1].isQuery\":[\"1\"],\"columns[1].queryType\":[\"LIKE\"],\"columns[1].isRequired\":[\"1\"],\"columns[1].htmlType\":[\"input\"],\"columns[1].dictType\":[\"\"],\"columns[2].columnId\":[\"48\"],\"columns[2].sort\":[\"3\"],\"columns[2].columnComment\":[\"患者身份证号码\"],\"columns[2].javaType\":[\"String\"],\"columns[2].javaField\":[\"idNumber\"],\"columns[2].isInsert\":[\"1\"],\"columns[2].isEdit\":[\"1\"],\"columns[2].isList\":[\"1\"],\"columns[2].isQuery\":[\"1\"],\"columns[2].queryType\":[\"EQ\"],\"columns[2].isRequired\":[\"1\"],\"columns[2].htmlType\":[\"input\"],\"columns[2].dictType\":[\"\"],\"columns[3].columnId\":[\"49\"],\"columns[3].sort\":[\"4\"],\"columns[3].columnComment\":[\"患者年龄\"],\"columns[3].javaType\":[\"Long\"],\"columns[3].javaField\":[\"age\"],\"columns[3].isInsert\":[\"1\"],\"columns[3].isEdit\":[\"1\"],\"columns[3].isList\":[\"1\"],\"columns[3].isQuery\":[\"1\"],\"columns[3].queryType\":[\"EQ\"],\"columns[3].isRequired\":[\"1\"],\"columns[3].htmlType\":[\"input\"],\"columns[3].dictType\":[\"\"],\"columns[4].columnId\":[\"50\"],\"columns[4].sort\":[\"5\"],\"columns[4].columnComment\":[\"患者性别\"],\"columns[4].javaType\":[\"String\"],\"columns[4].javaField\":[\"sex\"],\"columns[4].isInsert\":[\"1\"],\"columns[4].isEdit\":[\"1\"],\"columns[4].isList\":[\"1\"],\"columns[4].isQuery\":[\"1\"],\"columns[4].queryType\":[\"EQ\"],\"columns[4].isRequired\":[\"1\"],\"columns[4].htmlType\":[\"select\"],\"columns[4].dictType\":[\"\"],\"columns[5].columnId\":[\"51\"],\"columns[5].sort\":[\"','{\"msg\":\"操作成功\",\"code\":0}',0,NULL,'2023-03-11 17:15:09'),
(300,'代码生成',8,'com.ruoyi.generator.controller.GenController.download()','GET',1,'admin','研发部门','/tool/gen/download/t_prescription_records','127.0.0.1','内网IP','\"t_prescription_records\"',NULL,0,NULL,'2023-03-11 17:15:26'),
(301,'药品信息',2,'com.ruoyi.web.controller.business.TDrugInfoController.editSave()','POST',1,'admin','研发部门','/business/drugInfo/edit','127.0.0.1','内网IP','{\"id\":[\"019d397054d842119875883b3a1b15cd\"],\"drugName\":[\"三九感冒灵冲剂\"],\"drugAlias\":[\"三九/39\"],\"drugType\":[\"business_fzsl\"],\"drugCategory\":[\"FZSY5\"],\"drugSpecs\":[\"10克/袋\"],\"unitPrice\":[\"21\"],\"retailPrice\":[\"25\"],\"drugCompany\":[\"盒\"],\"manufactor\":[\"华润三九医药股份有限公司\"],\"sort\":[\"3\"]}','{\"msg\":\"操作成功\",\"code\":0}',0,NULL,'2023-03-12 16:23:54'),
(302,'药品信息',2,'com.ruoyi.web.controller.business.TDrugInfoController.editSave()','POST',1,'admin','研发部门','/business/drugInfo/edit','127.0.0.1','内网IP','{\"id\":[\"019d397054d842119875883b3a1b15cd\"],\"drugName\":[\"三九感冒灵冲剂\"],\"drugAlias\":[\"三九/39\"],\"drugType\":[\"business_fzsl\"],\"drugCategory\":[\"FZSY5\"],\"drugSpecs\":[\"10克/袋\"],\"unitPrice\":[\"21\"],\"retailPrice\":[\"25\"],\"drugCompany\":[\"盒\"],\"manufactor\":[\"华润三九医药股份有限公司\"],\"sort\":[\"6\"]}','{\"msg\":\"操作成功\",\"code\":0}',0,NULL,'2023-03-12 16:26:08'),
(303,'药品信息',2,'com.ruoyi.web.controller.business.TDrugInfoController.editSave()','POST',1,'admin','研发部门','/business/drugInfo/edit','127.0.0.1','内网IP','{\"id\":[\"6d7a48f9e3f54bf0850b561c70588374\"],\"drugName\":[\"阿莫西林\"],\"drugAlias\":[\"amxl/001\"],\"drugType\":[\"business_zsl\"],\"drugCategory\":[\"ZSY1\"],\"drugSpecs\":[\"0.2克*30\"],\"unitPrice\":[\"10\"],\"retailPrice\":[\"20\"],\"drugCompany\":[\"盒\"],\"manufactor\":[\"阿莫西林厂家\"],\"sort\":[\"2\"]}','{\"msg\":\"操作成功\",\"code\":0}',0,NULL,'2023-03-12 16:34:49'),
(304,'药品信息',2,'com.ruoyi.web.controller.business.TDrugInfoController.editSave()','POST',1,'admin','研发部门','/business/drugInfo/edit','127.0.0.1','内网IP','{\"id\":[\"6d7a48f9e3f54bf0850b561c70588374\"],\"drugName\":[\"阿莫西林\"],\"drugAlias\":[\"amxl/001\"],\"drugType\":[\"business_zsl\"],\"drugCategory\":[\"ZSY1\"],\"drugSpecs\":[\"0.2克*30\"],\"unitPrice\":[\"10\"],\"retailPrice\":[\"20\"],\"drugCompany\":[\"盒\"],\"manufactor\":[\"阿莫西林厂家\"],\"sort\":[\"8\"]}','{\"msg\":\"操作成功\",\"code\":0}',0,NULL,'2023-03-12 16:38:24'),
(305,'药品信息',2,'com.ruoyi.web.controller.business.TDrugInfoController.editSave()','POST',1,'admin','研发部门','/business/drugInfo/edit','127.0.0.1','内网IP','{\"id\":[\"019d397054d842119875883b3a1b15cd\"],\"drugName\":[\"三九感冒灵冲剂\"],\"drugAlias\":[\"三九/39\"],\"drugType\":[\"business_fzsl\"],\"drugCategory\":[\"FZSY5\"],\"drugSpecs\":[\"10克/袋\"],\"unitPrice\":[\"21\"],\"retailPrice\":[\"25\"],\"drugCompany\":[\"盒\"],\"manufactor\":[\"华润三九医药股份有限公司\"],\"sort\":[\"1\"]}','{\"msg\":\"操作成功\",\"code\":0}',0,NULL,'2023-03-12 16:41:42'),
(306,'药品信息',2,'com.ruoyi.web.controller.business.TDrugInfoController.editSave()','POST',1,'admin','研发部门','/business/drugInfo/edit','127.0.0.1','内网IP','{\"id\":[\"019d397054d842119875883b3a1b15cd\"],\"drugName\":[\"三九感冒灵冲剂\"],\"drugAlias\":[\"三九/39\"],\"drugType\":[\"business_fzsl\"],\"drugCategory\":[\"FZSY5\"],\"drugSpecs\":[\"10克/袋\"],\"unitPrice\":[\"21\"],\"retailPrice\":[\"25\"],\"drugCompany\":[\"盒\"],\"manufactor\":[\"华润三九医药股份有限公司\"],\"sort\":[\"10\"]}','{\"msg\":\"操作成功\",\"code\":0}',0,NULL,'2023-03-12 16:41:55'),
(307,'菜单管理',2,'com.ruoyi.web.controller.system.SysMenuController.editSave()','POST',1,'admin','研发部门','/system/menu/edit','127.0.0.1','内网IP','{\"menuId\":[\"105\"],\"parentId\":[\"1\"],\"menuType\":[\"C\"],\"menuName\":[\"字典管理\"],\"url\":[\"/system/dict\"],\"target\":[\"menuItem\"],\"perms\":[\"system:dict:view\"],\"orderNum\":[\"6\"],\"icon\":[\"fa fa-bookmark-o\"],\"visible\":[\"0\"],\"isRefresh\":[\"1\"]}','{\"msg\":\"操作成功\",\"code\":0}',0,NULL,'2023-03-12 19:33:56'),
(308,'字典类型',1,'com.ruoyi.web.controller.system.SysDictTypeController.addSave()','POST',1,'admin','研发部门','/system/dict/add','127.0.0.1','内网IP','{\"dictName\":[\"输液费\"],\"dictType\":[\"business_zsf\"],\"status\":[\"0\"],\"remark\":[\"\"]}','{\"msg\":\"操作成功\",\"code\":0}',0,NULL,'2023-03-12 19:35:51'),
(309,'字典数据',1,'com.ruoyi.web.controller.system.SysDictDataController.addSave()','POST',1,'admin','研发部门','/system/dict/data/add','127.0.0.1','内网IP','{\"dictLabel\":[\"输液费\"],\"dictValue\":[\"5.8\"],\"dictType\":[\"business_zsf\"],\"cssClass\":[\"\"],\"dictSort\":[\"1\"],\"listClass\":[\"\"],\"isDefault\":[\"Y\"],\"status\":[\"0\"],\"remark\":[\"\"]}','{\"msg\":\"操作成功\",\"code\":0}',0,NULL,'2023-03-12 19:38:19'),
(310,'药品信息',2,'com.ruoyi.web.controller.business.TDrugInfoController.editSave()','POST',1,'admin','研发部门','/business/drugInfo/edit','127.0.0.1','内网IP','{\"id\":[\"6d7a48f9e3f54bf0850b561c70588374\"],\"drugName\":[\"阿莫西林3\"],\"drugAlias\":[\"amxl/001\"],\"drugType\":[\"business_zsl\"],\"drugCategory\":[\"ZSY1\"],\"drugSpecs\":[\"0.2克*30\"],\"unitPrice\":[\"10\"],\"retailPrice\":[\"20\"],\"drugCompany\":[\"盒\"],\"manufactor\":[\"阿莫西林厂家\"],\"sort\":[\"80\"]}','{\"msg\":\"操作成功\",\"code\":0}',0,NULL,'2023-03-12 20:46:36'),
(311,'处方信息',1,'com.ruoyi.web.controller.business.TPrescriptionRecordsController.addSave()','POST',1,'admin','研发部门','/system/records/add','127.0.0.1','内网IP','{\"name\":[\"王王一\"],\"sex\":[\"未完结\"],\"age\":[\"35\"],\"phone\":[\"12345678912\"],\"idNumber\":[\"123456198709011125\"],\"address\":[\"森\"],\"diagnosis\":[\"tttt\"],\"seach_keywords\":[\"3\"],\"remarks\":[\"\",\"\"]}',NULL,1,'\r\n### Error updating database.  Cause: com.mysql.cj.jdbc.exceptions.MysqlDataTruncation: Data truncation: Data too long for column \'sex\' at row 1\r\n### The error may exist in file [E:\\code\\smart_hosp\\ruoyi-system\\target\\classes\\mapper\\system\\TPrescriptionRecordsMapper.xml]\r\n### The error may involve com.ruoyi.system.mapper.TPrescriptionRecordsMapper.insertTPrescriptionRecords-Inline\r\n### The error occurred while setting parameters\r\n### SQL: insert into t_prescription_records          ( name,             id_number,             age,             sex,             address,             phone,             diagnosis )           values ( ?,             ?,             ?,             ?,             ?,             ?,             ? )\r\n### Cause: com.mysql.cj.jdbc.exceptions.MysqlDataTruncation: Data truncation: Data too long for column \'sex\' at row 1\n; Data truncation: Data too long for column \'sex\' at row 1; nested exception is com.mysql.cj.jdbc.exceptions.MysqlDataTruncation: Data truncation: Data too long for column \'sex\' at row 1','2023-03-14 20:48:47'),
(312,'处方信息',1,'com.ruoyi.web.controller.business.TPrescriptionRecordsController.addSave()','POST',1,'admin','研发部门','/system/records/add','127.0.0.1','内网IP','{\"name\":[\"王王一\"],\"sex\":[\"未完结\"],\"age\":[\"35\"],\"phone\":[\"12345678912\"],\"idNumber\":[\"123456198709011125\"],\"address\":[\"森\"],\"diagnosis\":[\"tttt\"],\"seach_keywords\":[\"3\"],\"remarks\":[\"\",\"\"]}',NULL,1,'\r\n### Error updating database.  Cause: com.mysql.cj.jdbc.exceptions.MysqlDataTruncation: Data truncation: Data too long for column \'sex\' at row 1\r\n### The error may exist in file [E:\\code\\smart_hosp\\ruoyi-system\\target\\classes\\mapper\\system\\TPrescriptionRecordsMapper.xml]\r\n### The error may involve com.ruoyi.system.mapper.TPrescriptionRecordsMapper.insertTPrescriptionRecords-Inline\r\n### The error occurred while setting parameters\r\n### SQL: insert into t_prescription_records          ( name,             id_number,             age,             sex,             address,             phone,             diagnosis )           values ( ?,             ?,             ?,             ?,             ?,             ?,             ? )\r\n### Cause: com.mysql.cj.jdbc.exceptions.MysqlDataTruncation: Data truncation: Data too long for column \'sex\' at row 1\n; Data truncation: Data too long for column \'sex\' at row 1; nested exception is com.mysql.cj.jdbc.exceptions.MysqlDataTruncation: Data truncation: Data too long for column \'sex\' at row 1','2023-03-14 20:49:04'),
(313,'代码生成',8,'com.ruoyi.generator.controller.GenController.download()','GET',1,'admin','研发部门','/tool/gen/download/t_prescription_records','127.0.0.1','内网IP','\"t_prescription_records\"',NULL,0,NULL,'2023-03-14 20:58:27'),
(314,'处方信息',1,'com.ruoyi.web.controller.business.TPrescriptionRecordsController.addSave()','POST',1,'admin','研发部门','/system/records/add','127.0.0.1','内网IP','{\"name\":[\"王王一\"],\"sex\":[\"男\"],\"age\":[\"35\"],\"phone\":[\"12345678912\"],\"idNumber\":[\"123456198709011125\"],\"address\":[\"森\"],\"diagnosis\":[\"ghhh\"],\"seach_keywords\":[\"3\"],\"tPrescriptionDrugInfoList[0].drugCount\":[\"1\"],\"tPrescriptionDrugInfoList[0].drugDays\":[\"3\"],\"tPrescriptionDrugInfoList[0].remarks\":[\"\"],\"tPrescriptionDrugInfoList[1].drugCount\":[\"1\"],\"tPrescriptionDrugInfoList[1].drugDays\":[\"3\"],\"tPrescriptionDrugInfoList[1].remarks\":[\"\"],\"tPrescriptionDrugInfoList[2].drugCount\":[\"1\"],\"tPrescriptionDrugInfoList[2].drugDays\":[\"3\"],\"tPrescriptionDrugInfoList[2].remarks\":[\"\"]}',NULL,1,'\r\n### Error updating database.  Cause: java.sql.SQLException: Field \'skin_test\' doesn\'t have a default value\r\n### The error may exist in file [E:\\code\\smart_hosp\\ruoyi-system\\target\\classes\\mapper\\system\\TPrescriptionRecordsMapper.xml]\r\n### The error may involve com.ruoyi.system.mapper.TPrescriptionRecordsMapper.insertTPrescriptionRecords-Inline\r\n### The error occurred while setting parameters\r\n### SQL: insert into t_prescription_records          ( name,             id_number,             age,             sex,             address,             phone,             diagnosis )           values ( ?,             ?,             ?,             ?,             ?,             ?,             ? )\r\n### Cause: java.sql.SQLException: Field \'skin_test\' doesn\'t have a default value\n; Field \'skin_test\' doesn\'t have a default value; nested exception is java.sql.SQLException: Field \'skin_test\' doesn\'t have a default value','2023-03-14 21:05:26'),
(315,'处方信息',1,'com.ruoyi.web.controller.business.TPrescriptionRecordsController.addSave()','POST',1,'admin','研发部门','/system/records/add','127.0.0.1','内网IP','{\"name\":[\"王王一\"],\"sex\":[\"男\"],\"age\":[\"29\"],\"phone\":[\"12345678912\"],\"idNumber\":[\"123456199402081125\"],\"address\":[\"森\"],\"diagnosis\":[\";;;;\"],\"seach_keywords\":[\"3\"],\"tPrescriptionDrugInfoList[0].drugCount\":[\"1\"],\"tPrescriptionDrugInfoList[0].drugDays\":[\"2\"],\"tPrescriptionDrugInfoList[0].remarks\":[\"\"],\"tPrescriptionDrugInfoList[1].drugCount\":[\"1\"],\"tPrescriptionDrugInfoList[1].drugDays\":[\"2\"],\"tPrescriptionDrugInfoList[1].remarks\":[\"\"]}',NULL,1,'\r\n### Error updating database.  Cause: java.sql.SQLException: Field \'skin_test\' doesn\'t have a default value\r\n### The error may exist in file [E:\\code\\smart_hosp\\ruoyi-system\\target\\classes\\mapper\\system\\TPrescriptionRecordsMapper.xml]\r\n### The error may involve com.ruoyi.system.mapper.TPrescriptionRecordsMapper.insertTPrescriptionRecords-Inline\r\n### The error occurred while setting parameters\r\n### SQL: insert into t_prescription_records          ( name,             id_number,             age,             sex,             address,             phone,             diagnosis )           values ( ?,             ?,             ?,             ?,             ?,             ?,             ? )\r\n### Cause: java.sql.SQLException: Field \'skin_test\' doesn\'t have a default value\n; Field \'skin_test\' doesn\'t have a default value; nested exception is java.sql.SQLException: Field \'skin_test\' doesn\'t have a default value','2023-03-14 21:05:57'),
(316,'处方信息',1,'com.ruoyi.web.controller.business.TPrescriptionRecordsController.addSave()','POST',1,'admin','研发部门','/system/records/add','127.0.0.1','内网IP','{\"name\":[\"王王一\"],\"sex\":[\"男\"],\"age\":[\"35\"],\"phone\":[\"12345678912\"],\"idNumber\":[\"123456198709011125\"],\"address\":[\"森\"],\"diagnosis\":[\"fff\"],\"seach_keywords\":[\"3\"],\"tPrescriptionDrugInfoList[0].drugCount\":[\"5\"],\"tPrescriptionDrugInfoList[0].drugDays\":[\"2\"],\"tPrescriptionDrugInfoList[0].remarks\":[\"77\"],\"tPrescriptionDrugInfoList[1].drugCount\":[\"1\"],\"tPrescriptionDrugInfoList[1].drugDays\":[\"4\"],\"tPrescriptionDrugInfoList[1].remarks\":[\"88\"]}',NULL,1,'\r\n### Error updating database.  Cause: java.sql.SQLException: Field \'skin_test\' doesn\'t have a default value\r\n### The error may exist in file [E:\\code\\smart_hosp\\ruoyi-system\\target\\classes\\mapper\\system\\TPrescriptionRecordsMapper.xml]\r\n### The error may involve com.ruoyi.system.mapper.TPrescriptionRecordsMapper.insertTPrescriptionRecords-Inline\r\n### The error occurred while setting parameters\r\n### SQL: insert into t_prescription_records          ( name,             id_number,             age,             sex,             address,             phone,             diagnosis,                          status,             doctorid,                                       crtime )           values ( ?,             ?,             ?,             ?,             ?,             ?,             ?,                          ?,             ?,                                       ? )\r\n### Cause: java.sql.SQLException: Field \'skin_test\' doesn\'t have a default value\n; Field \'skin_test\' doesn\'t have a default value; nested exception is java.sql.SQLException: Field \'skin_test\' doesn\'t have a default value','2023-03-14 21:17:06'),
(317,'处方信息',1,'com.ruoyi.web.controller.business.TPrescriptionRecordsController.addSave()','POST',1,'admin','研发部门','/system/records/add','127.0.0.1','内网IP','{\"name\":[\"王王一\"],\"sex\":[\"男\"],\"age\":[\"29\"],\"phone\":[\"12345678912\"],\"idNumber\":[\"123456199402081125\"],\"address\":[\"森\"],\"diagnosis\":[\"yy\"],\"seach_keywords\":[\"3\"],\"tPrescriptionDrugInfoList[0].drugCount\":[\"2\"],\"tPrescriptionDrugInfoList[0].drugDays\":[\"5\"],\"tPrescriptionDrugInfoList[0].remarks\":[\"77\"],\"tPrescriptionDrugInfoList[1].drugCount\":[\"3\"],\"tPrescriptionDrugInfoList[1].drugDays\":[\"2\"],\"tPrescriptionDrugInfoList[1].remarks\":[\"88\"],\"tPrescriptionDrugInfoList[2].drugCount\":[\"4\"],\"tPrescriptionDrugInfoList[2].drugDays\":[\"6\"],\"tPrescriptionDrugInfoList[2].remarks\":[\"99\"]}',NULL,1,'\r\n### Error updating database.  Cause: java.sql.SQLIntegrityConstraintViolationException: Column \'drugid\' cannot be null\r\n### The error may exist in file [E:\\code\\smart_hosp\\ruoyi-system\\target\\classes\\mapper\\system\\TPrescriptionRecordsMapper.xml]\r\n### The error may involve defaultParameterMap\r\n### The error occurred while setting parameters\r\n### SQL: insert into t_prescription_drug_info( prescriptionid, drugid, drug_price, counts, days, amount, remarks, crtime) values                  ( ?, ?, ?, ?, ?, ?, ?, ?)          ,              ( ?, ?, ?, ?, ?, ?, ?, ?)          ,              ( ?, ?, ?, ?, ?, ?, ?, ?)\r\n### Cause: java.sql.SQLIntegrityConstraintViolationException: Column \'drugid\' cannot be null\n; Column \'drugid\' cannot be null; nested exception is java.sql.SQLIntegrityConstraintViolationException: Column \'drugid\' cannot be null','2023-03-14 21:19:06'),
(318,'处方信息',1,'com.ruoyi.web.controller.business.TPrescriptionRecordsController.addSave()','POST',1,'admin','研发部门','/system/records/add','127.0.0.1','内网IP','{\"name\":[\"王王一\"],\"sex\":[\"男\"],\"age\":[\"29\"],\"phone\":[\"12345678912\"],\"idNumber\":[\"123456199402081125\"],\"address\":[\"森\"],\"diagnosis\":[\"yy\"],\"seach_keywords\":[\"3\"],\"tPrescriptionDrugInfoList[0].drugCount\":[\"2\"],\"tPrescriptionDrugInfoList[0].drugDays\":[\"5\"],\"tPrescriptionDrugInfoList[0].remarks\":[\"77\"],\"tPrescriptionDrugInfoList[1].drugCount\":[\"3\"],\"tPrescriptionDrugInfoList[1].drugDays\":[\"2\"],\"tPrescriptionDrugInfoList[1].remarks\":[\"88\"],\"tPrescriptionDrugInfoList[2].drugCount\":[\"4\"],\"tPrescriptionDrugInfoList[2].drugDays\":[\"6\"],\"tPrescriptionDrugInfoList[2].remarks\":[\"99\"]}',NULL,1,'\r\n### Error updating database.  Cause: java.sql.SQLIntegrityConstraintViolationException: Column \'drugid\' cannot be null\r\n### The error may exist in file [E:\\code\\smart_hosp\\ruoyi-system\\target\\classes\\mapper\\system\\TPrescriptionRecordsMapper.xml]\r\n### The error may involve defaultParameterMap\r\n### The error occurred while setting parameters\r\n### SQL: insert into t_prescription_drug_info( prescriptionid, drugid, drug_price, counts, days, amount, remarks, crtime) values                  ( ?, ?, ?, ?, ?, ?, ?, ?)          ,              ( ?, ?, ?, ?, ?, ?, ?, ?)          ,              ( ?, ?, ?, ?, ?, ?, ?, ?)\r\n### Cause: java.sql.SQLIntegrityConstraintViolationException: Column \'drugid\' cannot be null\n; Column \'drugid\' cannot be null; nested exception is java.sql.SQLIntegrityConstraintViolationException: Column \'drugid\' cannot be null','2023-03-14 21:19:15'),
(319,'处方信息',1,'com.ruoyi.web.controller.business.TPrescriptionRecordsController.addSave()','POST',1,'admin','研发部门','/system/records/add','127.0.0.1','内网IP','{\"name\":[\"王王一\"],\"sex\":[\"男\"],\"age\":[\"29\"],\"phone\":[\"12345678912\"],\"idNumber\":[\"\"],\"address\":[\"森\"],\"diagnosis\":[\"i\"],\"seach_keywords\":[\"3\"],\"tPrescriptionDrugInfoList[0].drugCount\":[\"1\"],\"tPrescriptionDrugInfoList[0].drugDays\":[\"2\"],\"tPrescriptionDrugInfoList[0].remarks\":[\"77\"]}',NULL,1,'\r\n### Error updating database.  Cause: java.sql.SQLIntegrityConstraintViolationException: Column \'drugid\' cannot be null\r\n### The error may exist in file [E:\\code\\smart_hosp\\ruoyi-system\\target\\classes\\mapper\\system\\TPrescriptionRecordsMapper.xml]\r\n### The error may involve defaultParameterMap\r\n### The error occurred while setting parameters\r\n### SQL: insert into t_prescription_drug_info( prescriptionid, drugid, drug_price, counts, days, amount, remarks, crtime) values                  ( ?, ?, ?, ?, ?, ?, ?, ?)\r\n### Cause: java.sql.SQLIntegrityConstraintViolationException: Column \'drugid\' cannot be null\n; Column \'drugid\' cannot be null; nested exception is java.sql.SQLIntegrityConstraintViolationException: Column \'drugid\' cannot be null','2023-03-14 21:20:37'),
(320,'处方信息',1,'com.ruoyi.web.controller.business.TPrescriptionRecordsController.addSave()','POST',1,'admin','研发部门','/system/records/add','127.0.0.1','内网IP','{\"name\":[\"王王一\"],\"sex\":[\"男\"],\"age\":[\"29\"],\"phone\":[\"12345678912\"],\"idNumber\":[\"\"],\"address\":[\"森\"],\"diagnosis\":[\"i\"],\"seach_keywords\":[\"3\"],\"tPrescriptionDrugInfoList[0].drugCount\":[\"1\"],\"tPrescriptionDrugInfoList[0].drugDays\":[\"2\"],\"tPrescriptionDrugInfoList[0].remarks\":[\"77\"]}',NULL,1,'\r\n### Error updating database.  Cause: java.sql.SQLIntegrityConstraintViolationException: Column \'drugid\' cannot be null\r\n### The error may exist in file [E:\\code\\smart_hosp\\ruoyi-system\\target\\classes\\mapper\\system\\TPrescriptionRecordsMapper.xml]\r\n### The error may involve defaultParameterMap\r\n### The error occurred while setting parameters\r\n### SQL: insert into t_prescription_drug_info( prescriptionid, drugid, drug_price, counts, days, amount, remarks, crtime) values                  ( ?, ?, ?, ?, ?, ?, ?, ?)\r\n### Cause: java.sql.SQLIntegrityConstraintViolationException: Column \'drugid\' cannot be null\n; Column \'drugid\' cannot be null; nested exception is java.sql.SQLIntegrityConstraintViolationException: Column \'drugid\' cannot be null','2023-03-14 21:20:45'),
(321,'处方信息',1,'com.ruoyi.web.controller.business.TPrescriptionRecordsController.addSave()','POST',1,'admin','研发部门','/system/records/add','127.0.0.1','内网IP','{\"name\":[\"王王一\"],\"sex\":[\"男\"],\"age\":[\"35\"],\"phone\":[\"12345678912\"],\"idNumber\":[\"123456198709011125\"],\"address\":[\"森\"],\"diagnosis\":[\"yy\"],\"seach_keywords\":[\"3\"],\"tPrescriptionDrugInfoList[0].drugid\":[\"6d7a48f9e3f54bf0850b561c70588377\"],\"tPrescriptionDrugInfoList[0].drugCount\":[\"1\"],\"tPrescriptionDrugInfoList[0].drugDays\":[\"2\"],\"tPrescriptionDrugInfoList[0].remarks\":[\"\"]}',NULL,1,'\r\n### Error updating database.  Cause: java.sql.SQLIntegrityConstraintViolationException: Column \'drug_price\' cannot be null\r\n### The error may exist in file [E:\\code\\smart_hosp\\ruoyi-system\\target\\classes\\mapper\\system\\TPrescriptionRecordsMapper.xml]\r\n### The error may involve defaultParameterMap\r\n### The error occurred while setting parameters\r\n### SQL: insert into t_prescription_drug_info( prescriptionid, drugid, drug_price, counts, days, amount, remarks, crtime) values                  ( ?, ?, ?, ?, ?, ?, ?, ?)\r\n### Cause: java.sql.SQLIntegrityConstraintViolationException: Column \'drug_price\' cannot be null\n; Column \'drug_price\' cannot be null; nested exception is java.sql.SQLIntegrityConstraintViolationException: Column \'drug_price\' cannot be null','2023-03-14 21:30:51'),
(322,'处方信息',1,'com.ruoyi.web.controller.business.TPrescriptionRecordsController.addSave()','POST',1,'admin','研发部门','/system/records/add','127.0.0.1','内网IP','{\"name\":[\"王王一\"],\"sex\":[\"男\"],\"age\":[\"35\"],\"phone\":[\"12345678912\"],\"idNumber\":[\"123456198709011125\"],\"address\":[\"森\"],\"diagnosis\":[\"\"],\"seach_keywords\":[\"3\"],\"tPrescriptionDrugInfoList[0].drugCount\":[\"1\"],\"tPrescriptionDrugInfoList[0].drugDays\":[\"1\"],\"tPrescriptionDrugInfoList[0].remarks\":[\"\"]}',NULL,1,'\r\n### Error updating database.  Cause: java.sql.SQLIntegrityConstraintViolationException: Column \'drugid\' cannot be null\r\n### The error may exist in file [E:\\code\\smart_hosp\\ruoyi-system\\target\\classes\\mapper\\system\\TPrescriptionRecordsMapper.xml]\r\n### The error may involve defaultParameterMap\r\n### The error occurred while setting parameters\r\n### SQL: insert into t_prescription_drug_info( prescriptionid, drugid, drug_price, counts, days, amount, remarks, crtime) values                  ( ?, ?, ?, ?, ?, ?, ?, ?)\r\n### Cause: java.sql.SQLIntegrityConstraintViolationException: Column \'drugid\' cannot be null\n; Column \'drugid\' cannot be null; nested exception is java.sql.SQLIntegrityConstraintViolationException: Column \'drugid\' cannot be null','2023-03-14 21:32:30'),
(323,'处方信息',1,'com.ruoyi.web.controller.business.TPrescriptionRecordsController.addSave()','POST',1,'admin','研发部门','/system/records/add','127.0.0.1','内网IP','{\"name\":[\"王王一\"],\"sex\":[\"男\"],\"age\":[\"35\"],\"phone\":[\"12345678912\"],\"idNumber\":[\"123456198709011125\"],\"address\":[\"森\"],\"diagnosis\":[\"\"],\"seach_keywords\":[\"3\"],\"tPrescriptionDrugInfoList[0].drugid\":[\"1\"],\"tPrescriptionDrugInfoList[0].drugCount\":[\"1\"],\"tPrescriptionDrugInfoList[0].drugDays\":[\"2\"],\"tPrescriptionDrugInfoList[0].remarks\":[\"\"]}',NULL,1,'\r\n### Error updating database.  Cause: java.sql.SQLIntegrityConstraintViolationException: Column \'drug_price\' cannot be null\r\n### The error may exist in file [E:\\code\\smart_hosp\\ruoyi-system\\target\\classes\\mapper\\system\\TPrescriptionRecordsMapper.xml]\r\n### The error may involve defaultParameterMap\r\n### The error occurred while setting parameters\r\n### SQL: insert into t_prescription_drug_info( prescriptionid, drugid, drug_price, counts, days, amount, remarks, crtime) values                  ( ?, ?, ?, ?, ?, ?, ?, ?)\r\n### Cause: java.sql.SQLIntegrityConstraintViolationException: Column \'drug_price\' cannot be null\n; Column \'drug_price\' cannot be null; nested exception is java.sql.SQLIntegrityConstraintViolationException: Column \'drug_price\' cannot be null','2023-03-14 21:35:28'),
(324,'处方信息',1,'com.ruoyi.web.controller.business.TPrescriptionRecordsController.addSave()','POST',1,'admin','研发部门','/system/records/add','127.0.0.1','内网IP','{\"name\":[\"王王一\"],\"sex\":[\"男\"],\"age\":[\"35\"],\"phone\":[\"12345678912\"],\"idNumber\":[\"123456198709011125\"],\"address\":[\"森\"],\"diagnosis\":[\"\"],\"seach_keywords\":[\"3\"],\"tPrescriptionDrugInfoList[0].drugid\":[\"1\"],\"tPrescriptionDrugInfoList[0].drugCount\":[\"1\"],\"tPrescriptionDrugInfoList[0].drugDays\":[\"2\"],\"tPrescriptionDrugInfoList[0].remarks\":[\"\"]}',NULL,1,'\r\n### Error updating database.  Cause: java.sql.SQLIntegrityConstraintViolationException: Column \'drug_price\' cannot be null\r\n### The error may exist in file [E:\\code\\smart_hosp\\ruoyi-system\\target\\classes\\mapper\\system\\TPrescriptionRecordsMapper.xml]\r\n### The error may involve defaultParameterMap\r\n### The error occurred while setting parameters\r\n### SQL: insert into t_prescription_drug_info( prescriptionid, drugid, drug_price, counts, days, amount, remarks, crtime) values                  ( ?, ?, ?, ?, ?, ?, ?, ?)\r\n### Cause: java.sql.SQLIntegrityConstraintViolationException: Column \'drug_price\' cannot be null\n; Column \'drug_price\' cannot be null; nested exception is java.sql.SQLIntegrityConstraintViolationException: Column \'drug_price\' cannot be null','2023-03-14 21:35:38'),
(325,'处方信息',1,'com.ruoyi.web.controller.business.TPrescriptionRecordsController.addSave()','POST',1,'admin','研发部门','/system/records/add','127.0.0.1','内网IP','{\"name\":[\"王王一\"],\"sex\":[\"男\"],\"age\":[\"259\"],\"phone\":[\"12345678912\"],\"idNumber\":[\"123456175865421125\"],\"address\":[\"森\"],\"diagnosis\":[\"11\"],\"seach_keywords\":[\"3\"],\"tPrescriptionDrugInfoList[0].drugid\":[\"1\"],\"tPrescriptionDrugInfoList[0].drugCount\":[\"1\"],\"tPrescriptionDrugInfoList[0].drugDays\":[\"1\"],\"tPrescriptionDrugInfoList[0].remarks\":[\"\"]}',NULL,1,'\r\n### Error updating database.  Cause: java.sql.SQLIntegrityConstraintViolationException: Column \'drug_price\' cannot be null\r\n### The error may exist in file [E:\\code\\smart_hosp\\ruoyi-system\\target\\classes\\mapper\\system\\TPrescriptionRecordsMapper.xml]\r\n### The error may involve defaultParameterMap\r\n### The error occurred while setting parameters\r\n### SQL: insert into t_prescription_drug_info( prescriptionid, drugid, drug_price, counts, days, amount, remarks, crtime) values                  ( ?, ?, ?, ?, ?, ?, ?, ?)\r\n### Cause: java.sql.SQLIntegrityConstraintViolationException: Column \'drug_price\' cannot be null\n; Column \'drug_price\' cannot be null; nested exception is java.sql.SQLIntegrityConstraintViolationException: Column \'drug_price\' cannot be null','2023-03-14 21:44:42'),
(326,'处方信息',1,'com.ruoyi.web.controller.business.TPrescriptionRecordsController.addSave()','POST',1,'admin','研发部门','/system/records/add','127.0.0.1','内网IP','{\"name\":[\"王王一\"],\"sex\":[\"男\"],\"age\":[\"29\"],\"phone\":[\"12345678912\"],\"idNumber\":[\"\"],\"address\":[\"s\"],\"diagnosis\":[\"f\"],\"seach_keywords\":[\"3\"],\"tPrescriptionDrugInfoList[0].drugCount\":[\"1\"],\"tPrescriptionDrugInfoList[0].drugDays\":[\"2\"],\"tPrescriptionDrugInfoList[0].remarks\":[\"\"]}',NULL,1,'\r\n### Error updating database.  Cause: java.sql.SQLIntegrityConstraintViolationException: Column \'drugid\' cannot be null\r\n### The error may exist in file [E:\\code\\smart_hosp\\ruoyi-system\\target\\classes\\mapper\\system\\TPrescriptionRecordsMapper.xml]\r\n### The error may involve defaultParameterMap\r\n### The error occurred while setting parameters\r\n### SQL: insert into t_prescription_drug_info( prescriptionid, drugid, drug_price, counts, days, amount, remarks, crtime) values                  ( ?, ?, ?, ?, ?, ?, ?, ?)\r\n### Cause: java.sql.SQLIntegrityConstraintViolationException: Column \'drugid\' cannot be null\n; Column \'drugid\' cannot be null; nested exception is java.sql.SQLIntegrityConstraintViolationException: Column \'drugid\' cannot be null','2023-03-14 21:45:53'),
(327,'处方信息',1,'com.ruoyi.web.controller.business.TPrescriptionRecordsController.addSave()','POST',1,'admin','研发部门','/system/records/add','127.0.0.1','内网IP','{\"name\":[\"王王一\"],\"sex\":[\"男\"],\"age\":[\"259\"],\"phone\":[\"12345678912\"],\"idNumber\":[\"123456175865421125\"],\"address\":[\"森\"],\"diagnosis\":[\"jjj\"],\"seach_keywords\":[\"3\"],\"tPrescriptionDrugInfoList[0].drugCount\":[\"1\"],\"tPrescriptionDrugInfoList[0].drugDays\":[\"2\"],\"tPrescriptionDrugInfoList[0].remarks\":[\"77\"],\"tPrescriptionDrugInfoList[1].drugCount\":[\"2\"],\"tPrescriptionDrugInfoList[1].drugDays\":[\"3\"],\"tPrescriptionDrugInfoList[1].remarks\":[\"88\"]}',NULL,1,'\r\n### Error updating database.  Cause: java.sql.SQLIntegrityConstraintViolationException: Column \'drugid\' cannot be null\r\n### The error may exist in file [E:\\code\\smart_hosp\\ruoyi-system\\target\\classes\\mapper\\system\\TPrescriptionRecordsMapper.xml]\r\n### The error may involve defaultParameterMap\r\n### The error occurred while setting parameters\r\n### SQL: insert into t_prescription_drug_info( prescriptionid, drugid, drug_price, counts, days, amount, remarks, crtime) values                  ( ?, ?, ?, ?, ?, ?, ?, ?)          ,              ( ?, ?, ?, ?, ?, ?, ?, ?)\r\n### Cause: java.sql.SQLIntegrityConstraintViolationException: Column \'drugid\' cannot be null\n; Column \'drugid\' cannot be null; nested exception is java.sql.SQLIntegrityConstraintViolationException: Column \'drugid\' cannot be null','2023-03-14 21:55:24'),
(328,'处方信息',1,'com.ruoyi.web.controller.business.TPrescriptionRecordsController.addSave()','POST',1,'admin','研发部门','/system/records/add','127.0.0.1','内网IP','{\"name\":[\"王王一\"],\"sex\":[\"男\"],\"age\":[\"259\"],\"phone\":[\"12345678912\"],\"idNumber\":[\"123456175865421125\"],\"address\":[\"森\"],\"diagnosis\":[\"一样\"],\"seach_keywords\":[\"3\"],\"tPrescriptionDrugInfoList[0].drugCount\":[\"1\"],\"tPrescriptionDrugInfoList[0].drugDays\":[\"2\"],\"tPrescriptionDrugInfoList[0].remarks\":[\"77\"]}',NULL,1,'\r\n### Error updating database.  Cause: java.sql.SQLIntegrityConstraintViolationException: Column \'drugid\' cannot be null\r\n### The error may exist in file [E:\\code\\smart_hosp\\ruoyi-system\\target\\classes\\mapper\\system\\TPrescriptionRecordsMapper.xml]\r\n### The error may involve defaultParameterMap\r\n### The error occurred while setting parameters\r\n### SQL: insert into t_prescription_drug_info( prescriptionid, drugid, drug_price, counts, days, amount, remarks, crtime) values                  ( ?, ?, ?, ?, ?, ?, ?, ?)\r\n### Cause: java.sql.SQLIntegrityConstraintViolationException: Column \'drugid\' cannot be null\n; Column \'drugid\' cannot be null; nested exception is java.sql.SQLIntegrityConstraintViolationException: Column \'drugid\' cannot be null','2023-03-14 22:20:24'),
(329,'处方信息',1,'com.ruoyi.web.controller.business.TPrescriptionRecordsController.addSave()','POST',1,'admin','研发部门','/system/records/add','127.0.0.1','内网IP','{\"name\":[\"王王一\"],\"sex\":[\"男\"],\"age\":[\"35\"],\"phone\":[\"12345678912\"],\"address\":[\"森\"],\"diagnosis\":[\"方法\"],\"idNumber\":[\"123456198709011125\"],\"zs_amount\":[\"0\"],\"drug_amount\":[\"7500\"],\"total_amount\":[\"7500\"],\"tPrescriptionDrugInfoList[0].days\":[\"2\"],\"tPrescriptionDrugInfoList[0].counts\":[\"1\"],\"tPrescriptionDrugInfoList[0].remarks\":[\"77\"],\"tPrescriptionDrugInfoList[0].drugid\":[\"019d397054d842119875883b3a1b15cd\"],\"tPrescriptionDrugInfoList[0].drug_price\":[\"2500\"],\"tPrescriptionDrugInfoList[0].amount\":[\"2500\"]}',NULL,1,'\r\n### Error updating database.  Cause: java.sql.SQLIntegrityConstraintViolationException: Column \'drug_price\' cannot be null\r\n### The error may exist in file [E:\\code\\smart_hosp\\ruoyi-system\\target\\classes\\mapper\\system\\TPrescriptionRecordsMapper.xml]\r\n### The error may involve defaultParameterMap\r\n### The error occurred while setting parameters\r\n### SQL: insert into t_prescription_drug_info( prescriptionid, drugid, drug_price, counts, days, amount, remarks, crtime) values                  ( ?, ?, ?, ?, ?, ?, ?, ?)\r\n### Cause: java.sql.SQLIntegrityConstraintViolationException: Column \'drug_price\' cannot be null\n; Column \'drug_price\' cannot be null; nested exception is java.sql.SQLIntegrityConstraintViolationException: Column \'drug_price\' cannot be null','2023-03-14 22:22:26'),
(330,'处方信息',1,'com.ruoyi.web.controller.business.TPrescriptionRecordsController.addSave()','POST',1,'admin','研发部门','/system/records/add','127.0.0.1','内网IP','{\"name\":[\"王王一\"],\"sex\":[\"男\"],\"age\":[\"35\"],\"phone\":[\"12345678912\"],\"address\":[\"森\"],\"diagnosis\":[\"ii\"],\"idNumber\":[\"123456198709011125\"],\"zs_amount\":[\"5.8\"],\"drug_amount\":[\"6000\"],\"total_amount\":[\"6005.8\"],\"tPrescriptionDrugInfoList[0].days\":[\"2\"],\"tPrescriptionDrugInfoList[0].counts\":[\"1\"],\"tPrescriptionDrugInfoList[0].remarks\":[\"77\"],\"tPrescriptionDrugInfoList[0].drugid\":[\"6d7a48f9e3f54bf0850b561c70588371\"],\"tPrescriptionDrugInfoList[0].drugPrice\":[\"2000\"],\"tPrescriptionDrugInfoList[0].amount\":[\"2000\"]}',NULL,1,'\r\n### Error updating database.  Cause: java.sql.SQLIntegrityConstraintViolationException: Column \'crtime\' cannot be null\r\n### The error may exist in file [E:\\code\\smart_hosp\\ruoyi-system\\target\\classes\\mapper\\system\\TPrescriptionRecordsMapper.xml]\r\n### The error may involve defaultParameterMap\r\n### The error occurred while setting parameters\r\n### SQL: insert into t_prescription_drug_info( prescriptionid, drugid, drug_price, counts, days, amount, remarks, crtime) values                  ( ?, ?, ?, ?, ?, ?, ?, ?)\r\n### Cause: java.sql.SQLIntegrityConstraintViolationException: Column \'crtime\' cannot be null\n; Column \'crtime\' cannot be null; nested exception is java.sql.SQLIntegrityConstraintViolationException: Column \'crtime\' cannot be null','2023-03-14 22:25:06'),
(331,'处方信息',1,'com.ruoyi.web.controller.business.TPrescriptionRecordsController.addSave()','POST',1,'admin','研发部门','/system/records/add','127.0.0.1','内网IP','{\"name\":[\"王王一\"],\"sex\":[\"男\"],\"age\":[\"35\"],\"phone\":[\"12345678912\"],\"address\":[\"森\"],\"diagnosis\":[\"方法\"],\"idNumber\":[\"123456198709011125\"],\"zs_amount\":[\"0\"],\"drug_amount\":[\"16000\"],\"total_amount\":[\"16000\"],\"tPrescriptionDrugInfoList[0].days\":[\"2\"],\"tPrescriptionDrugInfoList[0].counts\":[\"1\"],\"tPrescriptionDrugInfoList[0].remarks\":[\"77\"],\"tPrescriptionDrugInfoList[0].drugid\":[\"6d7a48f9e3f54bf0850b561c70588373\"],\"tPrescriptionDrugInfoList[0].drugPrice\":[\"2000\"],\"tPrescriptionDrugInfoList[0].amount\":[\"2000\"]}',NULL,1,'\r\n### Error updating database.  Cause: java.sql.SQLIntegrityConstraintViolationException: Column \'crtime\' cannot be null\r\n### The error may exist in file [E:\\code\\smart_hosp\\ruoyi-system\\target\\classes\\mapper\\system\\TPrescriptionRecordsMapper.xml]\r\n### The error may involve defaultParameterMap\r\n### The error occurred while setting parameters\r\n### SQL: insert into t_prescription_drug_info( prescriptionid, drugid, drug_price, counts, days, amount, remarks, crtime) values                  ( ?, ?, ?, ?, ?, ?, ?, ?)\r\n### Cause: java.sql.SQLIntegrityConstraintViolationException: Column \'crtime\' cannot be null\n; Column \'crtime\' cannot be null; nested exception is java.sql.SQLIntegrityConstraintViolationException: Column \'crtime\' cannot be null','2023-03-14 22:33:50'),
(332,'处方信息',1,'com.ruoyi.web.controller.business.TPrescriptionRecordsController.addSave()','POST',1,'admin','研发部门','/system/records/add','127.0.0.1','内网IP','{\"name\":[\"王王一\"],\"sex\":[\"男\"],\"age\":[\"259\"],\"phone\":[\"12345678912\"],\"address\":[\"森\"],\"diagnosis\":[\"都\"],\"idNumber\":[\"123456175865421125\"],\"zs_amount\":[\"5.8\"],\"drug_amount\":[\"40000\"],\"total_amount\":[\"40005.8\"],\"tPrescriptionDrugInfoList[0].days\":[\"2\"],\"tPrescriptionDrugInfoList[0].counts\":[\"1\"],\"tPrescriptionDrugInfoList[0].remarks\":[\"77\"],\"tPrescriptionDrugInfoList[0].drugid\":[\"019d397054d842119875883b3a1b15cd\"],\"tPrescriptionDrugInfoList[0].drugPrice\":[\"2500\"],\"tPrescriptionDrugInfoList[0].amount\":[\"2500\"],\"tPrescriptionDrugInfoList[1].days\":[\"3\"],\"tPrescriptionDrugInfoList[1].counts\":[\"2\"],\"tPrescriptionDrugInfoList[1].remarks\":[\"88\"],\"tPrescriptionDrugInfoList[1].drugid\":[\"6d7a48f9e3f54bf0850b561c70588377\"],\"tPrescriptionDrugInfoList[1].drugPrice\":[\"2000\"],\"tPrescriptionDrugInfoList[1].amount\":[\"4000\"]}',NULL,1,'\r\n### Error updating database.  Cause: java.sql.SQLIntegrityConstraintViolationException: Column \'crtime\' cannot be null\r\n### The error may exist in file [E:\\code\\smart_hosp\\ruoyi-system\\target\\classes\\mapper\\system\\TPrescriptionRecordsMapper.xml]\r\n### The error may involve defaultParameterMap\r\n### The error occurred while setting parameters\r\n### SQL: insert into t_prescription_drug_info( prescriptionid, drugid, drug_price, counts, days, amount, remarks, crtime) values                  ( ?, ?, ?, ?, ?, ?, ?, ?)          ,              ( ?, ?, ?, ?, ?, ?, ?, ?)\r\n### Cause: java.sql.SQLIntegrityConstraintViolationException: Column \'crtime\' cannot be null\n; Column \'crtime\' cannot be null; nested exception is java.sql.SQLIntegrityConstraintViolationException: Column \'crtime\' cannot be null','2023-03-14 22:37:28'),
(333,'处方信息',1,'com.ruoyi.web.controller.business.TPrescriptionRecordsController.addSave()','POST',1,'admin','研发部门','/system/records/add','127.0.0.1','内网IP','{\"name\":[\"王王一\"],\"sex\":[\"男\"],\"age\":[\"259\"],\"phone\":[\"12345678912\"],\"address\":[\"森\"],\"diagnosis\":[\"看看\"],\"idNumber\":[\"123456175865421125\"],\"zs_amount\":[\"5.8\"],\"drug_amount\":[\"6000\"],\"total_amount\":[\"6005.8\"],\"tPrescriptionDrugInfoList[0].days\":[\"2\"],\"tPrescriptionDrugInfoList[0].counts\":[\"1\"],\"tPrescriptionDrugInfoList[0].remarks\":[\"77\"],\"tPrescriptionDrugInfoList[0].drugid\":[\"6d7a48f9e3f54bf0850b561c70588377\"],\"tPrescriptionDrugInfoList[0].drugPrice\":[\"2000\"],\"tPrescriptionDrugInfoList[0].amount\":[\"2000\"]}','{\"msg\":\"操作成功\",\"code\":0}',0,NULL,'2023-03-14 22:46:40'),
(334,'代码生成',2,'com.ruoyi.generator.controller.GenController.synchDb()','GET',1,'admin','研发部门','/tool/gen/synchDb/t_prescription_records','127.0.0.1','内网IP','\"t_prescription_records\"','{\"msg\":\"操作成功\",\"code\":0}',0,NULL,'2023-03-14 22:58:11'),
(335,'代码生成',2,'com.ruoyi.generator.controller.GenController.editSave()','POST',1,'admin','研发部门','/tool/gen/edit','127.0.0.1','内网IP','{\"tableId\":[\"5\"],\"tableName\":[\"t_prescription_records\"],\"tableComment\":[\"处方信息\"],\"className\":[\"TPrescriptionRecords\"],\"functionAuthor\":[\"ruoyi\"],\"remark\":[\"\"],\"columns[0].columnId\":[\"46\"],\"columns[0].sort\":[\"1\"],\"columns[0].columnComment\":[\"自增ID\"],\"columns[0].javaType\":[\"Long\"],\"columns[0].javaField\":[\"id\"],\"columns[0].isInsert\":[\"1\"],\"columns[0].queryType\":[\"EQ\"],\"columns[0].htmlType\":[\"input\"],\"columns[0].dictType\":[\"\"],\"columns[1].columnId\":[\"47\"],\"columns[1].sort\":[\"2\"],\"columns[1].columnComment\":[\"患者姓名\"],\"columns[1].javaType\":[\"String\"],\"columns[1].javaField\":[\"name\"],\"columns[1].isInsert\":[\"1\"],\"columns[1].isEdit\":[\"1\"],\"columns[1].isList\":[\"1\"],\"columns[1].isQuery\":[\"1\"],\"columns[1].queryType\":[\"LIKE\"],\"columns[1].isRequired\":[\"1\"],\"columns[1].htmlType\":[\"input\"],\"columns[1].dictType\":[\"\"],\"columns[2].columnId\":[\"48\"],\"columns[2].sort\":[\"3\"],\"columns[2].columnComment\":[\"患者身份证号码\"],\"columns[2].javaType\":[\"String\"],\"columns[2].javaField\":[\"idNumber\"],\"columns[2].isInsert\":[\"1\"],\"columns[2].isEdit\":[\"1\"],\"columns[2].isList\":[\"1\"],\"columns[2].isQuery\":[\"1\"],\"columns[2].queryType\":[\"EQ\"],\"columns[2].isRequired\":[\"1\"],\"columns[2].htmlType\":[\"input\"],\"columns[2].dictType\":[\"\"],\"columns[3].columnId\":[\"49\"],\"columns[3].sort\":[\"4\"],\"columns[3].columnComment\":[\"患者年龄\"],\"columns[3].javaType\":[\"Long\"],\"columns[3].javaField\":[\"age\"],\"columns[3].isInsert\":[\"1\"],\"columns[3].isEdit\":[\"1\"],\"columns[3].isList\":[\"1\"],\"columns[3].isQuery\":[\"1\"],\"columns[3].queryType\":[\"EQ\"],\"columns[3].isRequired\":[\"1\"],\"columns[3].htmlType\":[\"input\"],\"columns[3].dictType\":[\"\"],\"columns[4].columnId\":[\"50\"],\"columns[4].sort\":[\"5\"],\"columns[4].columnComment\":[\"患者性别\"],\"columns[4].javaType\":[\"String\"],\"columns[4].javaField\":[\"sex\"],\"columns[4].isInsert\":[\"1\"],\"columns[4].isEdit\":[\"1\"],\"columns[4].isList\":[\"1\"],\"columns[4].isQuery\":[\"1\"],\"columns[4].queryType\":[\"EQ\"],\"columns[4].isRequired\":[\"1\"],\"columns[4].htmlType\":[\"select\"],\"columns[4].dictType\":[\"\"],\"columns[5].columnId\":[\"51\"],\"columns[5].sort\":[\"','{\"msg\":\"操作成功\",\"code\":0}',0,NULL,'2023-03-14 22:58:16'),
(336,'代码生成',2,'com.ruoyi.generator.controller.GenController.synchDb()','GET',1,'admin','研发部门','/tool/gen/synchDb/t_prescription_drug_info','127.0.0.1','内网IP','\"t_prescription_drug_info\"','{\"msg\":\"操作成功\",\"code\":0}',0,NULL,'2023-03-14 22:58:57'),
(337,'代码生成',2,'com.ruoyi.generator.controller.GenController.editSave()','POST',1,'admin','研发部门','/tool/gen/edit','127.0.0.1','内网IP','{\"tableId\":[\"4\"],\"tableName\":[\"t_prescription_drug_info\"],\"tableComment\":[\"处方的药品信息\"],\"className\":[\"TPrescriptionDrugInfo\"],\"functionAuthor\":[\"ruoyi\"],\"remark\":[\"\"],\"columns[0].columnId\":[\"38\"],\"columns[0].sort\":[\"1\"],\"columns[0].columnComment\":[\"处方ID\"],\"columns[0].javaType\":[\"Long\"],\"columns[0].javaField\":[\"prescriptionid\"],\"columns[0].isInsert\":[\"1\"],\"columns[0].queryType\":[\"EQ\"],\"columns[0].htmlType\":[\"input\"],\"columns[0].dictType\":[\"\"],\"columns[1].columnId\":[\"39\"],\"columns[1].sort\":[\"2\"],\"columns[1].columnComment\":[\"药品ID\"],\"columns[1].javaType\":[\"String\"],\"columns[1].javaField\":[\"drugid\"],\"columns[1].isInsert\":[\"1\"],\"columns[1].queryType\":[\"EQ\"],\"columns[1].htmlType\":[\"input\"],\"columns[1].dictType\":[\"\"],\"columns[2].columnId\":[\"40\"],\"columns[2].sort\":[\"3\"],\"columns[2].columnComment\":[\"药品单价\"],\"columns[2].javaType\":[\"Long\"],\"columns[2].javaField\":[\"drugPrice\"],\"columns[2].isInsert\":[\"1\"],\"columns[2].isEdit\":[\"1\"],\"columns[2].isList\":[\"1\"],\"columns[2].isQuery\":[\"1\"],\"columns[2].queryType\":[\"EQ\"],\"columns[2].isRequired\":[\"1\"],\"columns[2].htmlType\":[\"input\"],\"columns[2].dictType\":[\"\"],\"columns[3].columnId\":[\"41\"],\"columns[3].sort\":[\"4\"],\"columns[3].columnComment\":[\"药品数量\"],\"columns[3].javaType\":[\"Long\"],\"columns[3].javaField\":[\"counts\"],\"columns[3].isInsert\":[\"1\"],\"columns[3].isEdit\":[\"1\"],\"columns[3].isList\":[\"1\"],\"columns[3].isQuery\":[\"1\"],\"columns[3].queryType\":[\"EQ\"],\"columns[3].isRequired\":[\"1\"],\"columns[3].htmlType\":[\"input\"],\"columns[3].dictType\":[\"\"],\"columns[4].columnId\":[\"42\"],\"columns[4].sort\":[\"5\"],\"columns[4].columnComment\":[\"用药天数\"],\"columns[4].javaType\":[\"Long\"],\"columns[4].javaField\":[\"days\"],\"columns[4].isInsert\":[\"1\"],\"columns[4].isEdit\":[\"1\"],\"columns[4].isList\":[\"1\"],\"columns[4].isQuery\":[\"1\"],\"columns[4].queryType\":[\"EQ\"],\"columns[4].isRequired\":[\"1\"],\"columns[4].htmlType\":[\"input\"],\"columns[4].dictType\":[\"\"],\"columns[5].columnId\":[\"43\"],\"columns[5].sort\":[\"6\"],\"columns[5].columnComment\":[\"药品金额\"],\"columns[5].javaType\":[\"Long\"],\"columns[5].javaField\":','{\"msg\":\"操作成功\",\"code\":0}',0,NULL,'2023-03-14 22:59:06'),
(338,'处方信息',1,'com.ruoyi.web.controller.business.TPrescriptionRecordsController.addSave()','POST',1,'admin','研发部门','/system/records/add','127.0.0.1','内网IP','{\"name\":[\"王王一\"],\"sex\":[\"男\"],\"age\":[\"35\"],\"phone\":[\"12345678912\"],\"address\":[\"森\"],\"diagnosis\":[\"PP\"],\"idNumber\":[\"123456198709011125\"],\"zs_amount\":[\"5.8\"],\"drug_amount\":[\"6000\"],\"total_amount\":[\"6005.8\"],\"tPrescriptionDrugInfoList[0].days\":[\"2\"],\"tPrescriptionDrugInfoList[0].counts\":[\"1\"],\"tPrescriptionDrugInfoList[0].remarks\":[\"77\"],\"tPrescriptionDrugInfoList[0].drugid\":[\"6d7a48f9e3f54bf0850b561c70588377\"],\"tPrescriptionDrugInfoList[0].drugPrice\":[\"2000\"],\"tPrescriptionDrugInfoList[0].amount\":[\"2000\"]}','{\"msg\":\"操作成功\",\"code\":0}',0,NULL,'2023-03-14 23:02:59'),
(339,'处方信息',1,'com.ruoyi.web.controller.business.TPrescriptionRecordsController.addSave()','POST',1,'admin','研发部门','/system/records/add','127.0.0.1','内网IP','{\"name\":[\"王王一\"],\"sex\":[\"男\"],\"age\":[\"29\"],\"phone\":[\"12345678912\"],\"address\":[\"森\"],\"diagnosis\":[\"JJJ\"],\"idNumber\":[\"123456199402081125\"],\"zs_amount\":[\"5.8\"],\"drug_amount\":[\"29000\"],\"total_amount\":[\"29005.8\"],\"tPrescriptionDrugInfoList[0].days\":[\"2\"],\"tPrescriptionDrugInfoList[0].counts\":[\"1\"],\"tPrescriptionDrugInfoList[0].remarks\":[\"77\"],\"tPrescriptionDrugInfoList[0].drugid\":[\"6d7a48f9e3f54bf0850b561c70588376\"],\"tPrescriptionDrugInfoList[0].drugPrice\":[\"2000\"],\"tPrescriptionDrugInfoList[0].amount\":[\"2000\"],\"tPrescriptionDrugInfoList[1].days\":[\"3\"],\"tPrescriptionDrugInfoList[1].counts\":[\"1\"],\"tPrescriptionDrugInfoList[1].remarks\":[\"88\"],\"tPrescriptionDrugInfoList[1].drugid\":[\"019d397054d842119875883b3a1b15cd\"],\"tPrescriptionDrugInfoList[1].drugPrice\":[\"2500\"],\"tPrescriptionDrugInfoList[1].amount\":[\"2500\"]}','{\"msg\":\"操作成功\",\"code\":0}',0,NULL,'2023-03-14 23:04:33'),
(340,'处方信息',1,'com.ruoyi.web.controller.business.TPrescriptionRecordsController.addSave()','POST',1,'admin','研发部门','/system/records/add','127.0.0.1','内网IP','{\"name\":[\"王王一\"],\"sex\":[\"男\"],\"age\":[\"35\"],\"phone\":[\"12345678912\"],\"address\":[\"森\"],\"diagnosis\":[\"HH\"],\"idNumber\":[\"123456198709011125\"],\"zsAmount\":[\"5.8\"],\"drugAmount\":[\"29500\"],\"totalAmount\":[\"29505.8\"],\"tPrescriptionDrugInfoList[0].days\":[\"2\"],\"tPrescriptionDrugInfoList[0].counts\":[\"1\"],\"tPrescriptionDrugInfoList[0].remarks\":[\"77\"],\"tPrescriptionDrugInfoList[0].drugid\":[\"019d397054d842119875883b3a1b15cd\"],\"tPrescriptionDrugInfoList[0].drugPrice\":[\"2500\"],\"tPrescriptionDrugInfoList[0].amount\":[\"2500\"],\"tPrescriptionDrugInfoList[1].days\":[\"3\"],\"tPrescriptionDrugInfoList[1].counts\":[\"1\"],\"tPrescriptionDrugInfoList[1].remarks\":[\"88\"],\"tPrescriptionDrugInfoList[1].drugid\":[\"6d7a48f9e3f54bf0850b561c70588376\"],\"tPrescriptionDrugInfoList[1].drugPrice\":[\"2000\"],\"tPrescriptionDrugInfoList[1].amount\":[\"2000\"]}','{\"msg\":\"操作成功\",\"code\":0}',0,NULL,'2023-03-14 23:06:41'),
(341,'代码生成',2,'com.ruoyi.generator.controller.GenController.synchDb()','GET',1,'admin','研发部门','/tool/gen/synchDb/t_prescription_drug_info','127.0.0.1','内网IP','\"t_prescription_drug_info\"','{\"msg\":\"操作成功\",\"code\":0}',0,NULL,'2023-03-16 22:01:48'),
(342,'代码生成',2,'com.ruoyi.generator.controller.GenController.synchDb()','GET',1,'admin','研发部门','/tool/gen/synchDb/t_prescription_records','127.0.0.1','内网IP','\"t_prescription_records\"','{\"msg\":\"操作成功\",\"code\":0}',0,NULL,'2023-03-16 22:01:51'),
(343,'处方信息',3,'com.ruoyi.web.controller.business.TPrescriptionRecordsController.remove()','POST',1,'admin','研发部门','/system/records/remove','127.0.0.1','内网IP','{\"ids\":[\"19\"]}','{\"msg\":\"操作成功\",\"code\":0}',0,NULL,'2023-03-16 22:11:40'),
(344,'处方信息',3,'com.ruoyi.web.controller.business.TPrescriptionRecordsController.remove()','POST',1,'admin','研发部门','/system/records/remove','127.0.0.1','内网IP','{\"ids\":[\"18\"]}','{\"msg\":\"操作成功\",\"code\":0}',0,NULL,'2023-03-16 22:11:43'),
(345,'处方信息',3,'com.ruoyi.web.controller.business.TPrescriptionRecordsController.remove()','POST',1,'admin','研发部门','/system/records/remove','127.0.0.1','内网IP','{\"ids\":[\"17\"]}','{\"msg\":\"操作成功\",\"code\":0}',0,NULL,'2023-03-16 22:11:45'),
(346,'代码生成',2,'com.ruoyi.generator.controller.GenController.synchDb()','GET',1,'admin','研发部门','/tool/gen/synchDb/t_prescription_records','127.0.0.1','内网IP','\"t_prescription_records\"','{\"msg\":\"操作成功\",\"code\":0}',0,NULL,'2023-03-16 22:19:02'),
(347,'处方信息',1,'com.ruoyi.web.controller.business.TPrescriptionRecordsController.addSave()','POST',1,'admin','研发部门','/system/records/add','127.0.0.1','内网IP','{\"name\":[\"王王一\"],\"sex\":[\"0\"],\"age\":[\"35\"],\"phone\":[\"12345678912\"],\"address\":[\"森\"],\"diagnosis\":[\"有病，得治\"],\"idNumber\":[\"123456198709011125\"],\"zsAmount\":[\"5.8\"],\"drugAmount\":[\"38500\"],\"totalAmount\":[\"38505.8\"],\"tPrescriptionDrugInfoList[0].days\":[\"2\"],\"tPrescriptionDrugInfoList[0].counts\":[\"1\"],\"tPrescriptionDrugInfoList[0].remarks\":[\"77\"],\"tPrescriptionDrugInfoList[0].drugid\":[\"6d7a48f9e3f54bf0850b561c70588372\"],\"tPrescriptionDrugInfoList[0].drugPrice\":[\"2000\"],\"tPrescriptionDrugInfoList[0].amount\":[\"2000\"],\"tPrescriptionDrugInfoList[0].drugName\":[\"阿莫西林3\"],\"tPrescriptionDrugInfoList[0].drugType\":[\"business_zsl\"],\"tPrescriptionDrugInfoList[0].drugSpecs\":[\"0.2克*30\"],\"tPrescriptionDrugInfoList[1].days\":[\"2\"],\"tPrescriptionDrugInfoList[1].counts\":[\"1\"],\"tPrescriptionDrugInfoList[1].remarks\":[\"88\"],\"tPrescriptionDrugInfoList[1].drugid\":[\"019d397054d842119875883b3a1b15cd\"],\"tPrescriptionDrugInfoList[1].drugPrice\":[\"2500\"],\"tPrescriptionDrugInfoList[1].amount\":[\"2500\"],\"tPrescriptionDrugInfoList[1].drugName\":[\"三九感冒灵冲剂\"],\"tPrescriptionDrugInfoList[1].drugType\":[\"business_fzsl\"],\"tPrescriptionDrugInfoList[1].drugSpecs\":[\"10克/袋\"],\"tPrescriptionDrugInfoList[2].days\":[\"2\"],\"tPrescriptionDrugInfoList[2].counts\":[\"1\"],\"tPrescriptionDrugInfoList[2].remarks\":[\"99\"],\"tPrescriptionDrugInfoList[2].drugid\":[\"6d7a48f9e3f54bf0850b561c70588376\"],\"tPrescriptionDrugInfoList[2].drugPrice\":[\"2000\"],\"tPrescriptionDrugInfoList[2].amount\":[\"2000\"],\"tPrescriptionDrugInfoList[2].drugName\":[\"阿莫西林3\"],\"tPrescriptionDrugInfoList[2].drugType\":[\"business_zsl\"],\"tPrescriptionDrugInfoList[2].drugSpecs\":[\"0.2克*30\"]}',NULL,1,'nested exception is org.apache.ibatis.reflection.ReflectionException: There is no getter for property named \'drugCategory\' in \'class com.ruoyi.system.domain.TPrescriptionDrugInfo\'','2023-03-16 22:24:07'),
(348,'代码生成',2,'com.ruoyi.generator.controller.GenController.synchDb()','GET',1,'admin','研发部门','/tool/gen/synchDb/t_prescription_records','127.0.0.1','内网IP','\"t_prescription_records\"','{\"msg\":\"操作成功\",\"code\":0}',0,NULL,'2023-03-16 22:25:29'),
(349,'处方信息',1,'com.ruoyi.web.controller.business.TPrescriptionRecordsController.addSave()','POST',1,'admin','研发部门','/system/records/add','127.0.0.1','内网IP','{\"name\":[\"王王一\"],\"sex\":[\"0\"],\"age\":[\"259\"],\"phone\":[\"12345678912\"],\"address\":[\"森\"],\"diagnosis\":[\"圭\"],\"idNumber\":[\"123456175865421125\"],\"zsAmount\":[\"5.8\"],\"drugAmount\":[\"75000\"],\"totalAmount\":[\"75005.8\"],\"tPrescriptionDrugInfoList[0].days\":[\"3\"],\"tPrescriptionDrugInfoList[0].counts\":[\"1\"],\"tPrescriptionDrugInfoList[0].remarks\":[\"77\"],\"tPrescriptionDrugInfoList[0].drugid\":[\"6d7a48f9e3f54bf0850b561c70588372\"],\"tPrescriptionDrugInfoList[0].drugPrice\":[\"2000\"],\"tPrescriptionDrugInfoList[0].amount\":[\"2000\"],\"tPrescriptionDrugInfoList[0].drugName\":[\"阿莫西林3\"],\"tPrescriptionDrugInfoList[0].drugType\":[\"business_zsl\"],\"tPrescriptionDrugInfoList[0].drugSpecs\":[\"0.2克*30\"],\"tPrescriptionDrugInfoList[1].days\":[\"3\"],\"tPrescriptionDrugInfoList[1].counts\":[\"2\"],\"tPrescriptionDrugInfoList[1].remarks\":[\"88\"],\"tPrescriptionDrugInfoList[1].drugid\":[\"6d7a48f9e3f54bf0850b561c70588376\"],\"tPrescriptionDrugInfoList[1].drugPrice\":[\"2000\"],\"tPrescriptionDrugInfoList[1].amount\":[\"4000\"],\"tPrescriptionDrugInfoList[1].drugName\":[\"阿莫西林3\"],\"tPrescriptionDrugInfoList[1].drugType\":[\"business_zsl\"],\"tPrescriptionDrugInfoList[1].drugSpecs\":[\"0.2克*30\"],\"tPrescriptionDrugInfoList[2].days\":[\"3\"],\"tPrescriptionDrugInfoList[2].counts\":[\"3\"],\"tPrescriptionDrugInfoList[2].remarks\":[\"99\"],\"tPrescriptionDrugInfoList[2].drugid\":[\"019d397054d842119875883b3a1b15cd\"],\"tPrescriptionDrugInfoList[2].drugPrice\":[\"2500\"],\"tPrescriptionDrugInfoList[2].amount\":[\"7500\"],\"tPrescriptionDrugInfoList[2].drugName\":[\"三九感冒灵冲剂\"],\"tPrescriptionDrugInfoList[2].drugType\":[\"business_fzsl\"],\"tPrescriptionDrugInfoList[2].drugSpecs\":[\"10克/袋\"]}',NULL,1,'nested exception is org.apache.ibatis.reflection.ReflectionException: There is no getter for property named \'drugCategory\' in \'class com.ruoyi.system.domain.TPrescriptionDrugInfo\'','2023-03-16 22:26:49'),
(350,'代码生成',2,'com.ruoyi.generator.controller.GenController.synchDb()','GET',1,'admin','研发部门','/tool/gen/synchDb/t_prescription_records','127.0.0.1','内网IP','\"t_prescription_records\"','{\"msg\":\"操作成功\",\"code\":0}',0,NULL,'2023-03-16 22:27:18'),
(351,'代码生成',2,'com.ruoyi.generator.controller.GenController.synchDb()','GET',1,'admin','研发部门','/tool/gen/synchDb/t_prescription_drug_info','127.0.0.1','内网IP','\"t_prescription_drug_info\"','{\"msg\":\"操作成功\",\"code\":0}',0,NULL,'2023-03-16 22:28:54'),
(352,'代码生成',2,'com.ruoyi.generator.controller.GenController.synchDb()','GET',1,'admin','研发部门','/tool/gen/synchDb/t_prescription_records','127.0.0.1','内网IP','\"t_prescription_records\"','{\"msg\":\"操作成功\",\"code\":0}',0,NULL,'2023-03-16 22:30:11'),
(353,'处方信息',1,'com.ruoyi.web.controller.business.TPrescriptionRecordsController.addSave()','POST',1,'admin','研发部门','/system/records/add','127.0.0.1','内网IP','{\"name\":[\"王王一\"],\"sex\":[\"0\"],\"age\":[\"259\"],\"phone\":[\"12345678912\"],\"address\":[\"森\"],\"diagnosis\":[\"圭\"],\"idNumber\":[\"123456175865421125\"],\"zsAmount\":[\"5.8\"],\"drugAmount\":[\"75000\"],\"totalAmount\":[\"75005.8\"],\"tPrescriptionDrugInfoList[0].days\":[\"3\"],\"tPrescriptionDrugInfoList[0].counts\":[\"1\"],\"tPrescriptionDrugInfoList[0].remarks\":[\"77\"],\"tPrescriptionDrugInfoList[0].drugid\":[\"6d7a48f9e3f54bf0850b561c70588372\"],\"tPrescriptionDrugInfoList[0].drugPrice\":[\"2000\"],\"tPrescriptionDrugInfoList[0].amount\":[\"2000\"],\"tPrescriptionDrugInfoList[0].drugName\":[\"阿莫西林3\"],\"tPrescriptionDrugInfoList[0].drugType\":[\"business_zsl\"],\"tPrescriptionDrugInfoList[0].drugSpecs\":[\"0.2克*30\"],\"tPrescriptionDrugInfoList[1].days\":[\"3\"],\"tPrescriptionDrugInfoList[1].counts\":[\"2\"],\"tPrescriptionDrugInfoList[1].remarks\":[\"88\"],\"tPrescriptionDrugInfoList[1].drugid\":[\"6d7a48f9e3f54bf0850b561c70588376\"],\"tPrescriptionDrugInfoList[1].drugPrice\":[\"2000\"],\"tPrescriptionDrugInfoList[1].amount\":[\"4000\"],\"tPrescriptionDrugInfoList[1].drugName\":[\"阿莫西林3\"],\"tPrescriptionDrugInfoList[1].drugType\":[\"business_zsl\"],\"tPrescriptionDrugInfoList[1].drugSpecs\":[\"0.2克*30\"],\"tPrescriptionDrugInfoList[2].days\":[\"3\"],\"tPrescriptionDrugInfoList[2].counts\":[\"3\"],\"tPrescriptionDrugInfoList[2].remarks\":[\"99\"],\"tPrescriptionDrugInfoList[2].drugid\":[\"019d397054d842119875883b3a1b15cd\"],\"tPrescriptionDrugInfoList[2].drugPrice\":[\"2500\"],\"tPrescriptionDrugInfoList[2].amount\":[\"7500\"],\"tPrescriptionDrugInfoList[2].drugName\":[\"三九感冒灵冲剂\"],\"tPrescriptionDrugInfoList[2].drugType\":[\"business_fzsl\"],\"tPrescriptionDrugInfoList[2].drugSpecs\":[\"10克/袋\"]}','{\"msg\":\"操作成功\",\"code\":0}',0,NULL,'2023-03-16 22:31:06'),
(354,'处方信息',3,'com.ruoyi.web.controller.business.TPrescriptionRecordsController.remove()','POST',1,'admin','研发部门','/system/records/remove','127.0.0.1','内网IP','{\"ids\":[\"20\"]}','{\"msg\":\"操作成功\",\"code\":0}',0,NULL,'2023-03-16 22:47:33'),
(355,'处方信息',1,'com.ruoyi.web.controller.business.TPrescriptionRecordsController.addSave()','POST',1,'admin','研发部门','/system/records/add','127.0.0.1','内网IP','{\"name\":[\"王王一\"],\"sex\":[\"0\"],\"age\":[\"259\"],\"phone\":[\"12345678912\"],\"address\":[\"森\"],\"diagnosis\":[\"圭\"],\"idNumber\":[\"123456175865421125\"],\"zsAmount\":[\"5.8\"],\"drugAmount\":[\"48000\"],\"totalAmount\":[\"48005.8\"],\"tPrescriptionDrugInfoList[0].days\":[\"3\"],\"tPrescriptionDrugInfoList[0].counts\":[\"3\"],\"tPrescriptionDrugInfoList[0].remarks\":[\"99\"],\"tPrescriptionDrugInfoList[0].drugid\":[\"019d397054d842119875883b3a1b15cd\"],\"tPrescriptionDrugInfoList[0].drugPrice\":[\"2500\"],\"tPrescriptionDrugInfoList[0].amount\":[\"7500\"],\"tPrescriptionDrugInfoList[0].drugName\":[\"三九感冒灵冲剂\"],\"tPrescriptionDrugInfoList[0].drugType\":[\"business_fzsl\"],\"tPrescriptionDrugInfoList[0].drugSpecs\":[\"10克/袋\"],\"tPrescriptionDrugInfoList[1].days\":[\"3\"],\"tPrescriptionDrugInfoList[1].counts\":[\"1\"],\"tPrescriptionDrugInfoList[1].remarks\":[\"77\"],\"tPrescriptionDrugInfoList[1].drugid\":[\"6d7a48f9e3f54bf0850b561c70588372\"],\"tPrescriptionDrugInfoList[1].drugPrice\":[\"2000\"],\"tPrescriptionDrugInfoList[1].amount\":[\"2000\"],\"tPrescriptionDrugInfoList[1].drugName\":[\"阿莫西林3\"],\"tPrescriptionDrugInfoList[1].drugType\":[\"business_zsl\"],\"tPrescriptionDrugInfoList[1].drugSpecs\":[\"0.2克*30\"],\"tPrescriptionDrugInfoList[2].days\":[\"3\"],\"tPrescriptionDrugInfoList[2].counts\":[\"2\"],\"tPrescriptionDrugInfoList[2].remarks\":[\"88\"],\"tPrescriptionDrugInfoList[2].drugid\":[\"6d7a48f9e3f54bf0850b561c70588376\"],\"tPrescriptionDrugInfoList[2].drugPrice\":[\"2000\"],\"tPrescriptionDrugInfoList[2].amount\":[\"4000\"],\"tPrescriptionDrugInfoList[2].drugName\":[\"阿莫西林3\"],\"tPrescriptionDrugInfoList[2].drugType\":[\"business_zsl\"],\"tPrescriptionDrugInfoList[2].drugSpecs\":[\"0.2克*30\"],\"tPrescriptionDrugInfoList[3].days\":[\"2\"],\"tPrescriptionDrugInfoList[3].counts\":[\"1\"],\"tPrescriptionDrugInfoList[3].remarks\":[\"55\"],\"tPrescriptionDrugInfoList[3].drugid\":[\"019d397054d842119875883b3a1b15cd\"],\"tPrescriptionDrugInfoList[3].drugPrice\":[\"2500\"],\"tPrescriptionDrugInfoList[3].amount\":[\"2500\"],\"tPrescriptionDrugInfoList[3].drugName\":[\"三九感冒灵冲剂\"],\"tPrescriptionDrugInfoList[3].drugType\":[\"busines',NULL,1,'\r\n### Error updating database.  Cause: java.sql.SQLIntegrityConstraintViolationException: Duplicate entry \'24-019d397054d842119875883b3a1b15cd\' for key \'t_prescription_drug_info.PRIMARY\'\r\n### The error may exist in file [E:\\code\\smart_hosp\\ruoyi-system\\target\\classes\\mapper\\system\\TPrescriptionRecordsMapper.xml]\r\n### The error may involve defaultParameterMap\r\n### The error occurred while setting parameters\r\n### SQL: insert into t_prescription_drug_info( prescriptionid, drugid, drug_name, drugType, drug_specs, drug_price, counts, days, amount, remarks) values                        ( ?, ?, ?, ?, ?, ?, ?, ?, ?, ?)          ,              ( ?, ?, ?, ?, ?, ?, ?, ?, ?, ?)          ,              ( ?, ?, ?, ?, ?, ?, ?, ?, ?, ?)          ,              ( ?, ?, ?, ?, ?, ?, ?, ?, ?, ?)\r\n### Cause: java.sql.SQLIntegrityConstraintViolationException: Duplicate entry \'24-019d397054d842119875883b3a1b15cd\' for key \'t_prescription_drug_info.PRIMARY\'\n; Duplicate entry \'24-019d397054d842119875883b3a1b15cd\' for key \'t_prescription_drug_info.PRIMARY\'; nested exception is java.sql.SQLIntegrityConstraintViolationException: Duplicate entry \'24-019d397054d842119875883b3a1b15cd\' for key \'t_prescription_drug_info.PRIMARY\'','2023-03-16 22:48:53'),
(356,'处方信息',1,'com.ruoyi.web.controller.business.TPrescriptionRecordsController.addSave()','POST',1,'admin','研发部门','/system/records/add','127.0.0.1','内网IP','{\"name\":[\"王王一\"],\"sex\":[\"0\"],\"age\":[\"259\"],\"phone\":[\"12345678912\"],\"address\":[\"森\"],\"diagnosis\":[\"圭\"],\"idNumber\":[\"123456175865421125\"],\"zsAmount\":[\"5.8\"],\"drugAmount\":[\"48000\"],\"totalAmount\":[\"48005.8\"],\"tPrescriptionDrugInfoList[0].days\":[\"3\"],\"tPrescriptionDrugInfoList[0].counts\":[\"3\"],\"tPrescriptionDrugInfoList[0].remarks\":[\"99\"],\"tPrescriptionDrugInfoList[0].drugid\":[\"019d397054d842119875883b3a1b15cd\"],\"tPrescriptionDrugInfoList[0].drugPrice\":[\"2500\"],\"tPrescriptionDrugInfoList[0].amount\":[\"7500\"],\"tPrescriptionDrugInfoList[0].drugName\":[\"三九感冒灵冲剂\"],\"tPrescriptionDrugInfoList[0].drugType\":[\"business_fzsl\"],\"tPrescriptionDrugInfoList[0].drugSpecs\":[\"10克/袋\"],\"tPrescriptionDrugInfoList[1].days\":[\"3\"],\"tPrescriptionDrugInfoList[1].counts\":[\"1\"],\"tPrescriptionDrugInfoList[1].remarks\":[\"77\"],\"tPrescriptionDrugInfoList[1].drugid\":[\"6d7a48f9e3f54bf0850b561c70588372\"],\"tPrescriptionDrugInfoList[1].drugPrice\":[\"2000\"],\"tPrescriptionDrugInfoList[1].amount\":[\"2000\"],\"tPrescriptionDrugInfoList[1].drugName\":[\"阿莫西林3\"],\"tPrescriptionDrugInfoList[1].drugType\":[\"business_zsl\"],\"tPrescriptionDrugInfoList[1].drugSpecs\":[\"0.2克*30\"],\"tPrescriptionDrugInfoList[2].days\":[\"3\"],\"tPrescriptionDrugInfoList[2].counts\":[\"2\"],\"tPrescriptionDrugInfoList[2].remarks\":[\"88\"],\"tPrescriptionDrugInfoList[2].drugid\":[\"6d7a48f9e3f54bf0850b561c70588376\"],\"tPrescriptionDrugInfoList[2].drugPrice\":[\"2000\"],\"tPrescriptionDrugInfoList[2].amount\":[\"4000\"],\"tPrescriptionDrugInfoList[2].drugName\":[\"阿莫西林3\"],\"tPrescriptionDrugInfoList[2].drugType\":[\"business_zsl\"],\"tPrescriptionDrugInfoList[2].drugSpecs\":[\"0.2克*30\"],\"tPrescriptionDrugInfoList[3].days\":[\"2\"],\"tPrescriptionDrugInfoList[3].counts\":[\"1\"],\"tPrescriptionDrugInfoList[3].remarks\":[\"55\"],\"tPrescriptionDrugInfoList[3].drugid\":[\"019d397054d842119875883b3a1b15cd\"],\"tPrescriptionDrugInfoList[3].drugPrice\":[\"2500\"],\"tPrescriptionDrugInfoList[3].amount\":[\"2500\"],\"tPrescriptionDrugInfoList[3].drugName\":[\"三九感冒灵冲剂\"],\"tPrescriptionDrugInfoList[3].drugType\":[\"busines',NULL,1,'','2023-03-16 22:55:10'),
(357,'处方信息',1,'com.ruoyi.web.controller.business.TPrescriptionRecordsController.addSave()','POST',1,'admin','研发部门','/system/records/add','127.0.0.1','内网IP','{\"name\":[\"王王一\"],\"sex\":[\"0\"],\"age\":[\"259\"],\"phone\":[\"12345678912\"],\"address\":[\"森\"],\"diagnosis\":[\"圭\"],\"idNumber\":[\"123456175865421125\"],\"zsAmount\":[\"0\"],\"drugAmount\":[\"0\"],\"totalAmount\":[\"0\"],\"tPrescriptionDrugInfoList[0].days\":[\"3\"],\"tPrescriptionDrugInfoList[0].counts\":[\"3\"],\"tPrescriptionDrugInfoList[0].remarks\":[\"99\"],\"tPrescriptionDrugInfoList[0].drugid\":[\"019d397054d842119875883b3a1b15cd\"],\"tPrescriptionDrugInfoList[0].drugPrice\":[\"2500\"],\"tPrescriptionDrugInfoList[0].amount\":[\"7500\"],\"tPrescriptionDrugInfoList[0].drugName\":[\"三九感冒灵冲剂\"],\"tPrescriptionDrugInfoList[0].drugType\":[\"business_fzsl\"],\"tPrescriptionDrugInfoList[0].drugSpecs\":[\"10克/袋\"],\"tPrescriptionDrugInfoList[1].days\":[\"3\"],\"tPrescriptionDrugInfoList[1].counts\":[\"1\"],\"tPrescriptionDrugInfoList[1].remarks\":[\"77\"],\"tPrescriptionDrugInfoList[1].drugid\":[\"6d7a48f9e3f54bf0850b561c70588372\"],\"tPrescriptionDrugInfoList[1].drugPrice\":[\"2000\"],\"tPrescriptionDrugInfoList[1].amount\":[\"2000\"],\"tPrescriptionDrugInfoList[1].drugName\":[\"阿莫西林3\"],\"tPrescriptionDrugInfoList[1].drugType\":[\"business_zsl\"],\"tPrescriptionDrugInfoList[1].drugSpecs\":[\"0.2克*30\"],\"tPrescriptionDrugInfoList[2].days\":[\"3\"],\"tPrescriptionDrugInfoList[2].counts\":[\"2\"],\"tPrescriptionDrugInfoList[2].remarks\":[\"88\"],\"tPrescriptionDrugInfoList[2].drugid\":[\"6d7a48f9e3f54bf0850b561c70588376\"],\"tPrescriptionDrugInfoList[2].drugPrice\":[\"2000\"],\"tPrescriptionDrugInfoList[2].amount\":[\"4000\"],\"tPrescriptionDrugInfoList[2].drugName\":[\"阿莫西林3\"],\"tPrescriptionDrugInfoList[2].drugType\":[\"business_zsl\"],\"tPrescriptionDrugInfoList[2].drugSpecs\":[\"0.2克*30\"]}',NULL,1,'','2023-03-16 22:56:33'),
(358,'处方信息',1,'com.ruoyi.web.controller.business.TPrescriptionRecordsController.addSave()','POST',1,'admin','研发部门','/system/records/add','127.0.0.1','内网IP','{\"name\":[\"王王一\"],\"sex\":[\"0\"],\"age\":[\"259\"],\"phone\":[\"12345678912\"],\"address\":[\"森\"],\"diagnosis\":[\"圭\"],\"idNumber\":[\"123456175865421125\"],\"zsAmount\":[\"0\"],\"drugAmount\":[\"0\"],\"totalAmount\":[\"0\"],\"tPrescriptionDrugInfoList[0].days\":[\"3\"],\"tPrescriptionDrugInfoList[0].counts\":[\"3\"],\"tPrescriptionDrugInfoList[0].remarks\":[\"99\"],\"tPrescriptionDrugInfoList[0].drugid\":[\"019d397054d842119875883b3a1b15cd\"],\"tPrescriptionDrugInfoList[0].drugPrice\":[\"2500\"],\"tPrescriptionDrugInfoList[0].amount\":[\"7500\"],\"tPrescriptionDrugInfoList[0].drugName\":[\"三九感冒灵冲剂\"],\"tPrescriptionDrugInfoList[0].drugType\":[\"business_fzsl\"],\"tPrescriptionDrugInfoList[0].drugSpecs\":[\"10克/袋\"],\"tPrescriptionDrugInfoList[1].days\":[\"3\"],\"tPrescriptionDrugInfoList[1].counts\":[\"1\"],\"tPrescriptionDrugInfoList[1].remarks\":[\"77\"],\"tPrescriptionDrugInfoList[1].drugid\":[\"6d7a48f9e3f54bf0850b561c70588372\"],\"tPrescriptionDrugInfoList[1].drugPrice\":[\"2000\"],\"tPrescriptionDrugInfoList[1].amount\":[\"2000\"],\"tPrescriptionDrugInfoList[1].drugName\":[\"阿莫西林3\"],\"tPrescriptionDrugInfoList[1].drugType\":[\"business_zsl\"],\"tPrescriptionDrugInfoList[1].drugSpecs\":[\"0.2克*30\"],\"tPrescriptionDrugInfoList[2].days\":[\"3\"],\"tPrescriptionDrugInfoList[2].counts\":[\"2\"],\"tPrescriptionDrugInfoList[2].remarks\":[\"88\"],\"tPrescriptionDrugInfoList[2].drugid\":[\"6d7a48f9e3f54bf0850b561c70588376\"],\"tPrescriptionDrugInfoList[2].drugPrice\":[\"2000\"],\"tPrescriptionDrugInfoList[2].amount\":[\"4000\"],\"tPrescriptionDrugInfoList[2].drugName\":[\"阿莫西林3\"],\"tPrescriptionDrugInfoList[2].drugType\":[\"business_zsl\"],\"tPrescriptionDrugInfoList[2].drugSpecs\":[\"0.2克*30\"]}',NULL,1,'','2023-03-16 23:04:36'),
(359,'处方信息',1,'com.ruoyi.web.controller.business.TPrescriptionRecordsController.addSave()','POST',1,'admin','研发部门','/system/records/add','127.0.0.1','内网IP','{\"id\":[\"23\"],\"name\":[\"王王一\"],\"sex\":[\"0\"],\"age\":[\"259\"],\"phone\":[\"12345678912\"],\"address\":[\"森\"],\"diagnosis\":[\"圭\"],\"idNumber\":[\"123456175865421125\"],\"zsAmount\":[\"5.8\"],\"drugAmount\":[\"168500\"],\"totalAmount\":[\"168505.8\"],\"tPrescriptionDrugInfoList[0].days\":[\"3\"],\"tPrescriptionDrugInfoList[0].counts\":[\"3\"],\"tPrescriptionDrugInfoList[0].remarks\":[\"99\"],\"tPrescriptionDrugInfoList[0].drugid\":[\"019d397054d842119875883b3a1b15cd\"],\"tPrescriptionDrugInfoList[0].drugPrice\":[\"2500\"],\"tPrescriptionDrugInfoList[0].amount\":[\"7500\"],\"tPrescriptionDrugInfoList[0].drugName\":[\"三九感冒灵冲剂\"],\"tPrescriptionDrugInfoList[0].drugType\":[\"business_fzsl\"],\"tPrescriptionDrugInfoList[0].drugSpecs\":[\"10克/袋\"],\"tPrescriptionDrugInfoList[1].days\":[\"3\"],\"tPrescriptionDrugInfoList[1].counts\":[\"1\"],\"tPrescriptionDrugInfoList[1].remarks\":[\"77\"],\"tPrescriptionDrugInfoList[1].drugid\":[\"6d7a48f9e3f54bf0850b561c70588372\"],\"tPrescriptionDrugInfoList[1].drugPrice\":[\"2000\"],\"tPrescriptionDrugInfoList[1].amount\":[\"2000\"],\"tPrescriptionDrugInfoList[1].drugName\":[\"阿莫西林3\"],\"tPrescriptionDrugInfoList[1].drugType\":[\"business_zsl\"],\"tPrescriptionDrugInfoList[1].drugSpecs\":[\"0.2克*30\"],\"tPrescriptionDrugInfoList[2].days\":[\"3\"],\"tPrescriptionDrugInfoList[2].counts\":[\"2\"],\"tPrescriptionDrugInfoList[2].remarks\":[\"88\"],\"tPrescriptionDrugInfoList[2].drugid\":[\"6d7a48f9e3f54bf0850b561c70588376\"],\"tPrescriptionDrugInfoList[2].drugPrice\":[\"2000\"],\"tPrescriptionDrugInfoList[2].amount\":[\"4000\"],\"tPrescriptionDrugInfoList[2].drugName\":[\"阿莫西林3\"],\"tPrescriptionDrugInfoList[2].drugType\":[\"business_zsl\"],\"tPrescriptionDrugInfoList[2].drugSpecs\":[\"0.2克*30\"],\"tPrescriptionDrugInfoList[3].days\":[\"2\"],\"tPrescriptionDrugInfoList[3].counts\":[\"1\"],\"tPrescriptionDrugInfoList[3].remarks\":[\"55\"],\"tPrescriptionDrugInfoList[3].drugid\":[\"019d397054d842119875883b3a1b15cd\"],\"tPrescriptionDrugInfoList[3].drugPrice\":[\"2500\"],\"tPrescriptionDrugInfoList[3].amount\":[\"2500\"],\"tPrescriptionDrugInfoList[3].drugName\":[\"三九感冒灵冲剂\"],\"tPrescriptionDrugInfoList[3].drugT',NULL,1,'\r\n### Error updating database.  Cause: java.sql.SQLIntegrityConstraintViolationException: Duplicate entry \'23-019d397054d842119875883b3a1b15cd\' for key \'t_prescription_drug_info.PRIMARY\'\r\n### The error may exist in file [E:\\code\\smart_hosp\\ruoyi-system\\target\\classes\\mapper\\system\\TPrescriptionRecordsMapper.xml]\r\n### The error may involve defaultParameterMap\r\n### The error occurred while setting parameters\r\n### SQL: insert into t_prescription_drug_info( prescriptionid, drugid, drug_name, drugType, drug_specs, drug_price, counts, days, amount, remarks) values                        ( ?, ?, ?, ?, ?, ?, ?, ?, ?, ?)          ,              ( ?, ?, ?, ?, ?, ?, ?, ?, ?, ?)          ,              ( ?, ?, ?, ?, ?, ?, ?, ?, ?, ?)          ,              ( ?, ?, ?, ?, ?, ?, ?, ?, ?, ?)\r\n### Cause: java.sql.SQLIntegrityConstraintViolationException: Duplicate entry \'23-019d397054d842119875883b3a1b15cd\' for key \'t_prescription_drug_info.PRIMARY\'\n; Duplicate entry \'23-019d397054d842119875883b3a1b15cd\' for key \'t_prescription_drug_info.PRIMARY\'; nested exception is java.sql.SQLIntegrityConstraintViolationException: Duplicate entry \'23-019d397054d842119875883b3a1b15cd\' for key \'t_prescription_drug_info.PRIMARY\'','2023-03-16 23:21:33'),
(360,'处方信息',1,'com.ruoyi.web.controller.business.TPrescriptionRecordsController.addSave()','POST',1,'admin','研发部门','/system/records/add','127.0.0.1','内网IP','{\"id\":[\"23\"],\"name\":[\"王王一\"],\"sex\":[\"0\"],\"age\":[\"259\"],\"phone\":[\"12345678912\"],\"address\":[\"森\"],\"diagnosis\":[\"圭\"],\"idNumber\":[\"123456175865421125\"],\"zsAmount\":[\"5.8\"],\"drugAmount\":[\"88500\"],\"totalAmount\":[\"88505.8\"],\"tPrescriptionDrugInfoList[0].days\":[\"3\"],\"tPrescriptionDrugInfoList[0].counts\":[\"3\"],\"tPrescriptionDrugInfoList[0].remarks\":[\"99\"],\"tPrescriptionDrugInfoList[0].drugid\":[\"019d397054d842119875883b3a1b15cd\"],\"tPrescriptionDrugInfoList[0].drugPrice\":[\"2500\"],\"tPrescriptionDrugInfoList[0].amount\":[\"7500\"],\"tPrescriptionDrugInfoList[0].drugName\":[\"三九感冒灵冲剂\"],\"tPrescriptionDrugInfoList[0].drugType\":[\"business_fzsl\"],\"tPrescriptionDrugInfoList[0].drugSpecs\":[\"10克/袋\"],\"tPrescriptionDrugInfoList[1].days\":[\"3\"],\"tPrescriptionDrugInfoList[1].counts\":[\"1\"],\"tPrescriptionDrugInfoList[1].remarks\":[\"77\"],\"tPrescriptionDrugInfoList[1].drugid\":[\"6d7a48f9e3f54bf0850b561c70588372\"],\"tPrescriptionDrugInfoList[1].drugPrice\":[\"2000\"],\"tPrescriptionDrugInfoList[1].amount\":[\"2000\"],\"tPrescriptionDrugInfoList[1].drugName\":[\"阿莫西林3\"],\"tPrescriptionDrugInfoList[1].drugType\":[\"business_zsl\"],\"tPrescriptionDrugInfoList[1].drugSpecs\":[\"0.2克*30\"],\"tPrescriptionDrugInfoList[2].days\":[\"3\"],\"tPrescriptionDrugInfoList[2].counts\":[\"2\"],\"tPrescriptionDrugInfoList[2].remarks\":[\"88\"],\"tPrescriptionDrugInfoList[2].drugid\":[\"6d7a48f9e3f54bf0850b561c70588376\"],\"tPrescriptionDrugInfoList[2].drugPrice\":[\"2000\"],\"tPrescriptionDrugInfoList[2].amount\":[\"4000\"],\"tPrescriptionDrugInfoList[2].drugName\":[\"阿莫西林3\"],\"tPrescriptionDrugInfoList[2].drugType\":[\"business_zsl\"],\"tPrescriptionDrugInfoList[2].drugSpecs\":[\"0.2克*30\"]}','{\"msg\":\"操作成功\",\"code\":0}',0,NULL,'2023-03-16 23:28:53'),
(361,'处方信息',1,'com.ruoyi.web.controller.business.TPrescriptionRecordsController.addSave()','POST',1,'admin','研发部门','/system/records/add','127.0.0.1','内网IP','{\"id\":[\"23\"],\"name\":[\"王王一\"],\"sex\":[\"0\"],\"age\":[\"259\"],\"phone\":[\"12345678912\"],\"address\":[\"森\"],\"diagnosis\":[\"圭\"],\"idNumber\":[\"123456175865421125\"],\"zsAmount\":[\"5.8\"],\"drugAmount\":[\"150000\"],\"totalAmount\":[\"150005.8\"],\"tPrescriptionDrugInfoList[0].days\":[\"3\"],\"tPrescriptionDrugInfoList[0].counts\":[\"3\"],\"tPrescriptionDrugInfoList[0].remarks\":[\"99\"],\"tPrescriptionDrugInfoList[0].drugid\":[\"019d397054d842119875883b3a1b15cd\"],\"tPrescriptionDrugInfoList[0].drugPrice\":[\"2500\"],\"tPrescriptionDrugInfoList[0].amount\":[\"7500\"],\"tPrescriptionDrugInfoList[0].drugName\":[\"三九感冒灵冲剂\"],\"tPrescriptionDrugInfoList[0].drugType\":[\"business_fzsl\"],\"tPrescriptionDrugInfoList[0].drugSpecs\":[\"10克/袋\"],\"tPrescriptionDrugInfoList[1].days\":[\"3\"],\"tPrescriptionDrugInfoList[1].counts\":[\"1\"],\"tPrescriptionDrugInfoList[1].remarks\":[\"77\"],\"tPrescriptionDrugInfoList[1].drugid\":[\"6d7a48f9e3f54bf0850b561c70588372\"],\"tPrescriptionDrugInfoList[1].drugPrice\":[\"2000\"],\"tPrescriptionDrugInfoList[1].amount\":[\"2000\"],\"tPrescriptionDrugInfoList[1].drugName\":[\"阿莫西林3\"],\"tPrescriptionDrugInfoList[1].drugType\":[\"business_zsl\"],\"tPrescriptionDrugInfoList[1].drugSpecs\":[\"0.2克*30\"],\"tPrescriptionDrugInfoList[2].days\":[\"3\"],\"tPrescriptionDrugInfoList[2].counts\":[\"2\"],\"tPrescriptionDrugInfoList[2].remarks\":[\"88\"],\"tPrescriptionDrugInfoList[2].drugid\":[\"6d7a48f9e3f54bf0850b561c70588376\"],\"tPrescriptionDrugInfoList[2].drugPrice\":[\"2000\"],\"tPrescriptionDrugInfoList[2].amount\":[\"4000\"],\"tPrescriptionDrugInfoList[2].drugName\":[\"阿莫西林3\"],\"tPrescriptionDrugInfoList[2].drugType\":[\"business_zsl\"],\"tPrescriptionDrugInfoList[2].drugSpecs\":[\"0.2克*30\"],\"tPrescriptionDrugInfoList[3].days\":[\"2\"],\"tPrescriptionDrugInfoList[3].counts\":[\"1\"],\"tPrescriptionDrugInfoList[3].remarks\":[\"55\"],\"tPrescriptionDrugInfoList[3].drugid\":[\"019d397054d842119875883b3a1b15cd\"],\"tPrescriptionDrugInfoList[3].drugPrice\":[\"2500\"],\"tPrescriptionDrugInfoList[3].amount\":[\"2500\"],\"tPrescriptionDrugInfoList[3].drugName\":[\"三九感冒灵冲剂\"],\"tPrescriptionDrugInfoList[3].drugT',NULL,1,'\r\n### Error updating database.  Cause: java.sql.SQLIntegrityConstraintViolationException: Duplicate entry \'23-019d397054d842119875883b3a1b15cd\' for key \'t_prescription_drug_info.PRIMARY\'\r\n### The error may exist in file [E:\\code\\smart_hosp\\ruoyi-system\\target\\classes\\mapper\\system\\TPrescriptionRecordsMapper.xml]\r\n### The error may involve defaultParameterMap\r\n### The error occurred while setting parameters\r\n### SQL: insert into t_prescription_drug_info( prescriptionid, drugid, drug_name, drugType, drug_specs, drug_price, counts, days, amount, remarks) values                        ( ?, ?, ?, ?, ?, ?, ?, ?, ?, ?)          ,              ( ?, ?, ?, ?, ?, ?, ?, ?, ?, ?)          ,              ( ?, ?, ?, ?, ?, ?, ?, ?, ?, ?)          ,              ( ?, ?, ?, ?, ?, ?, ?, ?, ?, ?)\r\n### Cause: java.sql.SQLIntegrityConstraintViolationException: Duplicate entry \'23-019d397054d842119875883b3a1b15cd\' for key \'t_prescription_drug_info.PRIMARY\'\n; Duplicate entry \'23-019d397054d842119875883b3a1b15cd\' for key \'t_prescription_drug_info.PRIMARY\'; nested exception is java.sql.SQLIntegrityConstraintViolationException: Duplicate entry \'23-019d397054d842119875883b3a1b15cd\' for key \'t_prescription_drug_info.PRIMARY\'','2023-03-16 23:29:38'),
(362,'处方信息',1,'com.ruoyi.web.controller.business.TPrescriptionRecordsController.addSave()','POST',1,'admin','研发部门','/system/records/add','127.0.0.1','内网IP','{\"id\":[\"23\"],\"name\":[\"王王一\"],\"sex\":[\"0\"],\"age\":[\"259\"],\"phone\":[\"12345678912\"],\"address\":[\"森\"],\"diagnosis\":[\"圭\"],\"idNumber\":[\"123456175865421125\"],\"zsAmount\":[\"5.8\"],\"drugAmount\":[\"163500\"],\"totalAmount\":[\"163505.8\"],\"tPrescriptionDrugInfoList[0].days\":[\"3\"],\"tPrescriptionDrugInfoList[0].counts\":[\"3\"],\"tPrescriptionDrugInfoList[0].remarks\":[\"99\"],\"tPrescriptionDrugInfoList[0].drugid\":[\"019d397054d842119875883b3a1b15cd\"],\"tPrescriptionDrugInfoList[0].drugPrice\":[\"2500\"],\"tPrescriptionDrugInfoList[0].amount\":[\"7500\"],\"tPrescriptionDrugInfoList[0].drugName\":[\"三九感冒灵冲剂\"],\"tPrescriptionDrugInfoList[0].drugType\":[\"business_fzsl\"],\"tPrescriptionDrugInfoList[0].drugSpecs\":[\"10克/袋\"],\"tPrescriptionDrugInfoList[1].days\":[\"3\"],\"tPrescriptionDrugInfoList[1].counts\":[\"1\"],\"tPrescriptionDrugInfoList[1].remarks\":[\"77\"],\"tPrescriptionDrugInfoList[1].drugid\":[\"6d7a48f9e3f54bf0850b561c70588372\"],\"tPrescriptionDrugInfoList[1].drugPrice\":[\"2000\"],\"tPrescriptionDrugInfoList[1].amount\":[\"2000\"],\"tPrescriptionDrugInfoList[1].drugName\":[\"阿莫西林3\"],\"tPrescriptionDrugInfoList[1].drugType\":[\"business_zsl\"],\"tPrescriptionDrugInfoList[1].drugSpecs\":[\"0.2克*30\"],\"tPrescriptionDrugInfoList[2].days\":[\"3\"],\"tPrescriptionDrugInfoList[2].counts\":[\"2\"],\"tPrescriptionDrugInfoList[2].remarks\":[\"88\"],\"tPrescriptionDrugInfoList[2].drugid\":[\"6d7a48f9e3f54bf0850b561c70588376\"],\"tPrescriptionDrugInfoList[2].drugPrice\":[\"2000\"],\"tPrescriptionDrugInfoList[2].amount\":[\"4000\"],\"tPrescriptionDrugInfoList[2].drugName\":[\"阿莫西林3\"],\"tPrescriptionDrugInfoList[2].drugType\":[\"business_zsl\"],\"tPrescriptionDrugInfoList[2].drugSpecs\":[\"0.2克*30\"]}','{\"msg\":\"操作成功\",\"code\":0}',0,NULL,'2023-03-16 23:30:16'),
(363,'处方信息',1,'com.ruoyi.web.controller.business.TPrescriptionRecordsController.addSave()','POST',1,'admin','研发部门','/system/records/add','127.0.0.1','内网IP','{\"id\":[\"23\"],\"name\":[\"王王一\"],\"sex\":[\"0\"],\"age\":[\"259\"],\"phone\":[\"12345678912\"],\"address\":[\"森\"],\"diagnosis\":[\"圭\"],\"idNumber\":[\"123456175865421125\"],\"zsAmount\":[\"5.8\"],\"drugAmount\":[\"177000\"],\"totalAmount\":[\"177005.8\"],\"tPrescriptionDrugInfoList[0].days\":[\"3\"],\"tPrescriptionDrugInfoList[0].counts\":[\"3\"],\"tPrescriptionDrugInfoList[0].remarks\":[\"99\"],\"tPrescriptionDrugInfoList[0].drugid\":[\"019d397054d842119875883b3a1b15cd\"],\"tPrescriptionDrugInfoList[0].drugPrice\":[\"2500\"],\"tPrescriptionDrugInfoList[0].amount\":[\"7500\"],\"tPrescriptionDrugInfoList[0].drugName\":[\"三九感冒灵冲剂\"],\"tPrescriptionDrugInfoList[0].drugType\":[\"business_fzsl\"],\"tPrescriptionDrugInfoList[0].drugSpecs\":[\"10克/袋\"],\"tPrescriptionDrugInfoList[1].days\":[\"3\"],\"tPrescriptionDrugInfoList[1].counts\":[\"1\"],\"tPrescriptionDrugInfoList[1].remarks\":[\"77\"],\"tPrescriptionDrugInfoList[1].drugid\":[\"6d7a48f9e3f54bf0850b561c70588372\"],\"tPrescriptionDrugInfoList[1].drugPrice\":[\"2000\"],\"tPrescriptionDrugInfoList[1].amount\":[\"2000\"],\"tPrescriptionDrugInfoList[1].drugName\":[\"阿莫西林3\"],\"tPrescriptionDrugInfoList[1].drugType\":[\"business_zsl\"],\"tPrescriptionDrugInfoList[1].drugSpecs\":[\"0.2克*30\"],\"tPrescriptionDrugInfoList[2].days\":[\"3\"],\"tPrescriptionDrugInfoList[2].counts\":[\"2\"],\"tPrescriptionDrugInfoList[2].remarks\":[\"88\"],\"tPrescriptionDrugInfoList[2].drugid\":[\"6d7a48f9e3f54bf0850b561c70588376\"],\"tPrescriptionDrugInfoList[2].drugPrice\":[\"2000\"],\"tPrescriptionDrugInfoList[2].amount\":[\"4000\"],\"tPrescriptionDrugInfoList[2].drugName\":[\"阿莫西林3\"],\"tPrescriptionDrugInfoList[2].drugType\":[\"business_zsl\"],\"tPrescriptionDrugInfoList[2].drugSpecs\":[\"0.2克*30\"]}','{\"msg\":\"操作成功\",\"code\":0}',0,NULL,'2023-03-16 23:30:20'),
(364,'处方信息',3,'com.ruoyi.web.controller.business.TPrescriptionRecordsController.remove()','POST',1,'admin','研发部门','/system/records/remove','127.0.0.1','内网IP','{\"ids\":[\"23\"]}','{\"msg\":\"操作成功\",\"code\":0}',0,NULL,'2023-03-16 23:32:22'),
(365,'处方信息',1,'com.ruoyi.web.controller.business.TPrescriptionRecordsController.addSave()','POST',1,'admin','研发部门','/system/records/add','127.0.0.1','内网IP','{\"id\":[\"\"],\"name\":[\"王王一\"],\"sex\":[\"0\"],\"age\":[\"35\"],\"phone\":[\"12345678912\"],\"address\":[\"森\"],\"diagnosis\":[\"寺妇\"],\"idNumber\":[\"123456198709011125\"],\"zsAmount\":[\"5.8\"],\"drugAmount\":[\"7000\"],\"totalAmount\":[\"7005.8\"],\"tPrescriptionDrugInfoList[0].days\":[\"2\"],\"tPrescriptionDrugInfoList[0].counts\":[\"1\"],\"tPrescriptionDrugInfoList[0].remarks\":[\"77\"],\"tPrescriptionDrugInfoList[0].drugid\":[\"6d7a48f9e3f54bf0850b561c70588376\"],\"tPrescriptionDrugInfoList[0].drugPrice\":[\"2000\"],\"tPrescriptionDrugInfoList[0].amount\":[\"2000\"],\"tPrescriptionDrugInfoList[0].drugName\":[\"阿莫西林3\"],\"tPrescriptionDrugInfoList[0].drugType\":[\"business_zsl\"],\"tPrescriptionDrugInfoList[0].drugSpecs\":[\"0.2克*30\"],\"tPrescriptionDrugInfoList[1].days\":[\"2\"],\"tPrescriptionDrugInfoList[1].counts\":[\"2\"],\"tPrescriptionDrugInfoList[1].remarks\":[\"88\"],\"tPrescriptionDrugInfoList[1].drugid\":[\"019d397054d842119875883b3a1b15cd\"],\"tPrescriptionDrugInfoList[1].drugPrice\":[\"2500\"],\"tPrescriptionDrugInfoList[1].amount\":[\"5000\"],\"tPrescriptionDrugInfoList[1].drugName\":[\"三九感冒灵冲剂\"],\"tPrescriptionDrugInfoList[1].drugType\":[\"business_fzsl\"],\"tPrescriptionDrugInfoList[1].drugSpecs\":[\"10克/袋\"]}',NULL,1,'','2023-03-16 23:37:30'),
(366,'处方信息',1,'com.ruoyi.web.controller.business.TPrescriptionRecordsController.addSave()','POST',1,'admin','研发部门','/system/records/add','127.0.0.1','内网IP','{\"id\":[\"\"],\"name\":[\"王王一\"],\"sex\":[\"0\"],\"age\":[\"259\"],\"phone\":[\"12345678912\"],\"address\":[\"森\"],\"diagnosis\":[\"寺\"],\"idNumber\":[\"123456175865421125\"],\"zsAmount\":[\"0\"],\"drugAmount\":[\"2500\"],\"totalAmount\":[\"2500\"],\"tPrescriptionDrugInfoList[0].days\":[\"1\"],\"tPrescriptionDrugInfoList[0].counts\":[\"1\"],\"tPrescriptionDrugInfoList[0].remarks\":[\"77\"],\"tPrescriptionDrugInfoList[0].drugid\":[\"019d397054d842119875883b3a1b15cd\"],\"tPrescriptionDrugInfoList[0].drugPrice\":[\"2500\"],\"tPrescriptionDrugInfoList[0].amount\":[\"2500\"],\"tPrescriptionDrugInfoList[0].drugName\":[\"三九感冒灵冲剂\"],\"tPrescriptionDrugInfoList[0].drugType\":[\"business_fzsl\"],\"tPrescriptionDrugInfoList[0].drugSpecs\":[\"10克/袋\"]}',NULL,1,'','2023-03-16 23:39:04'),
(367,'处方信息',1,'com.ruoyi.web.controller.business.TPrescriptionRecordsController.addSave()','POST',1,'admin','研发部门','/system/records/add','127.0.0.1','内网IP','{\"id\":[\"0\"],\"name\":[\"王王一\"],\"sex\":[\"0\"],\"age\":[\"259\"],\"phone\":[\"12345678912\"],\"address\":[\"森\"],\"diagnosis\":[\"寺\"],\"idNumber\":[\"123456175865421125\"],\"zsAmount\":[\"5.8\"],\"drugAmount\":[\"6500\"],\"totalAmount\":[\"6505.8\"],\"tPrescriptionDrugInfoList[0].days\":[\"2\"],\"tPrescriptionDrugInfoList[0].counts\":[\"1\"],\"tPrescriptionDrugInfoList[0].remarks\":[\"77\"],\"tPrescriptionDrugInfoList[0].drugid\":[\"019d397054d842119875883b3a1b15cd\"],\"tPrescriptionDrugInfoList[0].drugPrice\":[\"2500\"],\"tPrescriptionDrugInfoList[0].amount\":[\"2500\"],\"tPrescriptionDrugInfoList[0].drugName\":[\"三九感冒灵冲剂\"],\"tPrescriptionDrugInfoList[0].drugType\":[\"business_fzsl\"],\"tPrescriptionDrugInfoList[0].drugSpecs\":[\"10克/袋\"],\"tPrescriptionDrugInfoList[1].days\":[\"2\"],\"tPrescriptionDrugInfoList[1].counts\":[\"2\"],\"tPrescriptionDrugInfoList[1].remarks\":[\"88\"],\"tPrescriptionDrugInfoList[1].drugid\":[\"6d7a48f9e3f54bf0850b561c70588377\"],\"tPrescriptionDrugInfoList[1].drugPrice\":[\"2000\"],\"tPrescriptionDrugInfoList[1].amount\":[\"4000\"],\"tPrescriptionDrugInfoList[1].drugName\":[\"阿莫西林3\"],\"tPrescriptionDrugInfoList[1].drugType\":[\"business_zsl\"],\"tPrescriptionDrugInfoList[1].drugSpecs\":[\"0.2克*30\"]}','{\"msg\":\"操作成功\",\"code\":0}',0,NULL,'2023-03-16 23:57:59'),
(368,'处方信息',1,'com.ruoyi.web.controller.business.TPrescriptionRecordsController.addSave()','POST',1,'admin','研发部门','/system/records/add','127.0.0.1','内网IP','{\"id\":[\"25\"],\"name\":[\"王王一\"],\"sex\":[\"0\"],\"age\":[\"259\"],\"phone\":[\"12345678912\"],\"address\":[\"森\"],\"diagnosis\":[\"寺\"],\"idNumber\":[\"123456175865421125\"],\"zsAmount\":[\"5.8\"],\"drugAmount\":[\"10500\"],\"totalAmount\":[\"10505.8\"],\"tPrescriptionDrugInfoList[0].days\":[\"2\"],\"tPrescriptionDrugInfoList[0].counts\":[\"1\"],\"tPrescriptionDrugInfoList[0].remarks\":[\"77\"],\"tPrescriptionDrugInfoList[0].drugid\":[\"019d397054d842119875883b3a1b15cd\"],\"tPrescriptionDrugInfoList[0].drugPrice\":[\"2500\"],\"tPrescriptionDrugInfoList[0].amount\":[\"2500\"],\"tPrescriptionDrugInfoList[0].drugName\":[\"三九感冒灵冲剂\"],\"tPrescriptionDrugInfoList[0].drugType\":[\"business_fzsl\"],\"tPrescriptionDrugInfoList[0].drugSpecs\":[\"10克/袋\"],\"tPrescriptionDrugInfoList[1].days\":[\"2\"],\"tPrescriptionDrugInfoList[1].counts\":[\"2\"],\"tPrescriptionDrugInfoList[1].remarks\":[\"88\"],\"tPrescriptionDrugInfoList[1].drugid\":[\"6d7a48f9e3f54bf0850b561c70588377\"],\"tPrescriptionDrugInfoList[1].drugPrice\":[\"2000\"],\"tPrescriptionDrugInfoList[1].amount\":[\"4000\"],\"tPrescriptionDrugInfoList[1].drugName\":[\"阿莫西林3\"],\"tPrescriptionDrugInfoList[1].drugType\":[\"business_zsl\"],\"tPrescriptionDrugInfoList[1].drugSpecs\":[\"0.2克*30\"],\"tPrescriptionDrugInfoList[2].days\":[\"2\"],\"tPrescriptionDrugInfoList[2].counts\":[\"2\"],\"tPrescriptionDrugInfoList[2].remarks\":[\"99\"],\"tPrescriptionDrugInfoList[2].drugid\":[\"6d7a48f9e3f54bf0850b561c70588371\"],\"tPrescriptionDrugInfoList[2].drugPrice\":[\"2000\"],\"tPrescriptionDrugInfoList[2].amount\":[\"4000\"],\"tPrescriptionDrugInfoList[2].drugName\":[\"阿莫西林3\"],\"tPrescriptionDrugInfoList[2].drugType\":[\"business_zsl\"],\"tPrescriptionDrugInfoList[2].drugSpecs\":[\"0.2克*30\"]}','{\"msg\":\"操作成功\",\"code\":0}',0,NULL,'2023-03-16 23:58:35'),
(369,'处方信息',1,'com.ruoyi.web.controller.business.TPrescriptionRecordsController.addSave()','POST',1,'admin','研发部门','/system/records/add','127.0.0.1','内网IP','{\"id\":[\"25\"],\"name\":[\"王王一\"],\"sex\":[\"0\"],\"age\":[\"259\"],\"phone\":[\"12345678912\"],\"address\":[\"森\"],\"diagnosis\":[\"寺\"],\"idNumber\":[\"123456175865421125\"],\"zsAmount\":[\"0\"],\"drugAmount\":[\"2500\"],\"totalAmount\":[\"2500\"],\"tPrescriptionDrugInfoList[0].days\":[\"2\"],\"tPrescriptionDrugInfoList[0].counts\":[\"1\"],\"tPrescriptionDrugInfoList[0].remarks\":[\"77\"],\"tPrescriptionDrugInfoList[0].drugid\":[\"019d397054d842119875883b3a1b15cd\"],\"tPrescriptionDrugInfoList[0].drugPrice\":[\"2500\"],\"tPrescriptionDrugInfoList[0].amount\":[\"2500\"],\"tPrescriptionDrugInfoList[0].drugName\":[\"三九感冒灵冲剂\"],\"tPrescriptionDrugInfoList[0].drugType\":[\"business_fzsl\"],\"tPrescriptionDrugInfoList[0].drugSpecs\":[\"10克/袋\"]}','{\"msg\":\"操作成功\",\"code\":0}',0,NULL,'2023-03-16 23:59:14'),
(370,'处方信息',1,'com.ruoyi.web.controller.business.TPrescriptionRecordsController.addSave()','POST',1,'admin','研发部门','/system/records/add','127.0.0.1','内网IP','{\"id\":[\"25\"],\"name\":[\"王王一\"],\"sex\":[\"0\"],\"age\":[\"259\"],\"phone\":[\"12345678912\"],\"address\":[\"森\"],\"diagnosis\":[\"寺\"],\"idNumber\":[\"123456175865421125\"],\"zsAmount\":[\"0\"],\"drugAmount\":[\"2500\"],\"totalAmount\":[\"2500\"],\"tPrescriptionDrugInfoList[0].days\":[\"2\"],\"tPrescriptionDrugInfoList[0].counts\":[\"1\"],\"tPrescriptionDrugInfoList[0].remarks\":[\"77\"],\"tPrescriptionDrugInfoList[0].drugid\":[\"019d397054d842119875883b3a1b15cd\"],\"tPrescriptionDrugInfoList[0].drugPrice\":[\"2500\"],\"tPrescriptionDrugInfoList[0].amount\":[\"2500\"],\"tPrescriptionDrugInfoList[0].drugName\":[\"三九感冒灵冲剂\"],\"tPrescriptionDrugInfoList[0].drugType\":[\"business_fzsl\"],\"tPrescriptionDrugInfoList[0].drugSpecs\":[\"10克/袋\"]}','{\"msg\":\"操作成功\",\"code\":0}',0,NULL,'2023-03-16 23:59:34'),
(371,'处方信息',1,'com.ruoyi.web.controller.business.TPrescriptionRecordsController.addSave()','POST',1,'admin','研发部门','/system/records/add','127.0.0.1','内网IP','{\"id\":[\"0\"],\"name\":[\"李二\"],\"sex\":[\"0\"],\"age\":[\"35\"],\"phone\":[\"12345678913\"],\"address\":[\"华阳\"],\"diagnosis\":[\"严重\"],\"idNumber\":[\"123456198709011125\"],\"zsAmount\":[\"5.8\"],\"drugAmount\":[\"13500\"],\"totalAmount\":[\"13505.8\"],\"tPrescriptionDrugInfoList[0].days\":[\"2\"],\"tPrescriptionDrugInfoList[0].counts\":[\"1\"],\"tPrescriptionDrugInfoList[0].remarks\":[\"\"],\"tPrescriptionDrugInfoList[0].drugid\":[\"6d7a48f9e3f54bf0850b561c70588372\"],\"tPrescriptionDrugInfoList[0].drugPrice\":[\"2000\"],\"tPrescriptionDrugInfoList[0].amount\":[\"2000\"],\"tPrescriptionDrugInfoList[0].drugName\":[\"阿莫西林3\"],\"tPrescriptionDrugInfoList[0].drugType\":[\"business_zsl\"],\"tPrescriptionDrugInfoList[0].drugSpecs\":[\"0.2克*30\"],\"tPrescriptionDrugInfoList[1].days\":[\"2\"],\"tPrescriptionDrugInfoList[1].counts\":[\"2\"],\"tPrescriptionDrugInfoList[1].remarks\":[\"\"],\"tPrescriptionDrugInfoList[1].drugid\":[\"6d7a48f9e3f54bf0850b561c70588376\"],\"tPrescriptionDrugInfoList[1].drugPrice\":[\"2000\"],\"tPrescriptionDrugInfoList[1].amount\":[\"4000\"],\"tPrescriptionDrugInfoList[1].drugName\":[\"阿莫西林3\"],\"tPrescriptionDrugInfoList[1].drugType\":[\"business_zsl\"],\"tPrescriptionDrugInfoList[1].drugSpecs\":[\"0.2克*30\"],\"tPrescriptionDrugInfoList[2].days\":[\"2\"],\"tPrescriptionDrugInfoList[2].counts\":[\"3\"],\"tPrescriptionDrugInfoList[2].remarks\":[\"\"],\"tPrescriptionDrugInfoList[2].drugid\":[\"019d397054d842119875883b3a1b15cd\"],\"tPrescriptionDrugInfoList[2].drugPrice\":[\"2500\"],\"tPrescriptionDrugInfoList[2].amount\":[\"7500\"],\"tPrescriptionDrugInfoList[2].drugName\":[\"三九感冒灵冲剂\"],\"tPrescriptionDrugInfoList[2].drugType\":[\"business_fzsl\"],\"tPrescriptionDrugInfoList[2].drugSpecs\":[\"10克/袋\"]}','{\"msg\":\"操作成功\",\"code\":0}',0,NULL,'2023-03-17 00:00:21'),
(372,'处方信息',1,'com.ruoyi.web.controller.business.TPrescriptionRecordsController.addSave()','POST',1,'admin','研发部门','/system/records/add','127.0.0.1','内网IP','{\"id\":[\"26\"],\"name\":[\"李二\"],\"sex\":[\"0\"],\"age\":[\"35\"],\"phone\":[\"12345678913\"],\"address\":[\"华阳\"],\"diagnosis\":[\"严重\"],\"idNumber\":[\"123456198709011125\"],\"zsAmount\":[\"5.8\"],\"drugAmount\":[\"13500\"],\"totalAmount\":[\"13505.8\"],\"tPrescriptionDrugInfoList[0].days\":[\"2\"],\"tPrescriptionDrugInfoList[0].counts\":[\"3\"],\"tPrescriptionDrugInfoList[0].remarks\":[\"11\"],\"tPrescriptionDrugInfoList[0].drugid\":[\"019d397054d842119875883b3a1b15cd\"],\"tPrescriptionDrugInfoList[0].drugPrice\":[\"2500\"],\"tPrescriptionDrugInfoList[0].amount\":[\"7500\"],\"tPrescriptionDrugInfoList[0].drugName\":[\"三九感冒灵冲剂\"],\"tPrescriptionDrugInfoList[0].drugType\":[\"business_fzsl\"],\"tPrescriptionDrugInfoList[0].drugSpecs\":[\"10克/袋\"],\"tPrescriptionDrugInfoList[1].days\":[\"2\"],\"tPrescriptionDrugInfoList[1].counts\":[\"1\"],\"tPrescriptionDrugInfoList[1].remarks\":[\"22\"],\"tPrescriptionDrugInfoList[1].drugid\":[\"6d7a48f9e3f54bf0850b561c70588372\"],\"tPrescriptionDrugInfoList[1].drugPrice\":[\"2000\"],\"tPrescriptionDrugInfoList[1].amount\":[\"2000\"],\"tPrescriptionDrugInfoList[1].drugName\":[\"阿莫西林3\"],\"tPrescriptionDrugInfoList[1].drugType\":[\"business_zsl\"],\"tPrescriptionDrugInfoList[1].drugSpecs\":[\"0.2克*30\"],\"tPrescriptionDrugInfoList[2].days\":[\"2\"],\"tPrescriptionDrugInfoList[2].counts\":[\"2\"],\"tPrescriptionDrugInfoList[2].remarks\":[\"33\"],\"tPrescriptionDrugInfoList[2].drugid\":[\"6d7a48f9e3f54bf0850b561c70588376\"],\"tPrescriptionDrugInfoList[2].drugPrice\":[\"2000\"],\"tPrescriptionDrugInfoList[2].amount\":[\"4000\"],\"tPrescriptionDrugInfoList[2].drugName\":[\"阿莫西林3\"],\"tPrescriptionDrugInfoList[2].drugType\":[\"business_zsl\"],\"tPrescriptionDrugInfoList[2].drugSpecs\":[\"0.2克*30\"]}','{\"msg\":\"操作成功\",\"code\":0}',0,NULL,'2023-03-17 00:00:58'),
(373,'处方信息',1,'com.ruoyi.web.controller.business.TPrescriptionRecordsController.addSave()','POST',1,'admin','研发部门','/system/records/add','127.0.0.1','内网IP','{\"id\":[\"26\"],\"name\":[\"李二\"],\"sex\":[\"1\"],\"age\":[\"35\"],\"phone\":[\"12345678913\"],\"address\":[\"华阳\"],\"diagnosis\":[\"严重\"],\"idNumber\":[\"123456198709011125\"],\"zsAmount\":[\"5.8\"],\"drugAmount\":[\"13500\"],\"totalAmount\":[\"13505.8\"],\"tPrescriptionDrugInfoList[0].days\":[\"2\"],\"tPrescriptionDrugInfoList[0].counts\":[\"3\"],\"tPrescriptionDrugInfoList[0].remarks\":[\"11\"],\"tPrescriptionDrugInfoList[0].drugid\":[\"019d397054d842119875883b3a1b15cd\"],\"tPrescriptionDrugInfoList[0].drugPrice\":[\"2500\"],\"tPrescriptionDrugInfoList[0].amount\":[\"7500\"],\"tPrescriptionDrugInfoList[0].drugName\":[\"三九感冒灵冲剂\"],\"tPrescriptionDrugInfoList[0].drugType\":[\"business_fzsl\"],\"tPrescriptionDrugInfoList[0].drugSpecs\":[\"10克/袋\"],\"tPrescriptionDrugInfoList[1].days\":[\"2\"],\"tPrescriptionDrugInfoList[1].counts\":[\"1\"],\"tPrescriptionDrugInfoList[1].remarks\":[\"22\"],\"tPrescriptionDrugInfoList[1].drugid\":[\"6d7a48f9e3f54bf0850b561c70588372\"],\"tPrescriptionDrugInfoList[1].drugPrice\":[\"2000\"],\"tPrescriptionDrugInfoList[1].amount\":[\"2000\"],\"tPrescriptionDrugInfoList[1].drugName\":[\"阿莫西林3\"],\"tPrescriptionDrugInfoList[1].drugType\":[\"business_zsl\"],\"tPrescriptionDrugInfoList[1].drugSpecs\":[\"0.2克*30\"],\"tPrescriptionDrugInfoList[2].days\":[\"2\"],\"tPrescriptionDrugInfoList[2].counts\":[\"2\"],\"tPrescriptionDrugInfoList[2].remarks\":[\"33\"],\"tPrescriptionDrugInfoList[2].drugid\":[\"6d7a48f9e3f54bf0850b561c70588376\"],\"tPrescriptionDrugInfoList[2].drugPrice\":[\"2000\"],\"tPrescriptionDrugInfoList[2].amount\":[\"4000\"],\"tPrescriptionDrugInfoList[2].drugName\":[\"阿莫西林3\"],\"tPrescriptionDrugInfoList[2].drugType\":[\"business_zsl\"],\"tPrescriptionDrugInfoList[2].drugSpecs\":[\"0.2克*30\"]}','{\"msg\":\"操作成功\",\"code\":0}',0,NULL,'2023-03-17 00:02:25'),
(374,'处方信息',1,'com.ruoyi.web.controller.business.TPrescriptionRecordsController.addSave()','POST',1,'admin','研发部门','/system/records/add','127.0.0.1','内网IP','{\"id\":[\"26\"],\"name\":[\"李二\"],\"sex\":[\"1\"],\"age\":[\"35\"],\"phone\":[\"12345678913\"],\"address\":[\"华阳\"],\"diagnosis\":[\"严重\"],\"idNumber\":[\"123456198709011125\"],\"skinTest\":[\"tt\"],\"zsAmount\":[\"5.8\"],\"drugAmount\":[\"13500\"],\"totalAmount\":[\"13505.8\"],\"tPrescriptionDrugInfoList[0].days\":[\"2\"],\"tPrescriptionDrugInfoList[0].counts\":[\"3\"],\"tPrescriptionDrugInfoList[0].remarks\":[\"11\"],\"tPrescriptionDrugInfoList[0].drugid\":[\"019d397054d842119875883b3a1b15cd\"],\"tPrescriptionDrugInfoList[0].drugPrice\":[\"2500\"],\"tPrescriptionDrugInfoList[0].amount\":[\"7500\"],\"tPrescriptionDrugInfoList[0].drugName\":[\"三九感冒灵冲剂\"],\"tPrescriptionDrugInfoList[0].drugType\":[\"business_fzsl\"],\"tPrescriptionDrugInfoList[0].drugSpecs\":[\"10克/袋\"],\"tPrescriptionDrugInfoList[1].days\":[\"2\"],\"tPrescriptionDrugInfoList[1].counts\":[\"1\"],\"tPrescriptionDrugInfoList[1].remarks\":[\"22\"],\"tPrescriptionDrugInfoList[1].drugid\":[\"6d7a48f9e3f54bf0850b561c70588372\"],\"tPrescriptionDrugInfoList[1].drugPrice\":[\"2000\"],\"tPrescriptionDrugInfoList[1].amount\":[\"2000\"],\"tPrescriptionDrugInfoList[1].drugName\":[\"阿莫西林3\"],\"tPrescriptionDrugInfoList[1].drugType\":[\"business_zsl\"],\"tPrescriptionDrugInfoList[1].drugSpecs\":[\"0.2克*30\"],\"tPrescriptionDrugInfoList[2].days\":[\"2\"],\"tPrescriptionDrugInfoList[2].counts\":[\"2\"],\"tPrescriptionDrugInfoList[2].remarks\":[\"33\"],\"tPrescriptionDrugInfoList[2].drugid\":[\"6d7a48f9e3f54bf0850b561c70588376\"],\"tPrescriptionDrugInfoList[2].drugPrice\":[\"2000\"],\"tPrescriptionDrugInfoList[2].amount\":[\"4000\"],\"tPrescriptionDrugInfoList[2].drugName\":[\"阿莫西林3\"],\"tPrescriptionDrugInfoList[2].drugType\":[\"business_zsl\"],\"tPrescriptionDrugInfoList[2].drugSpecs\":[\"0.2克*30\"]}','{\"msg\":\"操作成功\",\"code\":0}',0,NULL,'2023-03-17 21:07:02'),
(375,'处方信息',1,'com.ruoyi.web.controller.business.TPrescriptionRecordsController.addSave()','POST',1,'admin','研发部门','/system/records/add','127.0.0.1','内网IP','{\"id\":[\"25\"],\"name\":[\"王王一\"],\"sex\":[\"0\"],\"age\":[\"259\"],\"phone\":[\"12345678912\"],\"address\":[\"森\"],\"diagnosis\":[\"寺\"],\"idNumber\":[\"123456175865421125\"],\"skinTest\":[\"无大碍\"],\"zsAmount\":[\"0\"],\"drugAmount\":[\"2500\"],\"totalAmount\":[\"2500\"],\"tPrescriptionDrugInfoList[0].days\":[\"2\"],\"tPrescriptionDrugInfoList[0].counts\":[\"1\"],\"tPrescriptionDrugInfoList[0].remarks\":[\"77\"],\"tPrescriptionDrugInfoList[0].drugid\":[\"019d397054d842119875883b3a1b15cd\"],\"tPrescriptionDrugInfoList[0].drugPrice\":[\"2500\"],\"tPrescriptionDrugInfoList[0].amount\":[\"2500\"],\"tPrescriptionDrugInfoList[0].drugName\":[\"三九感冒灵冲剂\"],\"tPrescriptionDrugInfoList[0].drugType\":[\"business_fzsl\"],\"tPrescriptionDrugInfoList[0].drugSpecs\":[\"10克/袋\"]}','{\"msg\":\"操作成功\",\"code\":0}',0,NULL,'2023-03-17 21:07:22'),
(376,'菜单管理',1,'com.ruoyi.web.controller.system.SysMenuController.addSave()','POST',1,'admin','研发部门','/system/menu/add','127.0.0.1','内网IP','{\"parentId\":[\"1078\"],\"menuType\":[\"F\"],\"menuName\":[\"详情\"],\"url\":[\"\"],\"target\":[\"menuItem\"],\"perms\":[\"system:records:detail\"],\"orderNum\":[\"6\"],\"icon\":[\"\"],\"visible\":[\"0\"],\"isRefresh\":[\"1\"]}','{\"msg\":\"操作成功\",\"code\":0}',0,NULL,'2023-03-17 21:30:56'),
(377,'菜单管理',2,'com.ruoyi.web.controller.system.SysMenuController.editSave()','POST',1,'admin','研发部门','/system/menu/edit','127.0.0.1','内网IP','{\"menuId\":[\"1084\"],\"parentId\":[\"1078\"],\"menuType\":[\"F\"],\"menuName\":[\"处方信息详情\"],\"url\":[\"#\"],\"target\":[\"menuItem\"],\"perms\":[\"system:records:detail\"],\"orderNum\":[\"6\"],\"icon\":[\"#\"],\"visible\":[\"0\"],\"isRefresh\":[\"1\"]}','{\"msg\":\"操作成功\",\"code\":0}',0,NULL,'2023-03-17 21:31:15'),
(378,'处方信息',1,'com.ruoyi.web.controller.business.TPrescriptionRecordsController.addSave()','POST',1,'admin','研发部门','/system/records/add','127.0.0.1','内网IP','{\"id\":[\"26\"],\"name\":[\"李二\"],\"sex\":[\"1\"],\"age\":[\"35\"],\"phone\":[\"12345678913\"],\"address\":[\"华阳\"],\"diagnosis\":[\"严重\"],\"idNumber\":[\"123456198709011125\"],\"skinTest\":[\"tt\"],\"zsAmount\":[\"5.8\"],\"drugAmount\":[\"13500\"],\"totalAmount\":[\"13505.8\"],\"tPrescriptionDrugInfoList[0].days\":[\"2\"],\"tPrescriptionDrugInfoList[0].counts\":[\"3\"],\"tPrescriptionDrugInfoList[0].remarks\":[\"11\"],\"tPrescriptionDrugInfoList[0].drugid\":[\"019d397054d842119875883b3a1b15cd\"],\"tPrescriptionDrugInfoList[0].drugPrice\":[\"2500\"],\"tPrescriptionDrugInfoList[0].amount\":[\"7500\"],\"tPrescriptionDrugInfoList[0].drugName\":[\"三九感冒灵冲剂\"],\"tPrescriptionDrugInfoList[0].drugType\":[\"business_fzsl\"],\"tPrescriptionDrugInfoList[0].drugSpecs\":[\"10克/袋\"],\"tPrescriptionDrugInfoList[1].days\":[\"2\"],\"tPrescriptionDrugInfoList[1].counts\":[\"1\"],\"tPrescriptionDrugInfoList[1].remarks\":[\"22\"],\"tPrescriptionDrugInfoList[1].drugid\":[\"6d7a48f9e3f54bf0850b561c70588372\"],\"tPrescriptionDrugInfoList[1].drugPrice\":[\"2000\"],\"tPrescriptionDrugInfoList[1].amount\":[\"2000\"],\"tPrescriptionDrugInfoList[1].drugName\":[\"阿莫西林3\"],\"tPrescriptionDrugInfoList[1].drugType\":[\"business_zsl\"],\"tPrescriptionDrugInfoList[1].drugSpecs\":[\"0.2克*30\"],\"tPrescriptionDrugInfoList[2].days\":[\"2\"],\"tPrescriptionDrugInfoList[2].counts\":[\"2\"],\"tPrescriptionDrugInfoList[2].remarks\":[\"33\"],\"tPrescriptionDrugInfoList[2].drugid\":[\"6d7a48f9e3f54bf0850b561c70588376\"],\"tPrescriptionDrugInfoList[2].drugPrice\":[\"2000\"],\"tPrescriptionDrugInfoList[2].amount\":[\"4000\"],\"tPrescriptionDrugInfoList[2].drugName\":[\"阿莫西林3\"],\"tPrescriptionDrugInfoList[2].drugType\":[\"business_zsl\"],\"tPrescriptionDrugInfoList[2].drugSpecs\":[\"0.2克*30\"]}','{\"msg\":\"操作成功\",\"code\":0}',0,NULL,'2023-03-17 22:45:03'),
(379,'处方信息',1,'com.ruoyi.web.controller.business.TPrescriptionRecordsController.addSave()','POST',1,'admin','研发部门','/system/records/add','127.0.0.1','内网IP','{\"id\":[\"26\"],\"name\":[\"李二\"],\"sex\":[\"1\"],\"age\":[\"35\"],\"phone\":[\"12345678913\"],\"address\":[\"华阳\"],\"diagnosis\":[\"严重\"],\"idNumber\":[\"123456198709011125\"],\"skinTest\":[\"tt\"],\"zsAmount\":[\"5.8\"],\"drugAmount\":[\"19500\"],\"totalAmount\":[\"19505.8\"],\"tPrescriptionDrugInfoList[0].days\":[\"2\"],\"tPrescriptionDrugInfoList[0].counts\":[\"3\"],\"tPrescriptionDrugInfoList[0].remarks\":[\"11\"],\"tPrescriptionDrugInfoList[0].drugid\":[\"019d397054d842119875883b3a1b15cd\"],\"tPrescriptionDrugInfoList[0].drugPrice\":[\"2500\"],\"tPrescriptionDrugInfoList[0].amount\":[\"7500\"],\"tPrescriptionDrugInfoList[0].drugName\":[\"三九感冒灵冲剂\"],\"tPrescriptionDrugInfoList[0].drugType\":[\"business_fzsl\"],\"tPrescriptionDrugInfoList[0].drugSpecs\":[\"10克/袋\"],\"tPrescriptionDrugInfoList[1].days\":[\"2\"],\"tPrescriptionDrugInfoList[1].counts\":[\"1\"],\"tPrescriptionDrugInfoList[1].remarks\":[\"22\"],\"tPrescriptionDrugInfoList[1].drugid\":[\"6d7a48f9e3f54bf0850b561c70588372\"],\"tPrescriptionDrugInfoList[1].drugPrice\":[\"2000\"],\"tPrescriptionDrugInfoList[1].amount\":[\"2000\"],\"tPrescriptionDrugInfoList[1].drugName\":[\"阿莫西林3\"],\"tPrescriptionDrugInfoList[1].drugType\":[\"business_zsl\"],\"tPrescriptionDrugInfoList[1].drugSpecs\":[\"0.2克*30\"],\"tPrescriptionDrugInfoList[2].days\":[\"2\"],\"tPrescriptionDrugInfoList[2].counts\":[\"2\"],\"tPrescriptionDrugInfoList[2].remarks\":[\"33\"],\"tPrescriptionDrugInfoList[2].drugid\":[\"6d7a48f9e3f54bf0850b561c70588376\"],\"tPrescriptionDrugInfoList[2].drugPrice\":[\"2000\"],\"tPrescriptionDrugInfoList[2].amount\":[\"4000\"],\"tPrescriptionDrugInfoList[2].drugName\":[\"阿莫西林3\"],\"tPrescriptionDrugInfoList[2].drugType\":[\"business_zsl\"],\"tPrescriptionDrugInfoList[2].drugSpecs\":[\"0.2克*30\"],\"tPrescriptionDrugInfoList[3].days\":[\"5\"],\"tPrescriptionDrugInfoList[3].counts\":[\"2\"],\"tPrescriptionDrugInfoList[3].remarks\":[\"88\"],\"tPrescriptionDrugInfoList[3].drugid\":[\"6d7a48f9e3f54bf0850b561c70588376\"],\"tPrescriptionDrugInfoList[3].drugPrice\":[\"2000\"],\"tPrescriptionDrugInfoList[3].amount\":[\"4000\"],\"tPrescriptionDrugInfoList[3].drugName\":[\"阿莫西林3\"],\"tPrescriptionDrugInf',NULL,1,'\r\n### Error updating database.  Cause: java.sql.SQLIntegrityConstraintViolationException: Duplicate entry \'26-6d7a48f9e3f54bf0850b561c70588376\' for key \'t_prescription_drug_info.PRIMARY\'\r\n### The error may exist in file [E:\\code\\smart_hosp\\ruoyi-system\\target\\classes\\mapper\\system\\TPrescriptionRecordsMapper.xml]\r\n### The error may involve defaultParameterMap\r\n### The error occurred while setting parameters\r\n### SQL: insert into t_prescription_drug_info( prescriptionid, drugid, drug_name, drugType, drug_specs, drug_price, counts, days, amount, remarks) values                        ( ?, ?, ?, ?, ?, ?, ?, ?, ?, ?)          ,              ( ?, ?, ?, ?, ?, ?, ?, ?, ?, ?)          ,              ( ?, ?, ?, ?, ?, ?, ?, ?, ?, ?)          ,              ( ?, ?, ?, ?, ?, ?, ?, ?, ?, ?)          ,              ( ?, ?, ?, ?, ?, ?, ?, ?, ?, ?)\r\n### Cause: java.sql.SQLIntegrityConstraintViolationException: Duplicate entry \'26-6d7a48f9e3f54bf0850b561c70588376\' for key \'t_prescription_drug_info.PRIMARY\'\n; Duplicate entry \'26-6d7a48f9e3f54bf0850b561c70588376\' for key \'t_prescription_drug_info.PRIMARY\'; nested exception is java.sql.SQLIntegrityConstraintViolationException: Duplicate entry \'26-6d7a48f9e3f54bf0850b561c70588376\' for key \'t_prescription_drug_info.PRIMARY\'','2023-03-17 22:50:40'),
(380,'处方信息',1,'com.ruoyi.web.controller.business.TPrescriptionRecordsController.addSave()','POST',1,'admin','研发部门','/system/records/add','127.0.0.1','内网IP','{\"id\":[\"26\"],\"name\":[\"李二\"],\"sex\":[\"1\"],\"age\":[\"35\"],\"phone\":[\"12345678913\"],\"address\":[\"华阳\"],\"diagnosis\":[\"严重\"],\"idNumber\":[\"123456198709011125\"],\"skinTest\":[\"tt\"],\"zsAmount\":[\"5.8\"],\"drugAmount\":[\"19500\"],\"totalAmount\":[\"19505.8\"],\"tPrescriptionDrugInfoList[0].days\":[\"2\"],\"tPrescriptionDrugInfoList[0].counts\":[\"3\"],\"tPrescriptionDrugInfoList[0].remarks\":[\"11\"],\"tPrescriptionDrugInfoList[0].drugid\":[\"019d397054d842119875883b3a1b15cd\"],\"tPrescriptionDrugInfoList[0].drugPrice\":[\"2500\"],\"tPrescriptionDrugInfoList[0].amount\":[\"7500\"],\"tPrescriptionDrugInfoList[0].drugName\":[\"三九感冒灵冲剂\"],\"tPrescriptionDrugInfoList[0].drugType\":[\"business_fzsl\"],\"tPrescriptionDrugInfoList[0].drugSpecs\":[\"10克/袋\"],\"tPrescriptionDrugInfoList[1].days\":[\"2\"],\"tPrescriptionDrugInfoList[1].counts\":[\"1\"],\"tPrescriptionDrugInfoList[1].remarks\":[\"22\"],\"tPrescriptionDrugInfoList[1].drugid\":[\"6d7a48f9e3f54bf0850b561c70588372\"],\"tPrescriptionDrugInfoList[1].drugPrice\":[\"2000\"],\"tPrescriptionDrugInfoList[1].amount\":[\"2000\"],\"tPrescriptionDrugInfoList[1].drugName\":[\"阿莫西林3\"],\"tPrescriptionDrugInfoList[1].drugType\":[\"business_zsl\"],\"tPrescriptionDrugInfoList[1].drugSpecs\":[\"0.2克*30\"],\"tPrescriptionDrugInfoList[2].days\":[\"2\"],\"tPrescriptionDrugInfoList[2].counts\":[\"2\"],\"tPrescriptionDrugInfoList[2].remarks\":[\"33\"],\"tPrescriptionDrugInfoList[2].drugid\":[\"6d7a48f9e3f54bf0850b561c70588376\"],\"tPrescriptionDrugInfoList[2].drugPrice\":[\"2000\"],\"tPrescriptionDrugInfoList[2].amount\":[\"4000\"],\"tPrescriptionDrugInfoList[2].drugName\":[\"阿莫西林3\"],\"tPrescriptionDrugInfoList[2].drugType\":[\"business_zsl\"],\"tPrescriptionDrugInfoList[2].drugSpecs\":[\"0.2克*30\"],\"tPrescriptionDrugInfoList[3].days\":[\"5\"],\"tPrescriptionDrugInfoList[3].counts\":[\"2\"],\"tPrescriptionDrugInfoList[3].remarks\":[\"88\"],\"tPrescriptionDrugInfoList[3].drugid\":[\"6d7a48f9e3f54bf0850b561c70588376\"],\"tPrescriptionDrugInfoList[3].drugPrice\":[\"2000\"],\"tPrescriptionDrugInfoList[3].amount\":[\"4000\"],\"tPrescriptionDrugInfoList[3].drugName\":[\"阿莫西林3\"],\"tPrescriptionDrugInf',NULL,1,'\r\n### Error updating database.  Cause: java.sql.SQLIntegrityConstraintViolationException: Duplicate entry \'26-6d7a48f9e3f54bf0850b561c70588376\' for key \'t_prescription_drug_info.PRIMARY\'\r\n### The error may exist in file [E:\\code\\smart_hosp\\ruoyi-system\\target\\classes\\mapper\\system\\TPrescriptionRecordsMapper.xml]\r\n### The error may involve defaultParameterMap\r\n### The error occurred while setting parameters\r\n### SQL: insert into t_prescription_drug_info( prescriptionid, drugid, drug_name, drugType, drug_specs, drug_price, counts, days, amount, remarks) values                        ( ?, ?, ?, ?, ?, ?, ?, ?, ?, ?)          ,              ( ?, ?, ?, ?, ?, ?, ?, ?, ?, ?)          ,              ( ?, ?, ?, ?, ?, ?, ?, ?, ?, ?)          ,              ( ?, ?, ?, ?, ?, ?, ?, ?, ?, ?)          ,              ( ?, ?, ?, ?, ?, ?, ?, ?, ?, ?)\r\n### Cause: java.sql.SQLIntegrityConstraintViolationException: Duplicate entry \'26-6d7a48f9e3f54bf0850b561c70588376\' for key \'t_prescription_drug_info.PRIMARY\'\n; Duplicate entry \'26-6d7a48f9e3f54bf0850b561c70588376\' for key \'t_prescription_drug_info.PRIMARY\'; nested exception is java.sql.SQLIntegrityConstraintViolationException: Duplicate entry \'26-6d7a48f9e3f54bf0850b561c70588376\' for key \'t_prescription_drug_info.PRIMARY\'','2023-03-17 22:50:54'),
(381,'处方信息',1,'com.ruoyi.web.controller.business.TPrescriptionRecordsController.addSave()','POST',1,'admin','研发部门','/system/records/add','127.0.0.1','内网IP','{\"id\":[\"26\"],\"name\":[\"李二\"],\"sex\":[\"1\"],\"age\":[\"35\"],\"phone\":[\"12345678913\"],\"address\":[\"华阳\"],\"diagnosis\":[\"严重\"],\"idNumber\":[\"123456198709011125\"],\"skinTest\":[\"tt\"],\"zsAmount\":[\"5.8\"],\"drugAmount\":[\"19500\"],\"totalAmount\":[\"19505.8\"],\"tPrescriptionDrugInfoList[0].days\":[\"2\"],\"tPrescriptionDrugInfoList[0].counts\":[\"3\"],\"tPrescriptionDrugInfoList[0].remarks\":[\"11\"],\"tPrescriptionDrugInfoList[0].drugid\":[\"019d397054d842119875883b3a1b15cd\"],\"tPrescriptionDrugInfoList[0].drugPrice\":[\"2500\"],\"tPrescriptionDrugInfoList[0].amount\":[\"7500\"],\"tPrescriptionDrugInfoList[0].drugName\":[\"三九感冒灵冲剂\"],\"tPrescriptionDrugInfoList[0].drugType\":[\"business_fzsl\"],\"tPrescriptionDrugInfoList[0].drugSpecs\":[\"10克/袋\"],\"tPrescriptionDrugInfoList[1].days\":[\"2\"],\"tPrescriptionDrugInfoList[1].counts\":[\"1\"],\"tPrescriptionDrugInfoList[1].remarks\":[\"22\"],\"tPrescriptionDrugInfoList[1].drugid\":[\"6d7a48f9e3f54bf0850b561c70588372\"],\"tPrescriptionDrugInfoList[1].drugPrice\":[\"2000\"],\"tPrescriptionDrugInfoList[1].amount\":[\"2000\"],\"tPrescriptionDrugInfoList[1].drugName\":[\"阿莫西林3\"],\"tPrescriptionDrugInfoList[1].drugType\":[\"business_zsl\"],\"tPrescriptionDrugInfoList[1].drugSpecs\":[\"0.2克*30\"],\"tPrescriptionDrugInfoList[2].days\":[\"2\"],\"tPrescriptionDrugInfoList[2].counts\":[\"2\"],\"tPrescriptionDrugInfoList[2].remarks\":[\"33\"],\"tPrescriptionDrugInfoList[2].drugid\":[\"6d7a48f9e3f54bf0850b561c70588376\"],\"tPrescriptionDrugInfoList[2].drugPrice\":[\"2000\"],\"tPrescriptionDrugInfoList[2].amount\":[\"4000\"],\"tPrescriptionDrugInfoList[2].drugName\":[\"阿莫西林3\"],\"tPrescriptionDrugInfoList[2].drugType\":[\"business_zsl\"],\"tPrescriptionDrugInfoList[2].drugSpecs\":[\"0.2克*30\"],\"tPrescriptionDrugInfoList[3].days\":[\"5\"],\"tPrescriptionDrugInfoList[3].counts\":[\"2\"],\"tPrescriptionDrugInfoList[3].remarks\":[\"88\"],\"tPrescriptionDrugInfoList[3].drugid\":[\"6d7a48f9e3f54bf0850b561c70588376\"],\"tPrescriptionDrugInfoList[3].drugPrice\":[\"2000\"],\"tPrescriptionDrugInfoList[3].amount\":[\"4000\"],\"tPrescriptionDrugInfoList[3].drugName\":[\"阿莫西林3\"],\"tPrescriptionDrugInf',NULL,1,'\r\n### Error updating database.  Cause: java.sql.SQLIntegrityConstraintViolationException: Duplicate entry \'26-6d7a48f9e3f54bf0850b561c70588376\' for key \'t_prescription_drug_info.PRIMARY\'\r\n### The error may exist in file [E:\\code\\smart_hosp\\ruoyi-system\\target\\classes\\mapper\\system\\TPrescriptionRecordsMapper.xml]\r\n### The error may involve defaultParameterMap\r\n### The error occurred while setting parameters\r\n### SQL: insert into t_prescription_drug_info( prescriptionid, drugid, drug_name, drugType, drug_specs, drug_price, counts, days, amount, remarks) values                        ( ?, ?, ?, ?, ?, ?, ?, ?, ?, ?)          ,              ( ?, ?, ?, ?, ?, ?, ?, ?, ?, ?)          ,              ( ?, ?, ?, ?, ?, ?, ?, ?, ?, ?)          ,              ( ?, ?, ?, ?, ?, ?, ?, ?, ?, ?)          ,              ( ?, ?, ?, ?, ?, ?, ?, ?, ?, ?)\r\n### Cause: java.sql.SQLIntegrityConstraintViolationException: Duplicate entry \'26-6d7a48f9e3f54bf0850b561c70588376\' for key \'t_prescription_drug_info.PRIMARY\'\n; Duplicate entry \'26-6d7a48f9e3f54bf0850b561c70588376\' for key \'t_prescription_drug_info.PRIMARY\'; nested exception is java.sql.SQLIntegrityConstraintViolationException: Duplicate entry \'26-6d7a48f9e3f54bf0850b561c70588376\' for key \'t_prescription_drug_info.PRIMARY\'','2023-03-17 22:54:36'),
(382,'处方信息',1,'com.ruoyi.web.controller.business.TPrescriptionRecordsController.addSave()','POST',1,'admin','研发部门','/system/records/add','127.0.0.1','内网IP','{\"id\":[\"26\"],\"name\":[\"李二\"],\"sex\":[\"1\"],\"age\":[\"35\"],\"phone\":[\"12345678913\"],\"address\":[\"华阳\"],\"diagnosis\":[\"严重\"],\"idNumber\":[\"123456198709011125\"],\"skinTest\":[\"tt\"],\"zsAmount\":[\"5.8\"],\"drugAmount\":[\"19500\"],\"totalAmount\":[\"19505.8\"],\"tPrescriptionDrugInfoList[0].days\":[\"2\"],\"tPrescriptionDrugInfoList[0].counts\":[\"3\"],\"tPrescriptionDrugInfoList[0].remarks\":[\"11\"],\"tPrescriptionDrugInfoList[0].drugid\":[\"019d397054d842119875883b3a1b15cd\"],\"tPrescriptionDrugInfoList[0].drugPrice\":[\"2500\"],\"tPrescriptionDrugInfoList[0].amount\":[\"7500\"],\"tPrescriptionDrugInfoList[0].drugName\":[\"三九感冒灵冲剂\"],\"tPrescriptionDrugInfoList[0].drugType\":[\"business_fzsl\"],\"tPrescriptionDrugInfoList[0].drugSpecs\":[\"10克/袋\"],\"tPrescriptionDrugInfoList[1].days\":[\"2\"],\"tPrescriptionDrugInfoList[1].counts\":[\"1\"],\"tPrescriptionDrugInfoList[1].remarks\":[\"22\"],\"tPrescriptionDrugInfoList[1].drugid\":[\"6d7a48f9e3f54bf0850b561c70588372\"],\"tPrescriptionDrugInfoList[1].drugPrice\":[\"2000\"],\"tPrescriptionDrugInfoList[1].amount\":[\"2000\"],\"tPrescriptionDrugInfoList[1].drugName\":[\"阿莫西林3\"],\"tPrescriptionDrugInfoList[1].drugType\":[\"business_zsl\"],\"tPrescriptionDrugInfoList[1].drugSpecs\":[\"0.2克*30\"],\"tPrescriptionDrugInfoList[2].days\":[\"2\"],\"tPrescriptionDrugInfoList[2].counts\":[\"2\"],\"tPrescriptionDrugInfoList[2].remarks\":[\"33\"],\"tPrescriptionDrugInfoList[2].drugid\":[\"6d7a48f9e3f54bf0850b561c70588376\"],\"tPrescriptionDrugInfoList[2].drugPrice\":[\"2000\"],\"tPrescriptionDrugInfoList[2].amount\":[\"4000\"],\"tPrescriptionDrugInfoList[2].drugName\":[\"阿莫西林3\"],\"tPrescriptionDrugInfoList[2].drugType\":[\"business_zsl\"],\"tPrescriptionDrugInfoList[2].drugSpecs\":[\"0.2克*30\"],\"tPrescriptionDrugInfoList[3].days\":[\"5\"],\"tPrescriptionDrugInfoList[3].counts\":[\"2\"],\"tPrescriptionDrugInfoList[3].remarks\":[\"88\"],\"tPrescriptionDrugInfoList[3].drugid\":[\"6d7a48f9e3f54bf0850b561c70588376\"],\"tPrescriptionDrugInfoList[3].drugPrice\":[\"2000\"],\"tPrescriptionDrugInfoList[3].amount\":[\"4000\"],\"tPrescriptionDrugInfoList[3].drugName\":[\"阿莫西林3\"],\"tPrescriptionDrugInf',NULL,1,'\r\n### Error updating database.  Cause: java.sql.SQLIntegrityConstraintViolationException: Duplicate entry \'26-6d7a48f9e3f54bf0850b561c70588376\' for key \'t_prescription_drug_info.PRIMARY\'\r\n### The error may exist in file [E:\\code\\smart_hosp\\ruoyi-system\\target\\classes\\mapper\\system\\TPrescriptionRecordsMapper.xml]\r\n### The error may involve defaultParameterMap\r\n### The error occurred while setting parameters\r\n### SQL: insert into t_prescription_drug_info( prescriptionid, drugid, drug_name, drugType, drug_specs, drug_price, counts, days, amount, remarks) values                        ( ?, ?, ?, ?, ?, ?, ?, ?, ?, ?)          ,              ( ?, ?, ?, ?, ?, ?, ?, ?, ?, ?)          ,              ( ?, ?, ?, ?, ?, ?, ?, ?, ?, ?)          ,              ( ?, ?, ?, ?, ?, ?, ?, ?, ?, ?)          ,              ( ?, ?, ?, ?, ?, ?, ?, ?, ?, ?)\r\n### Cause: java.sql.SQLIntegrityConstraintViolationException: Duplicate entry \'26-6d7a48f9e3f54bf0850b561c70588376\' for key \'t_prescription_drug_info.PRIMARY\'\n; Duplicate entry \'26-6d7a48f9e3f54bf0850b561c70588376\' for key \'t_prescription_drug_info.PRIMARY\'; nested exception is java.sql.SQLIntegrityConstraintViolationException: Duplicate entry \'26-6d7a48f9e3f54bf0850b561c70588376\' for key \'t_prescription_drug_info.PRIMARY\'','2023-03-17 23:07:33'),
(383,'处方信息',1,'com.ruoyi.web.controller.business.TPrescriptionRecordsController.addSave()','POST',1,'admin','研发部门','/system/records/add','127.0.0.1','内网IP','{\"id\":[\"26\"],\"name\":[\"李二\"],\"sex\":[\"1\"],\"age\":[\"35\"],\"phone\":[\"12345678913\"],\"address\":[\"华阳\"],\"diagnosis\":[\"严重\"],\"idNumber\":[\"123456198709011125\"],\"skinTest\":[\"tt\"],\"zsAmount\":[\"5.8\"],\"drugAmount\":[\"17500\"],\"totalAmount\":[\"17505.8\"],\"tPrescriptionDrugInfoList[0].prescriptionid\":[\"26\"],\"tPrescriptionDrugInfoList[0].days\":[\"2\"],\"tPrescriptionDrugInfoList[0].counts\":[\"3\"],\"tPrescriptionDrugInfoList[0].remarks\":[\"11\"],\"tPrescriptionDrugInfoList[0].drugid\":[\"019d397054d842119875883b3a1b15cd\"],\"tPrescriptionDrugInfoList[0].drugPrice\":[\"2500\"],\"tPrescriptionDrugInfoList[0].amount\":[\"7500\"],\"tPrescriptionDrugInfoList[0].drugName\":[\"三九感冒灵冲剂\"],\"tPrescriptionDrugInfoList[0].drugType\":[\"business_fzsl\"],\"tPrescriptionDrugInfoList[0].drugSpecs\":[\"10克/袋\"],\"tPrescriptionDrugInfoList[1].prescriptionid\":[\"26\"],\"tPrescriptionDrugInfoList[1].days\":[\"2\"],\"tPrescriptionDrugInfoList[1].counts\":[\"1\"],\"tPrescriptionDrugInfoList[1].remarks\":[\"22\"],\"tPrescriptionDrugInfoList[1].drugid\":[\"6d7a48f9e3f54bf0850b561c70588372\"],\"tPrescriptionDrugInfoList[1].drugPrice\":[\"2000\"],\"tPrescriptionDrugInfoList[1].amount\":[\"2000\"],\"tPrescriptionDrugInfoList[1].drugName\":[\"阿莫西林3\"],\"tPrescriptionDrugInfoList[1].drugType\":[\"business_zsl\"],\"tPrescriptionDrugInfoList[1].drugSpecs\":[\"0.2克*30\"],\"tPrescriptionDrugInfoList[2].prescriptionid\":[\"26\"],\"tPrescriptionDrugInfoList[2].days\":[\"2\"],\"tPrescriptionDrugInfoList[2].counts\":[\"2\"],\"tPrescriptionDrugInfoList[2].remarks\":[\"33\"],\"tPrescriptionDrugInfoList[2].drugid\":[\"6d7a48f9e3f54bf0850b561c70588376\"],\"tPrescriptionDrugInfoList[2].drugPrice\":[\"2000\"],\"tPrescriptionDrugInfoList[2].amount\":[\"4000\"],\"tPrescriptionDrugInfoList[2].drugName\":[\"阿莫西林3\"],\"tPrescriptionDrugInfoList[2].drugType\":[\"business_zsl\"],\"tPrescriptionDrugInfoList[2].drugSpecs\":[\"0.2克*30\"],\"tPrescriptionDrugInfoList[3].prescriptionid\":[\"26\"],\"tPrescriptionDrugInfoList[3].days\":[\"3\"],\"tPrescriptionDrugInfoList[3].counts\":[\"2\"],\"tPrescriptionDrugInfoList[3].remarks\":[\"55\"],\"tPrescriptionDrugInfoList[3].d',NULL,1,'\r\n### Error updating database.  Cause: java.sql.SQLIntegrityConstraintViolationException: Duplicate entry \'26-6d7a48f9e3f54bf0850b561c70588376\' for key \'t_prescription_drug_info.PRIMARY\'\r\n### The error may exist in file [E:\\code\\smart_hosp\\ruoyi-system\\target\\classes\\mapper\\system\\TPrescriptionRecordsMapper.xml]\r\n### The error may involve defaultParameterMap\r\n### The error occurred while setting parameters\r\n### SQL: insert into t_prescription_drug_info( prescriptionid, drugid, drug_name, drugType, drug_specs, drug_price, counts, days, amount, remarks) values                        ( ?, ?, ?, ?, ?, ?, ?, ?, ?, ?)          ,              ( ?, ?, ?, ?, ?, ?, ?, ?, ?, ?)          ,              ( ?, ?, ?, ?, ?, ?, ?, ?, ?, ?)          ,              ( ?, ?, ?, ?, ?, ?, ?, ?, ?, ?)\r\n### Cause: java.sql.SQLIntegrityConstraintViolationException: Duplicate entry \'26-6d7a48f9e3f54bf0850b561c70588376\' for key \'t_prescription_drug_info.PRIMARY\'\n; Duplicate entry \'26-6d7a48f9e3f54bf0850b561c70588376\' for key \'t_prescription_drug_info.PRIMARY\'; nested exception is java.sql.SQLIntegrityConstraintViolationException: Duplicate entry \'26-6d7a48f9e3f54bf0850b561c70588376\' for key \'t_prescription_drug_info.PRIMARY\'','2023-03-17 23:08:53'),
(384,'处方信息',1,'com.ruoyi.web.controller.business.TPrescriptionRecordsController.addSave()','POST',1,'admin','研发部门','/system/records/add','127.0.0.1','内网IP','{\"id\":[\"26\"],\"name\":[\"李二\"],\"sex\":[\"1\"],\"age\":[\"35\"],\"phone\":[\"12345678913\"],\"address\":[\"华阳\"],\"diagnosis\":[\"严重\"],\"idNumber\":[\"123456198709011125\"],\"skinTest\":[\"tt\"],\"zsAmount\":[\"5.8\"],\"drugAmount\":[\"17500\"],\"totalAmount\":[\"17505.8\"],\"tPrescriptionDrugInfoList[0].prescriptionid\":[\"26\"],\"tPrescriptionDrugInfoList[0].days\":[\"2\"],\"tPrescriptionDrugInfoList[0].counts\":[\"3\"],\"tPrescriptionDrugInfoList[0].remarks\":[\"11\"],\"tPrescriptionDrugInfoList[0].drugid\":[\"019d397054d842119875883b3a1b15cd\"],\"tPrescriptionDrugInfoList[0].drugPrice\":[\"2500\"],\"tPrescriptionDrugInfoList[0].amount\":[\"7500\"],\"tPrescriptionDrugInfoList[0].drugName\":[\"三九感冒灵冲剂\"],\"tPrescriptionDrugInfoList[0].drugType\":[\"business_fzsl\"],\"tPrescriptionDrugInfoList[0].drugSpecs\":[\"10克/袋\"],\"tPrescriptionDrugInfoList[1].prescriptionid\":[\"26\"],\"tPrescriptionDrugInfoList[1].days\":[\"2\"],\"tPrescriptionDrugInfoList[1].counts\":[\"1\"],\"tPrescriptionDrugInfoList[1].remarks\":[\"22\"],\"tPrescriptionDrugInfoList[1].drugid\":[\"6d7a48f9e3f54bf0850b561c70588372\"],\"tPrescriptionDrugInfoList[1].drugPrice\":[\"2000\"],\"tPrescriptionDrugInfoList[1].amount\":[\"2000\"],\"tPrescriptionDrugInfoList[1].drugName\":[\"阿莫西林3\"],\"tPrescriptionDrugInfoList[1].drugType\":[\"business_zsl\"],\"tPrescriptionDrugInfoList[1].drugSpecs\":[\"0.2克*30\"],\"tPrescriptionDrugInfoList[2].prescriptionid\":[\"26\"],\"tPrescriptionDrugInfoList[2].days\":[\"2\"],\"tPrescriptionDrugInfoList[2].counts\":[\"2\"],\"tPrescriptionDrugInfoList[2].remarks\":[\"33\"],\"tPrescriptionDrugInfoList[2].drugid\":[\"6d7a48f9e3f54bf0850b561c70588376\"],\"tPrescriptionDrugInfoList[2].drugPrice\":[\"2000\"],\"tPrescriptionDrugInfoList[2].amount\":[\"4000\"],\"tPrescriptionDrugInfoList[2].drugName\":[\"阿莫西林3\"],\"tPrescriptionDrugInfoList[2].drugType\":[\"business_zsl\"],\"tPrescriptionDrugInfoList[2].drugSpecs\":[\"0.2克*30\"],\"tPrescriptionDrugInfoList[3].prescriptionid\":[\"26\"],\"tPrescriptionDrugInfoList[3].days\":[\"3\"],\"tPrescriptionDrugInfoList[3].counts\":[\"2\"],\"tPrescriptionDrugInfoList[3].remarks\":[\"55\"],\"tPrescriptionDrugInfoList[3].d',NULL,1,'\r\n### Error updating database.  Cause: java.sql.SQLIntegrityConstraintViolationException: Duplicate entry \'26-6d7a48f9e3f54bf0850b561c70588376\' for key \'t_prescription_drug_info.PRIMARY\'\r\n### The error may exist in file [E:\\code\\smart_hosp\\ruoyi-system\\target\\classes\\mapper\\system\\TPrescriptionRecordsMapper.xml]\r\n### The error may involve defaultParameterMap\r\n### The error occurred while setting parameters\r\n### SQL: insert into t_prescription_drug_info( prescriptionid, drugid, drug_name, drugType, drug_specs, drug_price, counts, days, amount, remarks) values                        ( ?, ?, ?, ?, ?, ?, ?, ?, ?, ?)          ,              ( ?, ?, ?, ?, ?, ?, ?, ?, ?, ?)          ,              ( ?, ?, ?, ?, ?, ?, ?, ?, ?, ?)          ,              ( ?, ?, ?, ?, ?, ?, ?, ?, ?, ?)\r\n### Cause: java.sql.SQLIntegrityConstraintViolationException: Duplicate entry \'26-6d7a48f9e3f54bf0850b561c70588376\' for key \'t_prescription_drug_info.PRIMARY\'\n; Duplicate entry \'26-6d7a48f9e3f54bf0850b561c70588376\' for key \'t_prescription_drug_info.PRIMARY\'; nested exception is java.sql.SQLIntegrityConstraintViolationException: Duplicate entry \'26-6d7a48f9e3f54bf0850b561c70588376\' for key \'t_prescription_drug_info.PRIMARY\'','2023-03-17 23:16:32'),
(385,'处方信息',1,'com.ruoyi.web.controller.business.TPrescriptionRecordsController.addSave()','POST',1,'admin','研发部门','/system/records/add','127.0.0.1','内网IP','{\"id\":[\"26\"],\"name\":[\"李二\"],\"sex\":[\"1\"],\"age\":[\"35\"],\"phone\":[\"12345678913\"],\"address\":[\"华阳\"],\"diagnosis\":[\"严重\"],\"idNumber\":[\"123456198709011125\"],\"skinTest\":[\"tt\"],\"zsAmount\":[\"5.8\"],\"drugAmount\":[\"16000\"],\"totalAmount\":[\"16005.8\"],\"tPrescriptionDrugInfoList[0].prescriptionid\":[\"26\"],\"tPrescriptionDrugInfoList[0].days\":[\"2\"],\"tPrescriptionDrugInfoList[0].counts\":[\"3\"],\"tPrescriptionDrugInfoList[0].remarks\":[\"11\"],\"tPrescriptionDrugInfoList[0].drugid\":[\"019d397054d842119875883b3a1b15cd\"],\"tPrescriptionDrugInfoList[0].drugPrice\":[\"2500\"],\"tPrescriptionDrugInfoList[0].amount\":[\"7500\"],\"tPrescriptionDrugInfoList[0].drugName\":[\"三九感冒灵冲剂\"],\"tPrescriptionDrugInfoList[0].drugType\":[\"business_fzsl\"],\"tPrescriptionDrugInfoList[0].drugSpecs\":[\"10克/袋\"],\"tPrescriptionDrugInfoList[1].prescriptionid\":[\"26\"],\"tPrescriptionDrugInfoList[1].days\":[\"2\"],\"tPrescriptionDrugInfoList[1].counts\":[\"1\"],\"tPrescriptionDrugInfoList[1].remarks\":[\"22\"],\"tPrescriptionDrugInfoList[1].drugid\":[\"6d7a48f9e3f54bf0850b561c70588372\"],\"tPrescriptionDrugInfoList[1].drugPrice\":[\"2000\"],\"tPrescriptionDrugInfoList[1].amount\":[\"2000\"],\"tPrescriptionDrugInfoList[1].drugName\":[\"阿莫西林3\"],\"tPrescriptionDrugInfoList[1].drugType\":[\"business_zsl\"],\"tPrescriptionDrugInfoList[1].drugSpecs\":[\"0.2克*30\"],\"tPrescriptionDrugInfoList[2].prescriptionid\":[\"26\"],\"tPrescriptionDrugInfoList[2].days\":[\"2\"],\"tPrescriptionDrugInfoList[2].counts\":[\"2\"],\"tPrescriptionDrugInfoList[2].remarks\":[\"33\"],\"tPrescriptionDrugInfoList[2].drugid\":[\"6d7a48f9e3f54bf0850b561c70588376\"],\"tPrescriptionDrugInfoList[2].drugPrice\":[\"2000\"],\"tPrescriptionDrugInfoList[2].amount\":[\"4000\"],\"tPrescriptionDrugInfoList[2].drugName\":[\"阿莫西林3\"],\"tPrescriptionDrugInfoList[2].drugType\":[\"business_zsl\"],\"tPrescriptionDrugInfoList[2].drugSpecs\":[\"0.2克*30\"],\"tPrescriptionDrugInfoList[3].prescriptionid\":[\"26\"],\"tPrescriptionDrugInfoList[3].days\":[\"3\"],\"tPrescriptionDrugInfoList[3].counts\":[\"1\"],\"tPrescriptionDrugInfoList[3].remarks\":[\"55\"],\"tPrescriptionDrugInfoList[3].d','{\"msg\":\"操作成功\",\"code\":0}',0,NULL,'2023-03-17 23:20:58'),
(386,'用户管理',1,'com.ruoyi.web.controller.system.SysUserController.addSave()','POST',1,'admin','研发部门','/system/user/add','127.0.0.1','内网IP','{\"deptId\":[\"\"],\"userName\":[\"admin000\"],\"deptName\":[\"\"],\"phonenumber\":[\"\"],\"email\":[\"\"],\"loginName\":[\"00000000\"],\"sex\":[\"0\"],\"role\":[\"3\"],\"remark\":[\"\"],\"status\":[\"0\"],\"roleIds\":[\"3\"],\"postIds\":[\"\"]}','{\"msg\":\"操作成功\",\"code\":0}',0,NULL,'2023-03-17 23:29:26'),
(387,'角色管理',1,'com.ruoyi.web.controller.system.SysRoleController.addSave()','POST',1,'admin','研发部门','/system/role/add','127.0.0.1','内网IP','{\"roleName\":[\"护士\"],\"roleKey\":[\"hushi\"],\"roleSort\":[\"1\"],\"status\":[\"0\"],\"remark\":[\"\"],\"menuIds\":[\"\"]}','{\"msg\":\"操作成功\",\"code\":0}',0,NULL,'2023-03-17 23:30:21'),
(388,'用户管理',1,'com.ruoyi.web.controller.system.SysUserController.addSave()','POST',1,'admin','研发部门','/system/user/add','127.0.0.1','内网IP','{\"deptId\":[\"\"],\"userName\":[\"adminsf\"],\"deptName\":[\"\"],\"phonenumber\":[\"\"],\"email\":[\"\"],\"loginName\":[\"sfgd\"],\"sex\":[\"0\"],\"role\":[\"4\"],\"remark\":[\"\"],\"status\":[\"0\"],\"roleIds\":[\"4\"],\"postIds\":[\"\"]}','{\"msg\":\"操作成功\",\"code\":0}',0,NULL,'2023-03-17 23:30:41'),
(389,'用户管理',2,'com.ruoyi.web.controller.system.SysUserController.editSave()','POST',1,'admin','研发部门','/system/user/edit','127.0.0.1','内网IP','{\"userId\":[\"4\"],\"deptId\":[\"110\"],\"userName\":[\"admin000\"],\"dept.deptName\":[\"医生\"],\"phonenumber\":[\"\"],\"email\":[\"\"],\"loginName\":[\"00000000\"],\"sex\":[\"0\"],\"role\":[\"3\"],\"remark\":[\"\"],\"status\":[\"0\"],\"roleIds\":[\"3\"],\"postIds\":[\"\"]}','{\"msg\":\"操作成功\",\"code\":0}',0,NULL,'2023-03-17 23:31:03'),
(390,'用户管理',2,'com.ruoyi.web.controller.system.SysUserController.editSave()','POST',1,'admin','研发部门','/system/user/edit','127.0.0.1','内网IP','{\"userId\":[\"5\"],\"deptId\":[\"111\"],\"userName\":[\"adminsf\"],\"dept.deptName\":[\"护士\"],\"phonenumber\":[\"\"],\"email\":[\"\"],\"loginName\":[\"sfgd\"],\"sex\":[\"0\"],\"role\":[\"4\"],\"remark\":[\"\"],\"status\":[\"0\"],\"roleIds\":[\"4\"],\"postIds\":[\"\"]}','{\"msg\":\"操作成功\",\"code\":0}',0,NULL,'2023-03-17 23:33:07'),
(391,'用户管理',2,'com.ruoyi.web.controller.system.SysUserController.editSave()','POST',1,'admin','研发部门','/system/user/edit','127.0.0.1','内网IP','{\"userId\":[\"4\"],\"deptId\":[\"112\"],\"userName\":[\"admin000\"],\"dept.deptName\":[\"药房\"],\"phonenumber\":[\"\"],\"email\":[\"\"],\"loginName\":[\"00000000\"],\"sex\":[\"0\"],\"role\":[\"3\"],\"remark\":[\"\"],\"status\":[\"0\"],\"roleIds\":[\"3\"],\"postIds\":[\"\"]}','{\"msg\":\"操作成功\",\"code\":0}',0,NULL,'2023-03-17 23:33:13'),
(392,'部门管理',3,'com.ruoyi.web.controller.system.SysDeptController.remove()','GET',1,'admin','研发部门','/system/dept/remove/112','127.0.0.1','内网IP','112','{\"msg\":\"部门存在用户,不允许删除\",\"code\":301}',0,NULL,'2023-03-17 23:33:22'),
(393,'处方信息',1,'com.ruoyi.web.controller.business.TPrescriptionRecordsController.addSave()','POST',1,'admin',NULL,'/system/records/add','127.0.0.1','内网IP','{\"id\":[\"0\"],\"name\":[\"李二\"],\"sex\":[\"1\"],\"age\":[\"35\"],\"phone\":[\"12345678913\"],\"address\":[\"\"],\"diagnosis\":[\"\"],\"idNumber\":[\"\"],\"skinTest\":[\"\"],\"zsAmount\":[\"0\"],\"drugAmount\":[\"0\"],\"totalAmount\":[\"0\"]}',NULL,1,'\r\n### Error updating database.  Cause: java.sql.SQLException: Column count doesn\'t match value count at row 1\r\n### The error may exist in file [E:\\code\\smart_hosp\\ruoyi-system\\target\\classes\\mapper\\system\\TPrescriptionRecordsMapper.xml]\r\n### The error may involve com.ruoyi.system.mapper.TPrescriptionRecordsMapper.insertTPrescriptionRecords-Inline\r\n### The error occurred while setting parameters\r\n### SQL: insert into t_prescription_records          ( name,                          age,             sex,                          phone,                                       status,             doctorid,                                                                              crtime )           values ( ?,                          ?,             ?,                          ?,                                       ?,             ?,                                       ?,             ?,             ?,             ? )\r\n### Cause: java.sql.SQLException: Column count doesn\'t match value count at row 1\n; bad SQL grammar []; nested exception is java.sql.SQLException: Column count doesn\'t match value count at row 1','2023-03-17 23:41:11'),
(394,'处方信息',1,'com.ruoyi.web.controller.business.TPrescriptionRecordsController.addSave()','POST',1,'admin',NULL,'/system/records/add','127.0.0.1','内网IP','{\"id\":[\"0\"],\"name\":[\"李二\"],\"sex\":[\"1\"],\"age\":[\"35\"],\"phone\":[\"12345678913\"],\"address\":[\"\"],\"diagnosis\":[\"\"],\"idNumber\":[\"\"],\"skinTest\":[\"\"],\"zsAmount\":[\"0\"],\"drugAmount\":[\"0\"],\"totalAmount\":[\"0\"]}',NULL,1,'\r\n### Error updating database.  Cause: java.sql.SQLException: Column count doesn\'t match value count at row 1\r\n### The error may exist in file [E:\\code\\smart_hosp\\ruoyi-system\\target\\classes\\mapper\\system\\TPrescriptionRecordsMapper.xml]\r\n### The error may involve com.ruoyi.system.mapper.TPrescriptionRecordsMapper.insertTPrescriptionRecords-Inline\r\n### The error occurred while setting parameters\r\n### SQL: insert into t_prescription_records          ( name,                          age,             sex,                          phone,                                       status,             doctorid,                                                                              crtime )           values ( ?,                          ?,             ?,                          ?,                                       ?,             ?,                                       ?,             ?,             ?,             ? )\r\n### Cause: java.sql.SQLException: Column count doesn\'t match value count at row 1\n; bad SQL grammar []; nested exception is java.sql.SQLException: Column count doesn\'t match value count at row 1','2023-03-17 23:42:36'),
(395,'处方信息',1,'com.ruoyi.web.controller.business.TPrescriptionRecordsController.addSave()','POST',1,'admin',NULL,'/system/records/add','127.0.0.1','内网IP','{\"id\":[\"0\"],\"name\":[\"李二\"],\"sex\":[\"1\"],\"age\":[\"29\"],\"phone\":[\"12345678913\"],\"address\":[\"华阳\"],\"diagnosis\":[\"\"],\"idNumber\":[\"123456199402081125\"],\"skinTest\":[\"\"],\"zsAmount\":[\"0\"],\"drugAmount\":[\"0\"],\"totalAmount\":[\"0\"]}',NULL,1,'\r\n### Error updating database.  Cause: java.sql.SQLException: Column count doesn\'t match value count at row 1\r\n### The error may exist in file [E:\\code\\smart_hosp\\ruoyi-system\\target\\classes\\mapper\\system\\TPrescriptionRecordsMapper.xml]\r\n### The error may involve com.ruoyi.system.mapper.TPrescriptionRecordsMapper.insertTPrescriptionRecords-Inline\r\n### The error occurred while setting parameters\r\n### SQL: insert into t_prescription_records          ( name,             id_number,             age,             sex,             address,             phone,                                       status,             doctorid,                                                                              crtime )           values ( ?,             ?,             ?,             ?,             ?,             ?,                                       ?,             ?,                                       ?,             ?,             ?,             ? )\r\n### Cause: java.sql.SQLException: Column count doesn\'t match value count at row 1\n; bad SQL grammar []; nested exception is java.sql.SQLException: Column count doesn\'t match value count at row 1','2023-03-17 23:43:12'),
(396,'处方信息',1,'com.ruoyi.web.controller.business.TPrescriptionRecordsController.addSave()','POST',1,'admin',NULL,'/system/records/add','127.0.0.1','内网IP','{\"id\":[\"0\"],\"name\":[\"李二\"],\"sex\":[\"1\"],\"age\":[\"29\"],\"phone\":[\"12345678913\"],\"address\":[\"华阳\"],\"diagnosis\":[\"r\"],\"idNumber\":[\"123456199402081125\"],\"skinTest\":[\"r\"],\"zsAmount\":[\"0\"],\"drugAmount\":[\"0\"],\"totalAmount\":[\"0\"]}',NULL,1,'\r\n### Error updating database.  Cause: java.sql.SQLException: Column count doesn\'t match value count at row 1\r\n### The error may exist in file [E:\\code\\smart_hosp\\ruoyi-system\\target\\classes\\mapper\\system\\TPrescriptionRecordsMapper.xml]\r\n### The error may involve com.ruoyi.system.mapper.TPrescriptionRecordsMapper.insertTPrescriptionRecords-Inline\r\n### The error occurred while setting parameters\r\n### SQL: insert into t_prescription_records          ( name,             id_number,             age,             sex,             address,             phone,             diagnosis,                          status,             doctorid,                                                                              crtime )           values ( ?,             ?,             ?,             ?,             ?,             ?,             ?,                          ?,             ?,                                       ?,             ?,             ?,             ? )\r\n### Cause: java.sql.SQLException: Column count doesn\'t match value count at row 1\n; bad SQL grammar []; nested exception is java.sql.SQLException: Column count doesn\'t match value count at row 1','2023-03-17 23:43:31'),
(397,'处方信息',1,'com.ruoyi.web.controller.business.TPrescriptionRecordsController.addSave()','POST',1,'admin',NULL,'/system/records/add','127.0.0.1','内网IP','{\"id\":[\"0\"],\"name\":[\"李二\"],\"sex\":[\"1\"],\"age\":[\"29\"],\"phone\":[\"12345678913\"],\"address\":[\"华阳\"],\"diagnosis\":[\"r\"],\"idNumber\":[\"123456199402081125\"],\"skinTest\":[\"r\"],\"zsAmount\":[\"5.8\"],\"drugAmount\":[\"2000\"],\"totalAmount\":[\"2005.8\"],\"tPrescriptionDrugInfoList[0].prescriptionid\":[\"0\"],\"tPrescriptionDrugInfoList[0].days\":[\"1\"],\"tPrescriptionDrugInfoList[0].counts\":[\"1\"],\"tPrescriptionDrugInfoList[0].remarks\":[\"\"],\"tPrescriptionDrugInfoList[0].drugid\":[\"6d7a48f9e3f54bf0850b561c70588376\"],\"tPrescriptionDrugInfoList[0].drugPrice\":[\"2000\"],\"tPrescriptionDrugInfoList[0].amount\":[\"2000\"],\"tPrescriptionDrugInfoList[0].drugName\":[\"阿莫西林3\"],\"tPrescriptionDrugInfoList[0].drugType\":[\"business_zsl\"],\"tPrescriptionDrugInfoList[0].drugSpecs\":[\"0.2克*30\"]}','{\"msg\":\"操作成功\",\"code\":0}',0,NULL,'2023-03-17 23:43:46'),
(398,'重置密码',2,'com.ruoyi.web.controller.system.SysUserController.resetPwdSave()','POST',1,'admin',NULL,'/system/user/resetPwd','127.0.0.1','内网IP','{\"userId\":[\"5\"],\"loginName\":[\"sfgd\"]}','{\"msg\":\"操作成功\",\"code\":0}',0,NULL,'2023-03-18 12:04:18'),
(399,'角色管理',2,'com.ruoyi.web.controller.system.SysRoleController.editSave()','POST',1,'admin',NULL,'/system/role/edit','127.0.0.1','内网IP','{\"roleId\":[\"4\"],\"roleName\":[\"护士\"],\"roleKey\":[\"hushi\"],\"roleSort\":[\"1\"],\"status\":[\"0\"],\"remark\":[\"\"],\"menuIds\":[\"1077,1078,1079,1081,1083,1084\"]}','{\"msg\":\"操作成功\",\"code\":0}',0,NULL,'2023-03-18 12:05:55'),
(400,'角色管理',2,'com.ruoyi.web.controller.system.SysRoleController.editSave()','POST',1,'admin',NULL,'/system/role/edit','127.0.0.1','内网IP','{\"roleId\":[\"3\"],\"roleName\":[\"医生\"],\"roleKey\":[\"yisheng\"],\"roleSort\":[\"1\"],\"status\":[\"0\"],\"remark\":[\"\"],\"menuIds\":[\"1062,1063,1073,1077,1078,1079,1080,1081,1082,1083,1084\"]}','{\"msg\":\"操作成功\",\"code\":0}',0,NULL,'2023-03-18 12:06:33'),
(401,'用户管理',1,'com.ruoyi.web.controller.system.SysUserController.addSave()','POST',1,'admin',NULL,'/system/user/add','127.0.0.1','内网IP','{\"deptId\":[\"110\"],\"userName\":[\"yisheng\"],\"deptName\":[\"医生\"],\"phonenumber\":[\"\"],\"email\":[\"\"],\"loginName\":[\"yisheng\"],\"sex\":[\"1\"],\"remark\":[\"\"],\"status\":[\"0\"],\"roleIds\":[\"\"],\"postIds\":[\"\"]}','{\"msg\":\"操作成功\",\"code\":0}',0,NULL,'2023-03-18 12:13:38'),
(402,'重置密码',2,'com.ruoyi.web.controller.system.SysUserController.resetPwdSave()','POST',1,'admin',NULL,'/system/user/resetPwd','127.0.0.1','内网IP','{\"userId\":[\"5\"],\"loginName\":[\"sfgd\"]}','{\"msg\":\"操作成功\",\"code\":0}',0,NULL,'2023-03-18 12:14:41'),
(403,'重置密码',2,'com.ruoyi.web.controller.system.SysUserController.resetPwdSave()','POST',1,'admin',NULL,'/system/user/resetPwd','127.0.0.1','内网IP','{\"userId\":[\"4\"],\"loginName\":[\"00000000\"]}','{\"msg\":\"操作成功\",\"code\":0}',0,NULL,'2023-03-18 12:16:27'),
(404,'重置密码',2,'com.ruoyi.web.controller.system.SysUserController.resetPwdSave()','POST',1,'admin',NULL,'/system/user/resetPwd','127.0.0.1','内网IP','{\"userId\":[\"5\"],\"loginName\":[\"sfgd\"]}','{\"msg\":\"操作成功\",\"code\":0}',0,NULL,'2023-03-18 12:16:42'),
(405,'用户管理',4,'com.ruoyi.web.controller.system.SysUserController.insertAuthRole()','POST',1,'admin',NULL,'/system/user/authRole/insertAuthRole','127.0.0.1','内网IP','{\"userId\":[\"6\"],\"roleIds\":[\"3\"]}','{\"msg\":\"操作成功\",\"code\":0}',0,NULL,'2023-03-18 12:17:47'),
(406,'角色管理',1,'com.ruoyi.web.controller.system.SysRoleController.addSave()','POST',1,'admin',NULL,'/system/role/add','127.0.0.1','内网IP','{\"roleName\":[\"药房\"],\"roleKey\":[\"yaofang\"],\"roleSort\":[\"2\"],\"status\":[\"0\"],\"remark\":[\"\"],\"menuIds\":[\"1062,1063,1073,1064,1065,1066,1067,1070,1074,1071,1069,1075,1076,1068,1072,1077,1078,1079,1084\"]}','{\"msg\":\"操作成功\",\"code\":0}',0,NULL,'2023-03-18 12:18:47'),
(407,'用户管理',2,'com.ruoyi.web.controller.system.SysUserController.editSave()','POST',1,'admin',NULL,'/system/user/edit','127.0.0.1','内网IP','{\"userId\":[\"4\"],\"deptId\":[\"112\"],\"userName\":[\"admin000\"],\"dept.deptName\":[\"药房\"],\"phonenumber\":[\"\"],\"email\":[\"\"],\"loginName\":[\"00000000\"],\"sex\":[\"0\"],\"role\":[\"5\"],\"remark\":[\"\"],\"status\":[\"0\"],\"roleIds\":[\"5\"],\"postIds\":[\"\"]}','{\"msg\":\"操作成功\",\"code\":0}',0,NULL,'2023-03-18 12:37:13'),
(408,'角色管理',2,'com.ruoyi.web.controller.system.SysRoleController.editSave()','POST',1,'admin',NULL,'/system/role/edit','127.0.0.1','内网IP','{\"roleId\":[\"5\"],\"roleName\":[\"药房\"],\"roleKey\":[\"yaofang\"],\"roleSort\":[\"2\"],\"status\":[\"0\"],\"remark\":[\"\"],\"menuIds\":[\"1062,1063,1073,1064,1065,1066,1067,1070,1074,1071,1069,1075,1076,1068,1072,1077,1078,1079,1081,1084\"]}','{\"msg\":\"操作成功\",\"code\":0}',0,NULL,'2023-03-18 12:39:36'),
(409,'处方信息',2,'com.ruoyi.web.controller.business.TPrescriptionRecordsController.editSave()','POST',1,'00000000','药房','/system/records/edit','127.0.0.1','内网IP','{\"id\":[\"26\"],\"name\":[\"李二\"],\"sex\":[\"1\"],\"age\":[\"35\"],\"phone\":[\"12345678913\"],\"address\":[\"华阳\"],\"diagnosis\":[\"严重\"],\"idNumber\":[\"123456198709011125\"],\"skinTest\":[\"tt\"],\"zsAmount\":[\"5.8\"],\"drugAmount\":[\"16000\"],\"totalAmount\":[\"16005.8\"],\"tPrescriptionDrugInfoList[0].prescriptionid\":[\"26\"],\"tPrescriptionDrugInfoList[0].days\":[\"2\"],\"tPrescriptionDrugInfoList[0].counts\":[\"3\"],\"tPrescriptionDrugInfoList[0].remarks\":[\"11\"],\"tPrescriptionDrugInfoList[0].drugid\":[\"019d397054d842119875883b3a1b15cd\"],\"tPrescriptionDrugInfoList[0].drugPrice\":[\"2500\"],\"tPrescriptionDrugInfoList[0].amount\":[\"7500\"],\"tPrescriptionDrugInfoList[0].drugName\":[\"三九感冒灵冲剂\"],\"tPrescriptionDrugInfoList[0].drugType\":[\"business_fzsl\"],\"tPrescriptionDrugInfoList[0].drugSpecs\":[\"10克/袋\"],\"tPrescriptionDrugInfoList[1].prescriptionid\":[\"26\"],\"tPrescriptionDrugInfoList[1].days\":[\"2\"],\"tPrescriptionDrugInfoList[1].counts\":[\"1\"],\"tPrescriptionDrugInfoList[1].remarks\":[\"22\"],\"tPrescriptionDrugInfoList[1].drugid\":[\"6d7a48f9e3f54bf0850b561c70588372\"],\"tPrescriptionDrugInfoList[1].drugPrice\":[\"2000\"],\"tPrescriptionDrugInfoList[1].amount\":[\"2000\"],\"tPrescriptionDrugInfoList[1].drugName\":[\"阿莫西林3\"],\"tPrescriptionDrugInfoList[1].drugType\":[\"business_zsl\"],\"tPrescriptionDrugInfoList[1].drugSpecs\":[\"0.2克*30\"],\"tPrescriptionDrugInfoList[2].prescriptionid\":[\"26\"],\"tPrescriptionDrugInfoList[2].days\":[\"2\"],\"tPrescriptionDrugInfoList[2].counts\":[\"2\"],\"tPrescriptionDrugInfoList[2].remarks\":[\"33\"],\"tPrescriptionDrugInfoList[2].drugid\":[\"6d7a48f9e3f54bf0850b561c70588376\"],\"tPrescriptionDrugInfoList[2].drugPrice\":[\"2000\"],\"tPrescriptionDrugInfoList[2].amount\":[\"4000\"],\"tPrescriptionDrugInfoList[2].drugName\":[\"阿莫西林3\"],\"tPrescriptionDrugInfoList[2].drugType\":[\"business_zsl\"],\"tPrescriptionDrugInfoList[2].drugSpecs\":[\"0.2克*30\"],\"tPrescriptionDrugInfoList[3].prescriptionid\":[\"26\"],\"tPrescriptionDrugInfoList[3].days\":[\"3\"],\"tPrescriptionDrugInfoList[3].counts\":[\"1\"],\"tPrescriptionDrugInfoList[3].remarks\":[\"55\"],\"tPrescriptionDrugInfoList[3].d','{\"msg\":\"操作成功\",\"code\":0}',0,NULL,'2023-03-18 12:50:38'),
(410,'处方信息',1,'com.ruoyi.web.controller.business.TPrescriptionRecordsController.addSave()','POST',1,'yisheng','医生','/system/records/add','127.0.0.1','内网IP','{\"id\":[\"0\"],\"name\":[\"王王一\"],\"sex\":[\"0\"],\"age\":[\"259\"],\"phone\":[\"12345678912\"],\"address\":[\"华阳\"],\"diagnosis\":[\"ggg\"],\"idNumber\":[\"123456175865421125\"],\"zsAmount\":[\"5.8\"],\"drugAmount\":[\"4500\"],\"totalAmount\":[\"4505.8\"],\"tPrescriptionDrugInfoList[0].prescriptionid\":[\"0\"],\"tPrescriptionDrugInfoList[0].days\":[\"2\"],\"tPrescriptionDrugInfoList[0].counts\":[\"1\"],\"tPrescriptionDrugInfoList[0].remarks\":[\"77\"],\"tPrescriptionDrugInfoList[0].drugid\":[\"6d7a48f9e3f54bf0850b561c70588376\"],\"tPrescriptionDrugInfoList[0].drugPrice\":[\"2000\"],\"tPrescriptionDrugInfoList[0].amount\":[\"2000\"],\"tPrescriptionDrugInfoList[0].drugName\":[\"阿莫西林3\"],\"tPrescriptionDrugInfoList[0].drugType\":[\"business_zsl\"],\"tPrescriptionDrugInfoList[0].drugSpecs\":[\"0.2克*30\"],\"tPrescriptionDrugInfoList[1].prescriptionid\":[\"0\"],\"tPrescriptionDrugInfoList[1].days\":[\"2\"],\"tPrescriptionDrugInfoList[1].counts\":[\"1\"],\"tPrescriptionDrugInfoList[1].remarks\":[\"88\"],\"tPrescriptionDrugInfoList[1].drugid\":[\"019d397054d842119875883b3a1b15cd\"],\"tPrescriptionDrugInfoList[1].drugPrice\":[\"2500\"],\"tPrescriptionDrugInfoList[1].amount\":[\"2500\"],\"tPrescriptionDrugInfoList[1].drugName\":[\"三九感冒灵冲剂\"],\"tPrescriptionDrugInfoList[1].drugType\":[\"business_fzsl\"],\"tPrescriptionDrugInfoList[1].drugSpecs\":[\"10克/袋\"]}','{\"msg\":\"操作成功\",\"code\":0}',0,NULL,'2023-03-18 13:04:02'),
(411,'代码生成',2,'com.ruoyi.generator.controller.GenController.synchDb()','GET',1,'admin',NULL,'/tool/gen/synchDb/t_drug_info','127.0.0.1','内网IP','\"t_drug_info\"','{\"msg\":\"操作成功\",\"code\":0}',0,NULL,'2023-03-18 15:27:00'),
(412,'处方信息',2,'com.ruoyi.web.controller.business.TPrescriptionRecordsController.editSave()','POST',1,'00000000','药房','/system/records/edit','127.0.0.1','内网IP','{\"id\":[\"28\"],\"name\":[\"王王一\"],\"sex\":[\"0\"],\"age\":[\"259\"],\"phone\":[\"12345678912\"],\"address\":[\"华阳\"],\"diagnosis\":[\"ggg\"],\"idNumber\":[\"123456175865421125\"],\"skinTest\":[\"\"],\"zsAmount\":[\"5.8\"],\"drugAmount\":[\"4500\"],\"totalAmount\":[\"4505.8\"],\"tPrescriptionDrugInfoList[0].prescriptionid\":[\"28\"],\"tPrescriptionDrugInfoList[0].days\":[\"2\"],\"tPrescriptionDrugInfoList[0].counts\":[\"1\"],\"tPrescriptionDrugInfoList[0].remarks\":[\"77\"],\"tPrescriptionDrugInfoList[0].drugid\":[\"6d7a48f9e3f54bf0850b561c70588376\"],\"tPrescriptionDrugInfoList[0].drugPrice\":[\"2000\"],\"tPrescriptionDrugInfoList[0].amount\":[\"2000\"],\"tPrescriptionDrugInfoList[0].drugName\":[\"阿莫西林3\"],\"tPrescriptionDrugInfoList[0].drugType\":[\"business_zsl\"],\"tPrescriptionDrugInfoList[0].drugSpecs\":[\"0.2克*30\"],\"tPrescriptionDrugInfoList[1].prescriptionid\":[\"28\"],\"tPrescriptionDrugInfoList[1].days\":[\"2\"],\"tPrescriptionDrugInfoList[1].counts\":[\"1\"],\"tPrescriptionDrugInfoList[1].remarks\":[\"88\"],\"tPrescriptionDrugInfoList[1].drugid\":[\"019d397054d842119875883b3a1b15cd\"],\"tPrescriptionDrugInfoList[1].drugPrice\":[\"2500\"],\"tPrescriptionDrugInfoList[1].amount\":[\"2500\"],\"tPrescriptionDrugInfoList[1].drugName\":[\"三九感冒灵冲剂\"],\"tPrescriptionDrugInfoList[1].drugType\":[\"business_fzsl\"],\"tPrescriptionDrugInfoList[1].drugSpecs\":[\"10克/袋\"]}','{\"msg\":\"操作成功\",\"code\":0}',0,NULL,'2023-03-18 16:12:51'),
(413,'处方信息',2,'com.ruoyi.web.controller.business.TPrescriptionRecordsController.editSave()','POST',1,'00000000','药房','/system/records/edit','127.0.0.1','内网IP','{\"id\":[\"28\"],\"name\":[\"王王一\"],\"sex\":[\"0\"],\"age\":[\"259\"],\"phone\":[\"12345678912\"],\"address\":[\"华阳\"],\"diagnosis\":[\"ggg\"],\"idNumber\":[\"123456175865421125\"],\"skinTest\":[\"\"],\"zsAmount\":[\"5.8\"],\"drugAmount\":[\"4500\"],\"totalAmount\":[\"4505.8\"],\"tPrescriptionDrugInfoList[0].prescriptionid\":[\"28\"],\"tPrescriptionDrugInfoList[0].days\":[\"2\"],\"tPrescriptionDrugInfoList[0].counts\":[\"1\"],\"tPrescriptionDrugInfoList[0].remarks\":[\"77\"],\"tPrescriptionDrugInfoList[0].drugid\":[\"6d7a48f9e3f54bf0850b561c70588376\"],\"tPrescriptionDrugInfoList[0].drugPrice\":[\"2000\"],\"tPrescriptionDrugInfoList[0].amount\":[\"2000\"],\"tPrescriptionDrugInfoList[0].drugName\":[\"阿莫西林3\"],\"tPrescriptionDrugInfoList[0].drugType\":[\"business_zsl\"],\"tPrescriptionDrugInfoList[0].drugSpecs\":[\"0.2克*30\"],\"tPrescriptionDrugInfoList[1].prescriptionid\":[\"28\"],\"tPrescriptionDrugInfoList[1].days\":[\"2\"],\"tPrescriptionDrugInfoList[1].counts\":[\"1\"],\"tPrescriptionDrugInfoList[1].remarks\":[\"88\"],\"tPrescriptionDrugInfoList[1].drugid\":[\"019d397054d842119875883b3a1b15cd\"],\"tPrescriptionDrugInfoList[1].drugPrice\":[\"2500\"],\"tPrescriptionDrugInfoList[1].amount\":[\"2500\"],\"tPrescriptionDrugInfoList[1].drugName\":[\"三九感冒灵冲剂\"],\"tPrescriptionDrugInfoList[1].drugType\":[\"business_fzsl\"],\"tPrescriptionDrugInfoList[1].drugSpecs\":[\"10克/袋\"]}','{\"msg\":\"操作成功\",\"code\":0}',0,NULL,'2023-03-18 16:15:32'),
(414,'重置密码',2,'com.ruoyi.web.controller.system.SysUserController.resetPwdSave()','POST',1,'admin',NULL,'/system/user/resetPwd','127.0.0.1','内网IP','{\"userId\":[\"5\"],\"loginName\":[\"hs\"]}','{\"msg\":\"操作成功\",\"code\":0}',0,NULL,'2023-03-18 16:16:34'),
(415,'重置密码',2,'com.ruoyi.web.controller.system.SysProfileController.resetPwd()','POST',1,'hs','护士','/system/user/profile/resetPwd','127.0.0.1','内网IP','{\"userId\":[\"5\"],\"loginName\":[\"hs\"]}','{\"msg\":\"操作成功\",\"code\":0}',0,NULL,'2023-03-18 16:17:08'),
(416,'处方信息',2,'com.ruoyi.web.controller.business.TPrescriptionRecordsController.editSave()','POST',1,'hs','护士','/system/records/edit','127.0.0.1','内网IP','{\"id\":[\"28\"],\"name\":[\"王王一\"],\"sex\":[\"0\"],\"age\":[\"259\"],\"phone\":[\"12345678912\"],\"address\":[\"华阳\"],\"diagnosis\":[\"ggg\"],\"idNumber\":[\"123456175865421125\"],\"skinTest\":[\"\"],\"zsAmount\":[\"5.8\"],\"drugAmount\":[\"4500\"],\"totalAmount\":[\"4505.8\"],\"tPrescriptionDrugInfoList[0].prescriptionid\":[\"28\"],\"tPrescriptionDrugInfoList[0].days\":[\"2\"],\"tPrescriptionDrugInfoList[0].counts\":[\"1\"],\"tPrescriptionDrugInfoList[0].remarks\":[\"77\"],\"tPrescriptionDrugInfoList[0].drugid\":[\"6d7a48f9e3f54bf0850b561c70588376\"],\"tPrescriptionDrugInfoList[0].drugPrice\":[\"2000\"],\"tPrescriptionDrugInfoList[0].amount\":[\"2000\"],\"tPrescriptionDrugInfoList[0].drugName\":[\"阿莫西林3\"],\"tPrescriptionDrugInfoList[0].drugType\":[\"business_zsl\"],\"tPrescriptionDrugInfoList[0].drugSpecs\":[\"0.2克*30\"],\"tPrescriptionDrugInfoList[1].prescriptionid\":[\"28\"],\"tPrescriptionDrugInfoList[1].days\":[\"2\"],\"tPrescriptionDrugInfoList[1].counts\":[\"1\"],\"tPrescriptionDrugInfoList[1].remarks\":[\"88\"],\"tPrescriptionDrugInfoList[1].drugid\":[\"019d397054d842119875883b3a1b15cd\"],\"tPrescriptionDrugInfoList[1].drugPrice\":[\"2500\"],\"tPrescriptionDrugInfoList[1].amount\":[\"2500\"],\"tPrescriptionDrugInfoList[1].drugName\":[\"三九感冒灵冲剂\"],\"tPrescriptionDrugInfoList[1].drugType\":[\"business_fzsl\"],\"tPrescriptionDrugInfoList[1].drugSpecs\":[\"10克/袋\"]}','{\"msg\":\"操作成功\",\"code\":0}',0,NULL,'2023-03-18 16:17:48'),
(417,'处方信息',2,'com.ruoyi.web.controller.business.TPrescriptionRecordsController.editSave()','POST',1,'hs','护士','/system/records/edit','127.0.0.1','内网IP','{\"id\":[\"28\"],\"name\":[\"王王一\"],\"sex\":[\"0\"],\"age\":[\"259\"],\"phone\":[\"12345678912\"],\"address\":[\"华阳\"],\"diagnosis\":[\"ggg\"],\"idNumber\":[\"123456175865421125\"],\"skinTest\":[\"\"],\"zsAmount\":[\"5.8\"],\"drugAmount\":[\"4500\"],\"totalAmount\":[\"4505.8\"],\"tPrescriptionDrugInfoList[0].prescriptionid\":[\"28\"],\"tPrescriptionDrugInfoList[0].days\":[\"2\"],\"tPrescriptionDrugInfoList[0].counts\":[\"1\"],\"tPrescriptionDrugInfoList[0].remarks\":[\"77\"],\"tPrescriptionDrugInfoList[0].drugid\":[\"6d7a48f9e3f54bf0850b561c70588376\"],\"tPrescriptionDrugInfoList[0].drugPrice\":[\"2000\"],\"tPrescriptionDrugInfoList[0].amount\":[\"2000\"],\"tPrescriptionDrugInfoList[0].drugName\":[\"阿莫西林3\"],\"tPrescriptionDrugInfoList[0].drugType\":[\"business_zsl\"],\"tPrescriptionDrugInfoList[0].drugSpecs\":[\"0.2克*30\"],\"tPrescriptionDrugInfoList[1].prescriptionid\":[\"28\"],\"tPrescriptionDrugInfoList[1].days\":[\"2\"],\"tPrescriptionDrugInfoList[1].counts\":[\"1\"],\"tPrescriptionDrugInfoList[1].remarks\":[\"88\"],\"tPrescriptionDrugInfoList[1].drugid\":[\"019d397054d842119875883b3a1b15cd\"],\"tPrescriptionDrugInfoList[1].drugPrice\":[\"2500\"],\"tPrescriptionDrugInfoList[1].amount\":[\"2500\"],\"tPrescriptionDrugInfoList[1].drugName\":[\"三九感冒灵冲剂\"],\"tPrescriptionDrugInfoList[1].drugType\":[\"business_fzsl\"],\"tPrescriptionDrugInfoList[1].drugSpecs\":[\"10克/袋\"]}','{\"msg\":\"操作成功\",\"code\":0}',0,NULL,'2023-03-18 16:19:43'),
(418,'处方信息',2,'com.ruoyi.web.controller.business.TPrescriptionRecordsController.editSave()','POST',1,'hs','护士','/system/records/edit','127.0.0.1','内网IP','{\"id\":[\"28\"],\"name\":[\"王王一\"],\"sex\":[\"0\"],\"age\":[\"259\"],\"phone\":[\"12345678912\"],\"address\":[\"华阳\"],\"diagnosis\":[\"ggg\"],\"idNumber\":[\"123456175865421125\"],\"skinTest\":[\"过敏\"],\"zsAmount\":[\"5.8\"],\"drugAmount\":[\"4500\"],\"totalAmount\":[\"4505.8\"],\"tPrescriptionDrugInfoList[0].prescriptionid\":[\"28\"],\"tPrescriptionDrugInfoList[0].days\":[\"2\"],\"tPrescriptionDrugInfoList[0].counts\":[\"1\"],\"tPrescriptionDrugInfoList[0].remarks\":[\"77\"],\"tPrescriptionDrugInfoList[0].drugid\":[\"6d7a48f9e3f54bf0850b561c70588376\"],\"tPrescriptionDrugInfoList[0].drugPrice\":[\"2000\"],\"tPrescriptionDrugInfoList[0].amount\":[\"2000\"],\"tPrescriptionDrugInfoList[0].drugName\":[\"阿莫西林3\"],\"tPrescriptionDrugInfoList[0].drugType\":[\"business_zsl\"],\"tPrescriptionDrugInfoList[0].drugSpecs\":[\"0.2克*30\"],\"tPrescriptionDrugInfoList[1].prescriptionid\":[\"28\"],\"tPrescriptionDrugInfoList[1].days\":[\"2\"],\"tPrescriptionDrugInfoList[1].counts\":[\"1\"],\"tPrescriptionDrugInfoList[1].remarks\":[\"88\"],\"tPrescriptionDrugInfoList[1].drugid\":[\"019d397054d842119875883b3a1b15cd\"],\"tPrescriptionDrugInfoList[1].drugPrice\":[\"2500\"],\"tPrescriptionDrugInfoList[1].amount\":[\"2500\"],\"tPrescriptionDrugInfoList[1].drugName\":[\"三九感冒灵冲剂\"],\"tPrescriptionDrugInfoList[1].drugType\":[\"business_fzsl\"],\"tPrescriptionDrugInfoList[1].drugSpecs\":[\"10克/袋\"]}','{\"msg\":\"操作成功\",\"code\":0}',0,NULL,'2023-03-18 16:22:11'),
(419,'处方信息',2,'com.ruoyi.web.controller.business.TPrescriptionRecordsController.editSave()','POST',1,'yisheng','医生','/system/records/edit','127.0.0.1','内网IP','{\"id\":[\"28\"],\"name\":[\"王王一\"],\"sex\":[\"0\"],\"age\":[\"259\"],\"phone\":[\"12345678912\"],\"address\":[\"华阳\"],\"diagnosis\":[\"ggg\"],\"idNumber\":[\"123456175865421125\"],\"skinTest\":[\"过敏\"],\"zsAmount\":[\"5.8\"],\"drugAmount\":[\"2000\"],\"totalAmount\":[\"2005.8\"],\"tPrescriptionDrugInfoList[0].prescriptionid\":[\"28\"],\"tPrescriptionDrugInfoList[0].days\":[\"2\"],\"tPrescriptionDrugInfoList[0].counts\":[\"1\"],\"tPrescriptionDrugInfoList[0].remarks\":[\"77\"],\"tPrescriptionDrugInfoList[0].drugid\":[\"6d7a48f9e3f54bf0850b561c70588376\"],\"tPrescriptionDrugInfoList[0].drugPrice\":[\"2000\"],\"tPrescriptionDrugInfoList[0].amount\":[\"2000\"],\"tPrescriptionDrugInfoList[0].drugName\":[\"阿莫西林3\"],\"tPrescriptionDrugInfoList[0].drugType\":[\"business_zsl\"],\"tPrescriptionDrugInfoList[0].drugSpecs\":[\"0.2克*30\"]}','{\"msg\":\"操作成功\",\"code\":0}',0,NULL,'2023-03-18 16:24:18'),
(420,'处方信息',2,'com.ruoyi.web.controller.business.TPrescriptionRecordsController.editSave()','POST',1,'yisheng','医生','/system/records/edit','127.0.0.1','内网IP','{\"id\":[\"28\"],\"name\":[\"王王一\"],\"sex\":[\"0\"],\"age\":[\"259\"],\"phone\":[\"12345678912\"],\"address\":[\"华阳\"],\"diagnosis\":[\"ggg\"],\"idNumber\":[\"123456175865421125\"],\"skinTest\":[\"过敏\"],\"zsAmount\":[\"5.8\"],\"drugAmount\":[\"2000\"],\"totalAmount\":[\"2005.8\"],\"tPrescriptionDrugInfoList[0].prescriptionid\":[\"28\"],\"tPrescriptionDrugInfoList[0].days\":[\"2\"],\"tPrescriptionDrugInfoList[0].counts\":[\"1\"],\"tPrescriptionDrugInfoList[0].remarks\":[\"77\"],\"tPrescriptionDrugInfoList[0].drugid\":[\"6d7a48f9e3f54bf0850b561c70588376\"],\"tPrescriptionDrugInfoList[0].drugPrice\":[\"2000\"],\"tPrescriptionDrugInfoList[0].amount\":[\"2000\"],\"tPrescriptionDrugInfoList[0].drugName\":[\"阿莫西林3\"],\"tPrescriptionDrugInfoList[0].drugType\":[\"business_zsl\"],\"tPrescriptionDrugInfoList[0].drugSpecs\":[\"0.2克*30\"]}','{\"msg\":\"操作成功\",\"code\":0}',0,NULL,'2023-03-18 16:30:25'),
(421,'处方信息',2,'com.ruoyi.web.controller.business.TPrescriptionRecordsController.editSave()','POST',1,'yisheng','医生','/system/records/edit','127.0.0.1','内网IP','{\"id\":[\"28\"],\"name\":[\"王王一\"],\"sex\":[\"0\"],\"age\":[\"259\"],\"phone\":[\"12345678912\"],\"address\":[\"华阳\"],\"diagnosis\":[\"ggg\"],\"idNumber\":[\"123456175865421125\"],\"skinTest\":[\"过敏\"],\"zsAmount\":[\"5.8\"],\"drugAmount\":[\"6000\"],\"totalAmount\":[\"6005.8\"],\"tPrescriptionDrugInfoList[0].prescriptionid\":[\"28\"],\"tPrescriptionDrugInfoList[0].days\":[\"2\"],\"tPrescriptionDrugInfoList[0].counts\":[\"1\"],\"tPrescriptionDrugInfoList[0].remarks\":[\"77\"],\"tPrescriptionDrugInfoList[0].drugid\":[\"6d7a48f9e3f54bf0850b561c70588376\"],\"tPrescriptionDrugInfoList[0].drugPrice\":[\"2000\"],\"tPrescriptionDrugInfoList[0].amount\":[\"2000\"],\"tPrescriptionDrugInfoList[0].drugName\":[\"阿莫西林3\"],\"tPrescriptionDrugInfoList[0].drugType\":[\"business_zsl\"],\"tPrescriptionDrugInfoList[0].drugSpecs\":[\"0.2克*30\"],\"tPrescriptionDrugInfoList[1].prescriptionid\":[\"28\"],\"tPrescriptionDrugInfoList[1].days\":[\"3\"],\"tPrescriptionDrugInfoList[1].counts\":[\"2\"],\"tPrescriptionDrugInfoList[1].remarks\":[\"remarks\"],\"tPrescriptionDrugInfoList[1].drugid\":[\"6d7a48f9e3f54bf0850b561c70588376\"],\"tPrescriptionDrugInfoList[1].drugPrice\":[\"2000\"],\"tPrescriptionDrugInfoList[1].amount\":[\"4000\"],\"tPrescriptionDrugInfoList[1].drugName\":[\"阿莫西林3\"],\"tPrescriptionDrugInfoList[1].drugType\":[\"business_zsl\"],\"tPrescriptionDrugInfoList[1].drugSpecs\":[\"0.2克*30\"]}','{\"msg\":\"操作成功\",\"code\":0}',0,NULL,'2023-03-18 16:31:13'),
(422,'处方信息',2,'com.ruoyi.web.controller.business.TPrescriptionRecordsController.editSave()','POST',1,'00000000','药房','/system/records/edit','127.0.0.1','内网IP','{\"id\":[\"28\"],\"name\":[\"王王一\"],\"sex\":[\"0\"],\"age\":[\"259\"],\"phone\":[\"12345678912\"],\"address\":[\"华阳\"],\"diagnosis\":[\"ggg\"],\"idNumber\":[\"123456175865421125\"],\"skinTest\":[\"过敏\"],\"zsAmount\":[\"5.8\"],\"drugAmount\":[\"6000\"],\"totalAmount\":[\"6005.8\"],\"tPrescriptionDrugInfoList[0].prescriptionid\":[\"28\"],\"tPrescriptionDrugInfoList[0].days\":[\"2\"],\"tPrescriptionDrugInfoList[0].counts\":[\"1\"],\"tPrescriptionDrugInfoList[0].remarks\":[\"77\"],\"tPrescriptionDrugInfoList[0].drugid\":[\"6d7a48f9e3f54bf0850b561c70588376\"],\"tPrescriptionDrugInfoList[0].drugPrice\":[\"2000\"],\"tPrescriptionDrugInfoList[0].amount\":[\"2000\"],\"tPrescriptionDrugInfoList[0].drugName\":[\"阿莫西林3\"],\"tPrescriptionDrugInfoList[0].drugType\":[\"business_zsl\"],\"tPrescriptionDrugInfoList[0].drugSpecs\":[\"0.2克*30\"],\"tPrescriptionDrugInfoList[1].prescriptionid\":[\"28\"],\"tPrescriptionDrugInfoList[1].days\":[\"3\"],\"tPrescriptionDrugInfoList[1].counts\":[\"2\"],\"tPrescriptionDrugInfoList[1].remarks\":[\"remarks\"],\"tPrescriptionDrugInfoList[1].drugid\":[\"6d7a48f9e3f54bf0850b561c70588376\"],\"tPrescriptionDrugInfoList[1].drugPrice\":[\"2000\"],\"tPrescriptionDrugInfoList[1].amount\":[\"4000\"],\"tPrescriptionDrugInfoList[1].drugName\":[\"阿莫西林3\"],\"tPrescriptionDrugInfoList[1].drugType\":[\"business_zsl\"],\"tPrescriptionDrugInfoList[1].drugSpecs\":[\"0.2克*30\"]}','{\"msg\":\"操作成功\",\"code\":0}',0,NULL,'2023-03-18 16:32:17'),
(423,'处方信息',2,'com.ruoyi.web.controller.business.TPrescriptionRecordsController.editSave()','POST',1,'hs','护士','/system/records/edit','127.0.0.1','内网IP','{\"id\":[\"28\"],\"name\":[\"王王一\"],\"sex\":[\"0\"],\"age\":[\"259\"],\"phone\":[\"12345678912\"],\"address\":[\"华阳\"],\"diagnosis\":[\"ggg\"],\"idNumber\":[\"123456175865421125\"],\"skinTest\":[\"过敏\"],\"zsAmount\":[\"5.8\"],\"drugAmount\":[\"6000\"],\"totalAmount\":[\"6005.8\"],\"tPrescriptionDrugInfoList[0].prescriptionid\":[\"28\"],\"tPrescriptionDrugInfoList[0].days\":[\"2\"],\"tPrescriptionDrugInfoList[0].counts\":[\"1\"],\"tPrescriptionDrugInfoList[0].remarks\":[\"77\"],\"tPrescriptionDrugInfoList[0].drugid\":[\"6d7a48f9e3f54bf0850b561c70588376\"],\"tPrescriptionDrugInfoList[0].drugPrice\":[\"2000\"],\"tPrescriptionDrugInfoList[0].amount\":[\"2000\"],\"tPrescriptionDrugInfoList[0].drugName\":[\"阿莫西林3\"],\"tPrescriptionDrugInfoList[0].drugType\":[\"business_zsl\"],\"tPrescriptionDrugInfoList[0].drugSpecs\":[\"0.2克*30\"],\"tPrescriptionDrugInfoList[1].prescriptionid\":[\"28\"],\"tPrescriptionDrugInfoList[1].days\":[\"3\"],\"tPrescriptionDrugInfoList[1].counts\":[\"2\"],\"tPrescriptionDrugInfoList[1].remarks\":[\"remarks\"],\"tPrescriptionDrugInfoList[1].drugid\":[\"6d7a48f9e3f54bf0850b561c70588376\"],\"tPrescriptionDrugInfoList[1].drugPrice\":[\"2000\"],\"tPrescriptionDrugInfoList[1].amount\":[\"4000\"],\"tPrescriptionDrugInfoList[1].drugName\":[\"阿莫西林3\"],\"tPrescriptionDrugInfoList[1].drugType\":[\"business_zsl\"],\"tPrescriptionDrugInfoList[1].drugSpecs\":[\"0.2克*30\"]}','{\"msg\":\"操作成功\",\"code\":0}',0,NULL,'2023-03-18 16:32:31'),
(424,'处方信息',2,'com.ruoyi.web.controller.business.TPrescriptionRecordsController.editSave()','POST',1,'hs','护士','/system/records/edit','127.0.0.1','内网IP','{\"id\":[\"28\"],\"name\":[\"王王一\"],\"sex\":[\"0\"],\"age\":[\"259\"],\"phone\":[\"12345678912\"],\"address\":[\"华阳\"],\"diagnosis\":[\"ggg\"],\"idNumber\":[\"123456175865421125\"],\"skinTest\":[\"\"],\"zsAmount\":[\"5.8\"],\"drugAmount\":[\"6000\"],\"totalAmount\":[\"6005.8\"],\"tPrescriptionDrugInfoList[0].prescriptionid\":[\"28\"],\"tPrescriptionDrugInfoList[0].days\":[\"2\"],\"tPrescriptionDrugInfoList[0].counts\":[\"1\"],\"tPrescriptionDrugInfoList[0].remarks\":[\"77\"],\"tPrescriptionDrugInfoList[0].drugid\":[\"6d7a48f9e3f54bf0850b561c70588376\"],\"tPrescriptionDrugInfoList[0].drugPrice\":[\"2000\"],\"tPrescriptionDrugInfoList[0].amount\":[\"2000\"],\"tPrescriptionDrugInfoList[0].drugName\":[\"阿莫西林3\"],\"tPrescriptionDrugInfoList[0].drugType\":[\"business_zsl\"],\"tPrescriptionDrugInfoList[0].drugSpecs\":[\"0.2克*30\"],\"tPrescriptionDrugInfoList[1].prescriptionid\":[\"28\"],\"tPrescriptionDrugInfoList[1].days\":[\"3\"],\"tPrescriptionDrugInfoList[1].counts\":[\"2\"],\"tPrescriptionDrugInfoList[1].remarks\":[\"remarks\"],\"tPrescriptionDrugInfoList[1].drugid\":[\"6d7a48f9e3f54bf0850b561c70588376\"],\"tPrescriptionDrugInfoList[1].drugPrice\":[\"2000\"],\"tPrescriptionDrugInfoList[1].amount\":[\"4000\"],\"tPrescriptionDrugInfoList[1].drugName\":[\"阿莫西林3\"],\"tPrescriptionDrugInfoList[1].drugType\":[\"business_zsl\"],\"tPrescriptionDrugInfoList[1].drugSpecs\":[\"0.2克*30\"]}','{\"msg\":\"操作成功\",\"code\":0}',0,NULL,'2023-03-18 16:33:29'),
(425,'处方信息',2,'com.ruoyi.web.controller.business.TPrescriptionRecordsController.editSave()','POST',1,'yisheng','医生','/system/records/edit','127.0.0.1','内网IP','{\"id\":[\"28\"],\"name\":[\"王王一\"],\"sex\":[\"0\"],\"age\":[\"259\"],\"phone\":[\"12345678912\"],\"address\":[\"华阳\"],\"diagnosis\":[\"ggg\"],\"idNumber\":[\"123456175865421125\"],\"skinTest\":[\"过敏\"],\"zsAmount\":[\"5.8\"],\"drugAmount\":[\"17000\"],\"totalAmount\":[\"17005.8\"],\"tPrescriptionDrugInfoList[0].prescriptionid\":[\"28\"],\"tPrescriptionDrugInfoList[0].days\":[\"2\"],\"tPrescriptionDrugInfoList[0].counts\":[\"1\"],\"tPrescriptionDrugInfoList[0].remarks\":[\"77\"],\"tPrescriptionDrugInfoList[0].drugid\":[\"6d7a48f9e3f54bf0850b561c70588376\"],\"tPrescriptionDrugInfoList[0].drugPrice\":[\"2000\"],\"tPrescriptionDrugInfoList[0].amount\":[\"2000\"],\"tPrescriptionDrugInfoList[0].drugName\":[\"阿莫西林3\"],\"tPrescriptionDrugInfoList[0].drugType\":[\"business_zsl\"],\"tPrescriptionDrugInfoList[0].drugSpecs\":[\"0.2克*30\"],\"tPrescriptionDrugInfoList[1].prescriptionid\":[\"28\"],\"tPrescriptionDrugInfoList[1].days\":[\"3\"],\"tPrescriptionDrugInfoList[1].counts\":[\"2\"],\"tPrescriptionDrugInfoList[1].remarks\":[\"remarks\"],\"tPrescriptionDrugInfoList[1].drugid\":[\"6d7a48f9e3f54bf0850b561c70588376\"],\"tPrescriptionDrugInfoList[1].drugPrice\":[\"2000\"],\"tPrescriptionDrugInfoList[1].amount\":[\"4000\"],\"tPrescriptionDrugInfoList[1].drugName\":[\"阿莫西林3\"],\"tPrescriptionDrugInfoList[1].drugType\":[\"business_zsl\"],\"tPrescriptionDrugInfoList[1].drugSpecs\":[\"0.2克*30\"],\"tPrescriptionDrugInfoList[2].prescriptionid\":[\"28\"],\"tPrescriptionDrugInfoList[2].days\":[\"1\"],\"tPrescriptionDrugInfoList[2].counts\":[\"1\"],\"tPrescriptionDrugInfoList[2].remarks\":[\"\"],\"tPrescriptionDrugInfoList[2].drugid\":[\"6d7a48f9e3f54bf0850b561c70588371\"],\"tPrescriptionDrugInfoList[2].drugPrice\":[\"2000\"],\"tPrescriptionDrugInfoList[2].amount\":[\"2000\"],\"tPrescriptionDrugInfoList[2].drugName\":[\"阿莫西林3\"],\"tPrescriptionDrugInfoList[2].drugType\":[\"business_zsl\"],\"tPrescriptionDrugInfoList[2].drugSpecs\":[\"0.2克*30\"],\"tPrescriptionDrugInfoList[3].prescriptionid\":[\"28\"],\"tPrescriptionDrugInfoList[3].days\":[\"1\"],\"tPrescriptionDrugInfoList[3].counts\":[\"1\"],\"tPrescriptionDrugInfoList[3].remarks\":[\"\"],\"tPrescriptionDrugInfoList[3','{\"msg\":\"操作成功\",\"code\":0}',0,NULL,'2023-03-18 17:07:44'),
(426,'处方信息',1,'com.ruoyi.web.controller.business.TPrescriptionRecordsController.addSave()','POST',1,'admin',NULL,'/system/records/add','127.0.0.1','内网IP','{\"id\":[\"0\"],\"name\":[\"李太白\"],\"sex\":[\"1\"],\"age\":[\"35\"],\"phone\":[\"12345678913\"],\"address\":[\"华阳\"],\"diagnosis\":[\"有病得治\"],\"idNumber\":[\"123456198709011125\"],\"zsAmount\":[\"20\"],\"drugAmount\":[\"27000\"],\"totalAmount\":[\"27020\"],\"tPrescriptionDrugInfoList[0].prescriptionid\":[\"0\"],\"tPrescriptionDrugInfoList[0].days\":[\"3\"],\"tPrescriptionDrugInfoList[0].counts\":[\"2\"],\"tPrescriptionDrugInfoList[0].remarks\":[\"77\"],\"tPrescriptionDrugInfoList[0].drugid\":[\"6d7a48f9e3f54bf0850b561c70588372\"],\"tPrescriptionDrugInfoList[0].drugPrice\":[\"2000\"],\"tPrescriptionDrugInfoList[0].amount\":[\"4000\"],\"tPrescriptionDrugInfoList[0].drugName\":[\"阿莫西林3\"],\"tPrescriptionDrugInfoList[0].drugType\":[\"business_zsl\"],\"tPrescriptionDrugInfoList[0].drugSpecs\":[\"0.2克*30\"],\"tPrescriptionDrugInfoList[1].prescriptionid\":[\"0\"],\"tPrescriptionDrugInfoList[1].days\":[\"3\"],\"tPrescriptionDrugInfoList[1].counts\":[\"1\"],\"tPrescriptionDrugInfoList[1].remarks\":[\"88\"],\"tPrescriptionDrugInfoList[1].drugid\":[\"6d7a48f9e3f54bf0850b561c70588371\"],\"tPrescriptionDrugInfoList[1].drugPrice\":[\"2000\"],\"tPrescriptionDrugInfoList[1].amount\":[\"2000\"],\"tPrescriptionDrugInfoList[1].drugName\":[\"阿莫西林3\"],\"tPrescriptionDrugInfoList[1].drugType\":[\"business_zsl\"],\"tPrescriptionDrugInfoList[1].drugSpecs\":[\"0.2克*30\"],\"tPrescriptionDrugInfoList[2].prescriptionid\":[\"0\"],\"tPrescriptionDrugInfoList[2].days\":[\"3\"],\"tPrescriptionDrugInfoList[2].counts\":[\"3\"],\"tPrescriptionDrugInfoList[2].remarks\":[\"99\"],\"tPrescriptionDrugInfoList[2].drugid\":[\"6d7a48f9e3f54bf0850b561c70588377\"],\"tPrescriptionDrugInfoList[2].drugPrice\":[\"2000\"],\"tPrescriptionDrugInfoList[2].amount\":[\"6000\"],\"tPrescriptionDrugInfoList[2].drugName\":[\"阿莫西林3\"],\"tPrescriptionDrugInfoList[2].drugType\":[\"business_zsl\"],\"tPrescriptionDrugInfoList[2].drugSpecs\":[\"0.2克*30\"],\"tPrescriptionDrugInfoList[3].prescriptionid\":[\"0\"],\"tPrescriptionDrugInfoList[3].days\":[\"3\"],\"tPrescriptionDrugInfoList[3].counts\":[\"4\"],\"tPrescriptionDrugInfoList[3].remarks\":[\"55\"],\"tPrescriptionDrugInfoList[3].drugid\":[\"019d397054d8421','{\"msg\":\"操作成功\",\"code\":0}',0,NULL,'2023-03-22 20:24:09'),
(427,'处方信息',2,'com.ruoyi.web.controller.business.TPrescriptionRecordsController.editSave()','POST',1,'admin',NULL,'/system/records/edit','127.0.0.1','内网IP','{\"id\":[\"29\"],\"name\":[\"李太白\"],\"sex\":[\"1\"],\"age\":[\"35\"],\"phone\":[\"12345678913\"],\"address\":[\"华阳\"],\"diagnosis\":[\"有病得治\"],\"idNumber\":[\"123456198709011125\"],\"skinTest\":[\"阳\"],\"zsAmount\":[\"20\"],\"drugAmount\":[\"7000\"],\"totalAmount\":[\"7020\"],\"tPrescriptionDrugInfoList[0].prescriptionid\":[\"29\"],\"tPrescriptionDrugInfoList[0].days\":[\"5\"],\"tPrescriptionDrugInfoList[0].counts\":[\"1\"],\"tPrescriptionDrugInfoList[0].remarks\":[\"88\"],\"tPrescriptionDrugInfoList[0].drugid\":[\"6d7a48f9e3f54bf0850b561c70588371\"],\"tPrescriptionDrugInfoList[0].drugPrice\":[\"2000\"],\"tPrescriptionDrugInfoList[0].amount\":[\"2000\"],\"tPrescriptionDrugInfoList[0].drugName\":[\"阿莫西林3\"],\"tPrescriptionDrugInfoList[0].drugType\":[\"business_zsl\"],\"tPrescriptionDrugInfoList[0].drugSpecs\":[\"0.2克*30\"],\"tPrescriptionDrugInfoList[1].prescriptionid\":[\"29\"],\"tPrescriptionDrugInfoList[1].days\":[\"4\"],\"tPrescriptionDrugInfoList[1].counts\":[\"2\"],\"tPrescriptionDrugInfoList[1].remarks\":[\"88\"],\"tPrescriptionDrugInfoList[1].drugid\":[\"019d397054d842119875883b3a1b15cd\"],\"tPrescriptionDrugInfoList[1].drugPrice\":[\"2500\"],\"tPrescriptionDrugInfoList[1].amount\":[\"5000\"],\"tPrescriptionDrugInfoList[1].drugName\":[\"三九感冒灵冲剂\"],\"tPrescriptionDrugInfoList[1].drugType\":[\"business_fzsl\"],\"tPrescriptionDrugInfoList[1].drugSpecs\":[\"10克/袋\"]}','{\"msg\":\"操作成功\",\"code\":0}',0,NULL,'2023-03-30 22:52:32'),
(428,'药品信息',3,'com.ruoyi.web.controller.business.TDrugInfoController.remove()','POST',1,'admin',NULL,'/business/drugInfo/remove','127.0.0.1','内网IP','{\"ids\":[\"019d397054d842119875883b3a1b15cd\"]}',NULL,1,'\r\n### Error updating database.  Cause: java.sql.SQLSyntaxErrorException: You have an error in your SQL syntax; check the manual that corresponds to your MySQL server version for the right syntax to use near \'set is_delete = 1 where id in\n         (  \n            \'019d397054d842119875883b\' at line 1\r\n### The error may exist in file [E:\\code\\smart_hosp\\ruoyi-system\\target\\classes\\mapper\\system\\TDrugInfoMapper.xml]\r\n### The error may involve com.ruoyi.system.mapper.TDrugInfoMapper.deleteTDrugInfoByIds-Inline\r\n### The error occurred while setting parameters\r\n### SQL: delete t_drug_info set is_delete = 1 where id in          (               ?          )\r\n### Cause: java.sql.SQLSyntaxErrorException: You have an error in your SQL syntax; check the manual that corresponds to your MySQL server version for the right syntax to use near \'set is_delete = 1 where id in\n         (  \n            \'019d397054d842119875883b\' at line 1\n; bad SQL grammar []; nested exception is java.sql.SQLSyntaxErrorException: You have an error in your SQL syntax; check the manual that corresponds to your MySQL server version for the right syntax to use near \'set is_delete = 1 where id in\n         (  \n            \'019d397054d842119875883b\' at line 1','2023-03-30 22:53:58'),
(429,'药品信息',3,'com.ruoyi.web.controller.business.TDrugInfoController.remove()','POST',1,'admin',NULL,'/business/drugInfo/remove','127.0.0.1','内网IP','{\"ids\":[\"6d7a48f9e3f54bf0850b561c70588373\"]}',NULL,1,'\r\n### Error updating database.  Cause: java.sql.SQLSyntaxErrorException: You have an error in your SQL syntax; check the manual that corresponds to your MySQL server version for the right syntax to use near \'set is_delete = 1 where id in\n         (  \n            \'6d7a48f9e3f54bf0850b561c\' at line 1\r\n### The error may exist in file [E:\\code\\smart_hosp\\ruoyi-system\\target\\classes\\mapper\\system\\TDrugInfoMapper.xml]\r\n### The error may involve com.ruoyi.system.mapper.TDrugInfoMapper.deleteTDrugInfoByIds-Inline\r\n### The error occurred while setting parameters\r\n### SQL: delete t_drug_info set is_delete = 1 where id in          (               ?          )\r\n### Cause: java.sql.SQLSyntaxErrorException: You have an error in your SQL syntax; check the manual that corresponds to your MySQL server version for the right syntax to use near \'set is_delete = 1 where id in\n         (  \n            \'6d7a48f9e3f54bf0850b561c\' at line 1\n; bad SQL grammar []; nested exception is java.sql.SQLSyntaxErrorException: You have an error in your SQL syntax; check the manual that corresponds to your MySQL server version for the right syntax to use near \'set is_delete = 1 where id in\n         (  \n            \'6d7a48f9e3f54bf0850b561c\' at line 1','2023-03-30 22:54:17'),
(430,'药品信息',3,'com.ruoyi.web.controller.business.TDrugInfoController.remove()','POST',1,'admin',NULL,'/business/drugInfo/remove','127.0.0.1','内网IP','{\"ids\":[\"019d397054d842119875883b3a1b15cd\"]}','{\"msg\":\"操作成功\",\"code\":0}',0,NULL,'2023-03-30 22:56:32'),
(431,'药品信息',3,'com.ruoyi.web.controller.business.TDrugInfoController.remove()','POST',1,'admin',NULL,'/business/drugInfo/remove','127.0.0.1','内网IP','{\"ids\":[\"6d7a48f9e3f54bf0850b561c70588376\"]}','{\"msg\":\"操作成功\",\"code\":0}',0,NULL,'2023-03-30 22:56:44'),
(432,'处方信息',2,'com.ruoyi.web.controller.business.TPrescriptionRecordsController.editSave()','POST',1,'admin',NULL,'/system/records/edit','127.0.0.1','内网IP','{\"id\":[\"28\"],\"name\":[\"王王一\"],\"sex\":[\"0\"],\"age\":[\"259\"],\"phone\":[\"\"],\"address\":[\"华阳\"],\"diagnosis\":[\"ggg\"],\"idNumber\":[\"123456175865421125\"],\"skinTest\":[\"阴\"],\"zsAmount\":[\"0\"],\"drugAmount\":[\"2500\"],\"totalAmount\":[\"2500\"],\"tPrescriptionDrugInfoList[0].prescriptionid\":[\"28\"],\"tPrescriptionDrugInfoList[0].days\":[\"1\"],\"tPrescriptionDrugInfoList[0].counts\":[\"1\"],\"tPrescriptionDrugInfoList[0].remarks\":[\"\"],\"tPrescriptionDrugInfoList[0].drugid\":[\"019d397054d842119875883b3a1b15cd\"],\"tPrescriptionDrugInfoList[0].drugPrice\":[\"2500\"],\"tPrescriptionDrugInfoList[0].amount\":[\"2500\"],\"tPrescriptionDrugInfoList[0].drugName\":[\"三九感冒灵冲剂\"],\"tPrescriptionDrugInfoList[0].drugType\":[\"business_fzsl\"],\"tPrescriptionDrugInfoList[0].drugSpecs\":[\"10克/袋\"]}','{\"msg\":\"操作成功\",\"code\":0}',0,NULL,'2023-04-08 19:37:23'),
(433,'药品信息',3,'com.ruoyi.web.controller.business.TDrugInfoController.remove()','POST',1,'admin',NULL,'/business/drugInfo/remove','127.0.0.1','内网IP','{\"ids\":[\"6d7a48f9e3f54bf0850b561c70588375\"]}','{\"msg\":\"操作成功\",\"code\":0}',0,NULL,'2023-04-08 19:43:23'),
(434,'药品信息',1,'com.ruoyi.web.controller.business.TDrugInfoController.addSave()','POST',1,'admin',NULL,'/business/drugInfo/add','127.0.0.1','内网IP','{\"drugName\":[\"输液费\"],\"drugAlias\":[\"输液费\"],\"drugType\":[\"business_zsl\"],\"drugCategory\":[\"ZSY11\"],\"drugSpecs\":[\"\"],\"unitPrice\":[\"20\"],\"retailPrice\":[\"20\"],\"drugCompany\":[\"\"],\"manufactor\":[\"\"],\"sort\":[\"9999\"]}','{\"msg\":\"操作成功\",\"code\":0}',0,NULL,'2023-04-09 15:04:25'),
(435,'处方信息',1,'com.ruoyi.web.controller.business.TPrescriptionRecordsController.addSave()','POST',1,'admin',NULL,'/system/records/add','127.0.0.1','内网IP','{\"id\":[\"0\"],\"name\":[\"stf\"],\"sex\":[\"0\"],\"age\":[\"2\"],\"phone\":[\"\"],\"address\":[\"\"],\"diagnosis\":[\"\"],\"idNumber\":[\"\"],\"skinTest\":[\"\"],\"zsAmount\":[\"20\"],\"drugAmount\":[\"120\"],\"totalAmount\":[\"140\"],\"tPrescriptionDrugInfoList[0].prescriptionid\":[\"0\"],\"tPrescriptionDrugInfoList[0].days\":[\"4\"],\"tPrescriptionDrugInfoList[0].counts\":[\"1\"],\"tPrescriptionDrugInfoList[0].remarks\":[\"\"],\"tPrescriptionDrugInfoList[0].drugid\":[\"6d7a48f9e3f54bf0850b561c70588371\"],\"tPrescriptionDrugInfoList[0].drugPrice\":[\"20\"],\"tPrescriptionDrugInfoList[0].amount\":[\"20\"],\"tPrescriptionDrugInfoList[0].drugName\":[\"阿莫西林3\"],\"tPrescriptionDrugInfoList[0].drugType\":[\"business_zsl\"],\"tPrescriptionDrugInfoList[0].drugSpecs\":[\"0.2克*30\"],\"tPrescriptionDrugInfoList[1].prescriptionid\":[\"0\"],\"tPrescriptionDrugInfoList[1].days\":[\"3\"],\"tPrescriptionDrugInfoList[1].counts\":[\"2\"],\"tPrescriptionDrugInfoList[1].remarks\":[\"\"],\"tPrescriptionDrugInfoList[1].drugid\":[\"6d7a48f9e3f54bf0850b561c70588371\"],\"tPrescriptionDrugInfoList[1].drugPrice\":[\"20\"],\"tPrescriptionDrugInfoList[1].amount\":[\"40\"],\"tPrescriptionDrugInfoList[1].drugName\":[\"阿莫西林3\"],\"tPrescriptionDrugInfoList[1].drugType\":[\"business_zsl\"],\"tPrescriptionDrugInfoList[1].drugSpecs\":[\"0.2克*30\"],\"tPrescriptionDrugInfoList[2].prescriptionid\":[\"0\"],\"tPrescriptionDrugInfoList[2].days\":[\"2\"],\"tPrescriptionDrugInfoList[2].counts\":[\"3\"],\"tPrescriptionDrugInfoList[2].remarks\":[\"\"],\"tPrescriptionDrugInfoList[2].drugid\":[\"6d7a48f9e3f54bf0850b561c70588371\"],\"tPrescriptionDrugInfoList[2].drugPrice\":[\"20\"],\"tPrescriptionDrugInfoList[2].amount\":[\"60\"],\"tPrescriptionDrugInfoList[2].drugName\":[\"阿莫西林3\"],\"tPrescriptionDrugInfoList[2].drugType\":[\"business_zsl\"],\"tPrescriptionDrugInfoList[2].drugSpecs\":[\"0.2克*30\"]}','{\"msg\":\"操作成功\",\"code\":0}',0,NULL,'2023-04-09 15:54:15'),
(436,'药品信息',2,'com.ruoyi.web.controller.business.TDrugInfoController.editSave()','POST',1,'admin',NULL,'/business/drugInfo/edit','127.0.0.1','内网IP','{\"id\":[\"35971009dd0f432fb250307345828ccc\"],\"drugName\":[\"输液费\"],\"drugAlias\":[\"输液费\"],\"drugType\":[\"business_zsl\"],\"drugCategory\":[\"ZSY11\"],\"drugSpecs\":[\"\"],\"unitPrice\":[\"30\"],\"retailPrice\":[\"30\"],\"drugCompany\":[\"\"],\"manufactor\":[\"\"],\"sort\":[\"9999\"]}','{\"msg\":\"操作成功\",\"code\":0}',0,NULL,'2023-04-09 16:25:39'),
(437,'处方信息',2,'com.ruoyi.web.controller.business.TPrescriptionRecordsController.editSave()','POST',1,'admin',NULL,'/system/records/edit','127.0.0.1','内网IP','{\"id\":[\"0\"],\"name\":[\"ssss\"],\"sex\":[\"0\"],\"age\":[\"6\"],\"phone\":[\"\"],\"address\":[\"\"],\"diagnosis\":[\"\"],\"idNumber\":[\"\"],\"skinTest\":[\"\"],\"zsAmount\":[\"0\"],\"drugAmount\":[\"50\"],\"totalAmount\":[\"50\"],\"tPrescriptionDrugInfoList[0].prescriptionid\":[\"0\"],\"tPrescriptionDrugInfoList[0].days\":[\"1\"],\"tPrescriptionDrugInfoList[0].counts\":[\"2\"],\"tPrescriptionDrugInfoList[0].remarks\":[\"\"],\"tPrescriptionDrugInfoList[0].drugid\":[\"019d397054d842119875883b3a1b15cd\"],\"tPrescriptionDrugInfoList[0].drugPrice\":[\"25\"],\"tPrescriptionDrugInfoList[0].amount\":[\"50\"],\"tPrescriptionDrugInfoList[0].drugName\":[\"三九感冒灵冲剂\"],\"tPrescriptionDrugInfoList[0].drugType\":[\"business_fzsl\"],\"tPrescriptionDrugInfoList[0].drugSpecs\":[\"10克/袋\"]}','{\"msg\":\"操作失败\",\"code\":500}',0,NULL,'2023-04-09 16:32:11'),
(438,'处方信息',2,'com.ruoyi.web.controller.business.TPrescriptionRecordsController.editSave()','POST',1,'admin',NULL,'/system/records/edit','127.0.0.1','内网IP','{\"id\":[\"0\"],\"name\":[\"ssss\"],\"sex\":[\"0\"],\"age\":[\"6\"],\"phone\":[\"\"],\"address\":[\"\"],\"diagnosis\":[\"\"],\"idNumber\":[\"\"],\"skinTest\":[\"\"],\"zsAmount\":[\"0\"],\"drugAmount\":[\"50\"],\"totalAmount\":[\"50\"],\"tPrescriptionDrugInfoList[0].prescriptionid\":[\"0\"],\"tPrescriptionDrugInfoList[0].days\":[\"1\"],\"tPrescriptionDrugInfoList[0].counts\":[\"2\"],\"tPrescriptionDrugInfoList[0].remarks\":[\"\"],\"tPrescriptionDrugInfoList[0].drugid\":[\"019d397054d842119875883b3a1b15cd\"],\"tPrescriptionDrugInfoList[0].drugPrice\":[\"25\"],\"tPrescriptionDrugInfoList[0].amount\":[\"50\"],\"tPrescriptionDrugInfoList[0].drugName\":[\"三九感冒灵冲剂\"],\"tPrescriptionDrugInfoList[0].drugType\":[\"business_fzsl\"],\"tPrescriptionDrugInfoList[0].drugSpecs\":[\"10克/袋\"]}','{\"msg\":\"操作失败\",\"code\":500}',0,NULL,'2023-04-09 16:32:18'),
(439,'处方信息',2,'com.ruoyi.web.controller.business.TPrescriptionRecordsController.editSave()','POST',1,'admin',NULL,'/system/records/edit','127.0.0.1','内网IP','{\"id\":[\"0\"],\"name\":[\"ssss\"],\"sex\":[\"0\"],\"age\":[\"6\"],\"phone\":[\"\"],\"address\":[\"\"],\"diagnosis\":[\"\"],\"idNumber\":[\"\"],\"skinTest\":[\"\"],\"zsAmount\":[\"0\"],\"drugAmount\":[\"50\"],\"totalAmount\":[\"50\"],\"tPrescriptionDrugInfoList[0].prescriptionid\":[\"0\"],\"tPrescriptionDrugInfoList[0].days\":[\"1\"],\"tPrescriptionDrugInfoList[0].counts\":[\"2\"],\"tPrescriptionDrugInfoList[0].remarks\":[\"\"],\"tPrescriptionDrugInfoList[0].drugid\":[\"019d397054d842119875883b3a1b15cd\"],\"tPrescriptionDrugInfoList[0].drugPrice\":[\"25\"],\"tPrescriptionDrugInfoList[0].amount\":[\"50\"],\"tPrescriptionDrugInfoList[0].drugName\":[\"三九感冒灵冲剂\"],\"tPrescriptionDrugInfoList[0].drugType\":[\"business_fzsl\"],\"tPrescriptionDrugInfoList[0].drugSpecs\":[\"10克/袋\"]}','{\"msg\":\"操作失败\",\"code\":500}',0,NULL,'2023-04-09 16:33:22'),
(440,'处方信息',1,'com.ruoyi.web.controller.business.TPrescriptionRecordsController.addSave()','POST',1,'admin',NULL,'/system/records/add','127.0.0.1','内网IP','{\"id\":[\"0\"],\"name\":[\"sss\"],\"sex\":[\"0\"],\"age\":[\"15\"],\"phone\":[\"\"],\"address\":[\"\"],\"diagnosis\":[\"\"],\"idNumber\":[\"\"],\"skinTest\":[\"\"],\"zsAmount\":[\"0\"],\"drugAmount\":[\"75\"],\"totalAmount\":[\"75\"],\"tPrescriptionDrugInfoList[0].prescriptionid\":[\"0\"],\"tPrescriptionDrugInfoList[0].days\":[\"1\"],\"tPrescriptionDrugInfoList[0].counts\":[\"2\"],\"tPrescriptionDrugInfoList[0].remarks\":[\"\"],\"tPrescriptionDrugInfoList[0].drugid\":[\"019d397054d842119875883b3a1b15cd\"],\"tPrescriptionDrugInfoList[0].drugPrice\":[\"25\"],\"tPrescriptionDrugInfoList[0].amount\":[\"50\"],\"tPrescriptionDrugInfoList[0].drugName\":[\"三九感冒灵冲剂\"],\"tPrescriptionDrugInfoList[0].drugType\":[\"business_fzsl\"],\"tPrescriptionDrugInfoList[0].drugSpecs\":[\"10克/袋\"],\"tPrescriptionDrugInfoList[1].prescriptionid\":[\"0\"],\"tPrescriptionDrugInfoList[1].days\":[\"1\"],\"tPrescriptionDrugInfoList[1].counts\":[\"1\"],\"tPrescriptionDrugInfoList[1].remarks\":[\"\"],\"tPrescriptionDrugInfoList[1].drugid\":[\"019d397054d842119875883b3a1b15cd\"],\"tPrescriptionDrugInfoList[1].drugPrice\":[\"25\"],\"tPrescriptionDrugInfoList[1].amount\":[\"25\"],\"tPrescriptionDrugInfoList[1].drugName\":[\"三九感冒灵冲剂\"],\"tPrescriptionDrugInfoList[1].drugType\":[\"business_fzsl\"],\"tPrescriptionDrugInfoList[1].drugSpecs\":[\"10克/袋\"]}',NULL,1,'\r\n### Error updating database.  Cause: java.sql.SQLException: Column count doesn\'t match value count at row 1\r\n### The error may exist in file [C:\\Users\\juscc\\Desktop\\smart_hosp\\ruoyi-system\\target\\classes\\mapper\\system\\TPrescriptionRecordsMapper.xml]\r\n### The error may involve com.ruoyi.system.mapper.TPrescriptionRecordsMapper.insertTPrescriptionRecords-Inline\r\n### The error occurred while setting parameters\r\n### SQL: insert into t_prescription_records          ( name,                          age,             sex,                                                                 status,             doctorid,                                                    drug_amount,             total_amount,             crtime )           values ( ?,                          ?,             ?,                                                                 ?,             ?,                                       ?,             ?,             ?,             ? )\r\n### Cause: java.sql.SQLException: Column count doesn\'t match value count at row 1\n; bad SQL grammar []; nested exception is java.sql.SQLException: Column count doesn\'t match value count at row 1','2023-04-09 16:35:07'),
(441,'处方信息',1,'com.ruoyi.web.controller.business.TPrescriptionRecordsController.addSave()','POST',1,'admin',NULL,'/system/records/add','127.0.0.1','内网IP','{\"id\":[\"0\"],\"name\":[\"sss\"],\"sex\":[\"0\"],\"age\":[\"15\"],\"phone\":[\"\"],\"address\":[\"\"],\"diagnosis\":[\"\"],\"idNumber\":[\"\"],\"skinTest\":[\"\"],\"zsAmount\":[\"0\"],\"drugAmount\":[\"25\"],\"totalAmount\":[\"25\"],\"tPrescriptionDrugInfoList[0].prescriptionid\":[\"0\"],\"tPrescriptionDrugInfoList[0].days\":[\"1\"],\"tPrescriptionDrugInfoList[0].counts\":[\"1\"],\"tPrescriptionDrugInfoList[0].remarks\":[\"\"],\"tPrescriptionDrugInfoList[0].drugid\":[\"019d397054d842119875883b3a1b15cd\"],\"tPrescriptionDrugInfoList[0].drugPrice\":[\"25\"],\"tPrescriptionDrugInfoList[0].amount\":[\"25\"],\"tPrescriptionDrugInfoList[0].drugName\":[\"三九感冒灵冲剂\"],\"tPrescriptionDrugInfoList[0].drugType\":[\"business_fzsl\"],\"tPrescriptionDrugInfoList[0].drugSpecs\":[\"10克/袋\"]}',NULL,1,'\r\n### Error updating database.  Cause: java.sql.SQLException: Column count doesn\'t match value count at row 1\r\n### The error may exist in file [C:\\Users\\juscc\\Desktop\\smart_hosp\\ruoyi-system\\target\\classes\\mapper\\system\\TPrescriptionRecordsMapper.xml]\r\n### The error may involve com.ruoyi.system.mapper.TPrescriptionRecordsMapper.insertTPrescriptionRecords-Inline\r\n### The error occurred while setting parameters\r\n### SQL: insert into t_prescription_records          ( name,                          age,             sex,                                                                 status,             doctorid,                                                    drug_amount,             total_amount,             crtime )           values ( ?,                          ?,             ?,                                                                 ?,             ?,                                       ?,             ?,             ?,             ? )\r\n### Cause: java.sql.SQLException: Column count doesn\'t match value count at row 1\n; bad SQL grammar []; nested exception is java.sql.SQLException: Column count doesn\'t match value count at row 1','2023-04-09 16:41:17'),
(442,'处方信息',1,'com.ruoyi.web.controller.business.TPrescriptionRecordsController.addSave()','POST',1,'admin',NULL,'/system/records/add','127.0.0.1','内网IP','{\"id\":[\"0\"],\"name\":[\"iii\"],\"sex\":[\"0\"],\"age\":[\"29\"],\"phone\":[\"\"],\"address\":[\"\"],\"diagnosis\":[\"\"],\"idNumber\":[\"\"],\"skinTest\":[\"\"],\"zsAmount\":[\"30\"],\"drugAmount\":[\"60\"],\"totalAmount\":[\"90\"],\"tPrescriptionDrugInfoList[0].prescriptionid\":[\"0\"],\"tPrescriptionDrugInfoList[0].days\":[\"1\"],\"tPrescriptionDrugInfoList[0].counts\":[\"2\"],\"tPrescriptionDrugInfoList[0].remarks\":[\"\"],\"tPrescriptionDrugInfoList[0].drugid\":[\"6d7a48f9e3f54bf0850b561c70588371\"],\"tPrescriptionDrugInfoList[0].drugPrice\":[\"20\"],\"tPrescriptionDrugInfoList[0].amount\":[\"40\"],\"tPrescriptionDrugInfoList[0].drugName\":[\"阿莫西林3\"],\"tPrescriptionDrugInfoList[0].drugType\":[\"business_zsl\"],\"tPrescriptionDrugInfoList[0].drugSpecs\":[\"0.2克*30\"],\"tPrescriptionDrugInfoList[1].prescriptionid\":[\"0\"],\"tPrescriptionDrugInfoList[1].days\":[\"1\"],\"tPrescriptionDrugInfoList[1].counts\":[\"1\"],\"tPrescriptionDrugInfoList[1].remarks\":[\"\"],\"tPrescriptionDrugInfoList[1].drugid\":[\"6d7a48f9e3f54bf0850b561c70588371\"],\"tPrescriptionDrugInfoList[1].drugPrice\":[\"20\"],\"tPrescriptionDrugInfoList[1].amount\":[\"20\"],\"tPrescriptionDrugInfoList[1].drugName\":[\"阿莫西林3\"],\"tPrescriptionDrugInfoList[1].drugType\":[\"business_zsl\"],\"tPrescriptionDrugInfoList[1].drugSpecs\":[\"0.2克*30\"]}','{\"msg\":\"操作成功\",\"code\":0}',0,NULL,'2023-04-09 16:47:24'),
(443,'处方信息',1,'com.ruoyi.web.controller.business.TPrescriptionRecordsController.addSave()','POST',1,'admin',NULL,'/system/records/add','127.0.0.1','内网IP','{\"id\":[\"0\"],\"name\":[\"ddd\"],\"sex\":[\"0\"],\"age\":[\"4\"],\"phone\":[\"\"],\"address\":[\"\"],\"diagnosis\":[\"\"],\"idNumber\":[\"\"],\"skinTest\":[\"\"],\"zsAmount\":[\"0\"],\"drugAmount\":[\"125\"],\"totalAmount\":[\"125\"],\"tPrescriptionDrugInfoList[0].prescriptionid\":[\"0\"],\"tPrescriptionDrugInfoList[0].days\":[\"1\"],\"tPrescriptionDrugInfoList[0].counts\":[\"1\"],\"tPrescriptionDrugInfoList[0].remarks\":[\"\"],\"tPrescriptionDrugInfoList[0].drugid\":[\"019d397054d842119875883b3a1b15cd\"],\"tPrescriptionDrugInfoList[0].drugPrice\":[\"25\"],\"tPrescriptionDrugInfoList[0].amount\":[\"25\"],\"tPrescriptionDrugInfoList[0].drugName\":[\"三九感冒灵冲剂\"],\"tPrescriptionDrugInfoList[0].drugType\":[\"business_fzsl\"],\"tPrescriptionDrugInfoList[0].drugSpecs\":[\"10克/袋\"],\"tPrescriptionDrugInfoList[1].prescriptionid\":[\"0\"],\"tPrescriptionDrugInfoList[1].days\":[\"1\"],\"tPrescriptionDrugInfoList[1].counts\":[\"2\"],\"tPrescriptionDrugInfoList[1].remarks\":[\"\"],\"tPrescriptionDrugInfoList[1].drugid\":[\"019d397054d842119875883b3a1b15cd\"],\"tPrescriptionDrugInfoList[1].drugPrice\":[\"25\"],\"tPrescriptionDrugInfoList[1].amount\":[\"50\"],\"tPrescriptionDrugInfoList[1].drugName\":[\"三九感冒灵冲剂\"],\"tPrescriptionDrugInfoList[1].drugType\":[\"business_fzsl\"],\"tPrescriptionDrugInfoList[1].drugSpecs\":[\"10克/袋\"],\"tPrescriptionDrugInfoList[2].prescriptionid\":[\"0\"],\"tPrescriptionDrugInfoList[2].days\":[\"1\"],\"tPrescriptionDrugInfoList[2].counts\":[\"2\"],\"tPrescriptionDrugInfoList[2].remarks\":[\"\"],\"tPrescriptionDrugInfoList[2].drugid\":[\"019d397054d842119875883b3a1b15cd\"],\"tPrescriptionDrugInfoList[2].drugPrice\":[\"25\"],\"tPrescriptionDrugInfoList[2].amount\":[\"50\"],\"tPrescriptionDrugInfoList[2].drugName\":[\"三九感冒灵冲剂\"],\"tPrescriptionDrugInfoList[2].drugType\":[\"business_fzsl\"],\"tPrescriptionDrugInfoList[2].drugSpecs\":[\"10克/袋\"]}',NULL,1,'\r\n### Error updating database.  Cause: java.sql.SQLException: Column count doesn\'t match value count at row 1\r\n### The error may exist in file [C:\\Users\\juscc\\Desktop\\smart_hosp\\ruoyi-system\\target\\classes\\mapper\\system\\TPrescriptionRecordsMapper.xml]\r\n### The error may involve com.ruoyi.system.mapper.TPrescriptionRecordsMapper.insertTPrescriptionRecords-Inline\r\n### The error occurred while setting parameters\r\n### SQL: insert into t_prescription_records          ( name,                          age,             sex,                                                                 status,             doctorid,                                                    drug_amount,             total_amount,             crtime )           values ( ?,                          ?,             ?,                                                                 ?,             ?,                                       ?,             ?,             ?,             ? )\r\n### Cause: java.sql.SQLException: Column count doesn\'t match value count at row 1\n; bad SQL grammar []; nested exception is java.sql.SQLException: Column count doesn\'t match value count at row 1','2023-04-09 16:48:13'),
(444,'处方信息',1,'com.ruoyi.web.controller.business.TPrescriptionRecordsController.addSave()','POST',1,'admin',NULL,'/system/records/add','127.0.0.1','内网IP','{\"id\":[\"0\"],\"name\":[\"rr\"],\"sex\":[\"0\"],\"age\":[\"2\"],\"phone\":[\"\"],\"address\":[\"\"],\"diagnosis\":[\"\"],\"idNumber\":[\"\"],\"skinTest\":[\"\"],\"zsAmount\":[\"0\"],\"drugAmount\":[\"75\"],\"totalAmount\":[\"75\"],\"tPrescriptionDrugInfoList[0].prescriptionid\":[\"0\"],\"tPrescriptionDrugInfoList[0].days\":[\"1\"],\"tPrescriptionDrugInfoList[0].counts\":[\"2\"],\"tPrescriptionDrugInfoList[0].remarks\":[\"\"],\"tPrescriptionDrugInfoList[0].drugid\":[\"019d397054d842119875883b3a1b15cd\"],\"tPrescriptionDrugInfoList[0].drugPrice\":[\"25\"],\"tPrescriptionDrugInfoList[0].amount\":[\"50\"],\"tPrescriptionDrugInfoList[0].drugName\":[\"三九感冒灵冲剂\"],\"tPrescriptionDrugInfoList[0].drugType\":[\"business_fzsl\"],\"tPrescriptionDrugInfoList[0].drugSpecs\":[\"10克/袋\"],\"tPrescriptionDrugInfoList[1].prescriptionid\":[\"0\"],\"tPrescriptionDrugInfoList[1].days\":[\"1\"],\"tPrescriptionDrugInfoList[1].counts\":[\"1\"],\"tPrescriptionDrugInfoList[1].remarks\":[\"\"],\"tPrescriptionDrugInfoList[1].drugid\":[\"019d397054d842119875883b3a1b15cd\"],\"tPrescriptionDrugInfoList[1].drugPrice\":[\"25\"],\"tPrescriptionDrugInfoList[1].amount\":[\"25\"],\"tPrescriptionDrugInfoList[1].drugName\":[\"三九感冒灵冲剂\"],\"tPrescriptionDrugInfoList[1].drugType\":[\"business_fzsl\"],\"tPrescriptionDrugInfoList[1].drugSpecs\":[\"10克/袋\"]}','{\"msg\":\"操作成功\",\"code\":0}',0,NULL,'2023-04-09 16:50:11'),
(445,'处方信息',2,'com.ruoyi.web.controller.business.TPrescriptionRecordsController.editSave()','POST',1,'admin',NULL,'/system/records/edit','127.0.0.1','内网IP','{\"id\":[\"32\"],\"name\":[\"rr\"],\"sex\":[\"0\"],\"age\":[\"2\"],\"phone\":[\"\"],\"address\":[\"\"],\"diagnosis\":[\"\"],\"idNumber\":[\"\"],\"skinTest\":[\"\"],\"zsAmount\":[\"0\"],\"drugAmount\":[\"75\"],\"totalAmount\":[\"75\"],\"tPrescriptionDrugInfoList[0].prescriptionid\":[\"32\"],\"tPrescriptionDrugInfoList[0].days\":[\"1\"],\"tPrescriptionDrugInfoList[0].counts\":[\"2\"],\"tPrescriptionDrugInfoList[0].remarks\":[\"\"],\"tPrescriptionDrugInfoList[0].drugid\":[\"019d397054d842119875883b3a1b15cd\"],\"tPrescriptionDrugInfoList[0].drugPrice\":[\"25\"],\"tPrescriptionDrugInfoList[0].amount\":[\"50\"],\"tPrescriptionDrugInfoList[0].drugName\":[\"三九感冒灵冲剂\"],\"tPrescriptionDrugInfoList[0].drugType\":[\"business_fzsl\"],\"tPrescriptionDrugInfoList[0].drugSpecs\":[\"10克/袋\"],\"tPrescriptionDrugInfoList[1].prescriptionid\":[\"32\"],\"tPrescriptionDrugInfoList[1].days\":[\"1\"],\"tPrescriptionDrugInfoList[1].counts\":[\"1\"],\"tPrescriptionDrugInfoList[1].remarks\":[\"\"],\"tPrescriptionDrugInfoList[1].drugid\":[\"019d397054d842119875883b3a1b15cd\"],\"tPrescriptionDrugInfoList[1].drugPrice\":[\"25\"],\"tPrescriptionDrugInfoList[1].amount\":[\"25\"],\"tPrescriptionDrugInfoList[1].drugName\":[\"三九感冒灵冲剂\"],\"tPrescriptionDrugInfoList[1].drugType\":[\"business_fzsl\"],\"tPrescriptionDrugInfoList[1].drugSpecs\":[\"10克/袋\"]}','{\"msg\":\"操作成功\",\"code\":0}',0,NULL,'2023-04-09 16:50:44'),
(446,'药品信息',1,'com.ruoyi.web.controller.business.TDrugInfoController.addSave()','POST',1,'admin',NULL,'/business/drugInfo/add','127.0.0.1','内网IP','{\"drugName\":[\"ssss\"],\"drugAlias\":[\"fff\"],\"drugType\":[\"business_zsl\"],\"drugCategory\":[\"ZSY1\"],\"drugSpecs\":[\"s\"],\"unitPrice\":[\"2.5\"],\"retailPrice\":[\"2.6\"],\"drugCompany\":[\"ss\"],\"manufactor\":[\"ff\"],\"sort\":[\"4\"]}','{\"msg\":\"操作成功\",\"code\":0}',0,NULL,'2023-04-09 16:51:16'),
(447,'药品信息',3,'com.ruoyi.web.controller.business.TDrugInfoController.remove()','POST',1,'admin',NULL,'/business/drugInfo/remove','127.0.0.1','内网IP','{\"ids\":[\"869e325f1a3f401ebaeb1f634d234582\"]}','{\"msg\":\"操作成功\",\"code\":0}',0,NULL,'2023-04-09 16:51:23'),
(448,'药品信息',1,'com.ruoyi.web.controller.business.TDrugInfoController.addSave()','POST',1,'admin',NULL,'/business/drugInfo/add','127.0.0.1','内网IP','{\"drugName\":[\"fff\"],\"drugAlias\":[\"ggg\"],\"drugType\":[\"business_zsl\"],\"drugCategory\":[\"ZSY1\"],\"drugSpecs\":[\"88\"],\"unitPrice\":[\"1\"],\"retailPrice\":[\"2\"],\"drugCompany\":[\"3\"],\"manufactor\":[\"5\"],\"sort\":[\"4\"]}','{\"msg\":\"操作成功\",\"code\":0}',0,NULL,'2023-04-09 16:58:08'),
(449,'药品信息',3,'com.ruoyi.web.controller.business.TDrugInfoController.remove()','POST',1,'admin',NULL,'/business/drugInfo/remove','127.0.0.1','内网IP','{\"ids\":[\"544f6a1c728b4c5fb826c0ad51dd98c2\"]}','{\"msg\":\"操作成功\",\"code\":0}',0,NULL,'2023-04-09 16:58:13'),
(450,'处方信息',5,'com.ruoyi.web.controller.business.TPrescriptionRecordsController.export()','POST',1,'admin',NULL,'/system/records/export','127.0.0.1','内网IP','{\"start_time\":[\"\"],\"end_time\":[\"\"],\"status\":[\"\"],\"name\":[\"\"],\"idNumber\":[\"\"],\"doctorid\":[\"\"],\"orderByColumn\":[\"\"],\"isAsc\":[\"asc\"]}','{\"msg\":\"c4ef073e-b624-4145-a03d-754a0101d85c_处方信息数据.xlsx\",\"code\":0}',0,NULL,'2023-04-27 21:46:30');

/*Table structure for table `sys_post` */

DROP TABLE IF EXISTS `sys_post`;

CREATE TABLE `sys_post` (
  `post_id` bigint NOT NULL AUTO_INCREMENT COMMENT '岗位ID',
  `post_code` varchar(64) CHARACTER SET utf8 COLLATE utf8_general_ci NOT NULL COMMENT '岗位编码',
  `post_name` varchar(50) CHARACTER SET utf8 COLLATE utf8_general_ci NOT NULL COMMENT '岗位名称',
  `post_sort` int NOT NULL COMMENT '显示顺序',
  `status` char(1) CHARACTER SET utf8 COLLATE utf8_general_ci NOT NULL COMMENT '状态（0正常 1停用）',
  `create_by` varchar(64) CHARACTER SET utf8 COLLATE utf8_general_ci DEFAULT '' COMMENT '创建者',
  `create_time` datetime DEFAULT NULL COMMENT '创建时间',
  `update_by` varchar(64) CHARACTER SET utf8 COLLATE utf8_general_ci DEFAULT '' COMMENT '更新者',
  `update_time` datetime DEFAULT NULL COMMENT '更新时间',
  `remark` varchar(500) CHARACTER SET utf8 COLLATE utf8_general_ci DEFAULT NULL COMMENT '备注',
  PRIMARY KEY (`post_id`) USING BTREE
) ENGINE=InnoDB AUTO_INCREMENT=5 DEFAULT CHARSET=utf8mb3 ROW_FORMAT=DYNAMIC COMMENT='岗位信息表';

/*Data for the table `sys_post` */

insert  into `sys_post`(`post_id`,`post_code`,`post_name`,`post_sort`,`status`,`create_by`,`create_time`,`update_by`,`update_time`,`remark`) values 
(1,'ceo','董事长',1,'0','admin','2023-02-09 15:14:01','',NULL,''),
(2,'se','项目经理',2,'0','admin','2023-02-09 15:14:01','',NULL,''),
(3,'hr','人力资源',3,'0','admin','2023-02-09 15:14:01','',NULL,''),
(4,'user','普通员工',4,'0','admin','2023-02-09 15:14:01','',NULL,'');

/*Table structure for table `sys_role` */

DROP TABLE IF EXISTS `sys_role`;

CREATE TABLE `sys_role` (
  `role_id` bigint NOT NULL AUTO_INCREMENT COMMENT '角色ID',
  `role_name` varchar(30) CHARACTER SET utf8 COLLATE utf8_general_ci NOT NULL COMMENT '角色名称',
  `role_key` varchar(100) CHARACTER SET utf8 COLLATE utf8_general_ci NOT NULL COMMENT '角色权限字符串',
  `role_sort` int NOT NULL COMMENT '显示顺序',
  `data_scope` char(1) CHARACTER SET utf8 COLLATE utf8_general_ci DEFAULT '1' COMMENT '数据范围（1：全部数据权限 2：自定数据权限 3：本部门数据权限 4：本部门及以下数据权限）',
  `status` char(1) CHARACTER SET utf8 COLLATE utf8_general_ci NOT NULL COMMENT '角色状态（0正常 1停用）',
  `del_flag` char(1) CHARACTER SET utf8 COLLATE utf8_general_ci DEFAULT '0' COMMENT '删除标志（0代表存在 2代表删除）',
  `create_by` varchar(64) CHARACTER SET utf8 COLLATE utf8_general_ci DEFAULT '' COMMENT '创建者',
  `create_time` datetime DEFAULT NULL COMMENT '创建时间',
  `update_by` varchar(64) CHARACTER SET utf8 COLLATE utf8_general_ci DEFAULT '' COMMENT '更新者',
  `update_time` datetime DEFAULT NULL COMMENT '更新时间',
  `remark` varchar(500) CHARACTER SET utf8 COLLATE utf8_general_ci DEFAULT NULL COMMENT '备注',
  PRIMARY KEY (`role_id`) USING BTREE
) ENGINE=InnoDB AUTO_INCREMENT=6 DEFAULT CHARSET=utf8mb3 ROW_FORMAT=DYNAMIC COMMENT='角色信息表';

/*Data for the table `sys_role` */

insert  into `sys_role`(`role_id`,`role_name`,`role_key`,`role_sort`,`data_scope`,`status`,`del_flag`,`create_by`,`create_time`,`update_by`,`update_time`,`remark`) values 
(1,'超级管理员','admin',1,'1','0','0','admin','2023-02-09 15:14:01','',NULL,'超级管理员'),
(2,'普通角色','common',2,'2','0','2','admin','2023-02-09 15:14:01','',NULL,'普通角色'),
(3,'医生','yisheng',1,'1','0','0','admin','2023-02-16 21:31:06','admin','2023-03-18 12:06:33',''),
(4,'护士','hushi',1,'1','0','0','admin','2023-03-17 23:30:21','admin','2023-03-18 12:05:55',''),
(5,'药房','yaofang',2,'1','0','0','admin','2023-03-18 12:18:47','admin','2023-03-18 12:39:36','');

/*Table structure for table `sys_role_dept` */

DROP TABLE IF EXISTS `sys_role_dept`;

CREATE TABLE `sys_role_dept` (
  `role_id` bigint NOT NULL COMMENT '角色ID',
  `dept_id` bigint NOT NULL COMMENT '部门ID',
  PRIMARY KEY (`role_id`,`dept_id`) USING BTREE
) ENGINE=InnoDB DEFAULT CHARSET=utf8mb3 ROW_FORMAT=DYNAMIC COMMENT='角色和部门关联表';

/*Data for the table `sys_role_dept` */

/*Table structure for table `sys_role_menu` */

DROP TABLE IF EXISTS `sys_role_menu`;

CREATE TABLE `sys_role_menu` (
  `role_id` bigint NOT NULL COMMENT '角色ID',
  `menu_id` bigint NOT NULL COMMENT '菜单ID',
  PRIMARY KEY (`role_id`,`menu_id`) USING BTREE
) ENGINE=InnoDB DEFAULT CHARSET=utf8mb3 ROW_FORMAT=DYNAMIC COMMENT='角色和菜单关联表';

/*Data for the table `sys_role_menu` */

insert  into `sys_role_menu`(`role_id`,`menu_id`) values 
(3,1062),
(3,1063),
(3,1073),
(3,1077),
(3,1078),
(3,1079),
(3,1080),
(3,1081),
(3,1082),
(3,1083),
(3,1084),
(4,1077),
(4,1078),
(4,1079),
(4,1081),
(4,1083),
(4,1084),
(5,1062),
(5,1063),
(5,1064),
(5,1065),
(5,1066),
(5,1067),
(5,1068),
(5,1069),
(5,1070),
(5,1071),
(5,1072),
(5,1073),
(5,1074),
(5,1075),
(5,1076),
(5,1077),
(5,1078),
(5,1079),
(5,1081),
(5,1084);

/*Table structure for table `sys_user` */

DROP TABLE IF EXISTS `sys_user`;

CREATE TABLE `sys_user` (
  `user_id` bigint NOT NULL AUTO_INCREMENT COMMENT '用户ID',
  `dept_id` bigint DEFAULT NULL COMMENT '部门ID',
  `login_name` varchar(30) CHARACTER SET utf8 COLLATE utf8_general_ci NOT NULL COMMENT '登录账号',
  `user_name` varchar(30) CHARACTER SET utf8 COLLATE utf8_general_ci DEFAULT '' COMMENT '用户昵称',
  `user_type` varchar(2) CHARACTER SET utf8 COLLATE utf8_general_ci DEFAULT '00' COMMENT '用户类型（00系统用户 01注册用户）',
  `email` varchar(50) CHARACTER SET utf8 COLLATE utf8_general_ci DEFAULT '' COMMENT '用户邮箱',
  `phonenumber` varchar(11) CHARACTER SET utf8 COLLATE utf8_general_ci DEFAULT '' COMMENT '手机号码',
  `sex` char(1) CHARACTER SET utf8 COLLATE utf8_general_ci DEFAULT '0' COMMENT '用户性别（0男 1女 2未知）',
  `avatar` varchar(100) CHARACTER SET utf8 COLLATE utf8_general_ci DEFAULT '' COMMENT '头像路径',
  `password` varchar(50) CHARACTER SET utf8 COLLATE utf8_general_ci DEFAULT '' COMMENT '密码',
  `salt` varchar(20) CHARACTER SET utf8 COLLATE utf8_general_ci DEFAULT '' COMMENT '盐加密',
  `status` char(1) CHARACTER SET utf8 COLLATE utf8_general_ci DEFAULT '0' COMMENT '帐号状态（0正常 1停用）',
  `del_flag` char(1) CHARACTER SET utf8 COLLATE utf8_general_ci DEFAULT '0' COMMENT '删除标志（0代表存在 2代表删除）',
  `login_ip` varchar(128) CHARACTER SET utf8 COLLATE utf8_general_ci DEFAULT '' COMMENT '最后登录IP',
  `login_date` datetime DEFAULT NULL COMMENT '最后登录时间',
  `pwd_update_date` datetime DEFAULT NULL COMMENT '密码最后更新时间',
  `create_by` varchar(64) CHARACTER SET utf8 COLLATE utf8_general_ci DEFAULT '' COMMENT '创建者',
  `create_time` datetime DEFAULT NULL COMMENT '创建时间',
  `update_by` varchar(64) CHARACTER SET utf8 COLLATE utf8_general_ci DEFAULT '' COMMENT '更新者',
  `update_time` datetime DEFAULT NULL COMMENT '更新时间',
  `remark` varchar(500) CHARACTER SET utf8 COLLATE utf8_general_ci DEFAULT NULL COMMENT '备注',
  PRIMARY KEY (`user_id`) USING BTREE
) ENGINE=InnoDB AUTO_INCREMENT=7 DEFAULT CHARSET=utf8mb3 ROW_FORMAT=DYNAMIC COMMENT='用户信息表';

/*Data for the table `sys_user` */

insert  into `sys_user`(`user_id`,`dept_id`,`login_name`,`user_name`,`user_type`,`email`,`phonenumber`,`sex`,`avatar`,`password`,`salt`,`status`,`del_flag`,`login_ip`,`login_date`,`pwd_update_date`,`create_by`,`create_time`,`update_by`,`update_time`,`remark`) values 
(1,103,'admin','若依','00','ry@163.com','15888888888','1','','29c67a30398638269fe600f73a054934','111111','0','0','127.0.0.1','2023-04-27 21:46:23','2023-02-09 15:14:01','admin','2023-02-09 15:14:01','','2023-04-27 21:46:23','管理员'),
(2,105,'ry','若依','00','ry@qq.com','15666666666','1','','8e6d98b90472783cc73c17047ddccf36','222222','0','2','127.0.0.1','2023-02-09 15:14:01','2023-02-09 15:14:01','admin','2023-02-09 15:14:01','',NULL,'测试员'),
(3,110,'baitang','baitang','00','','','0','','fd19e56a508b5c596093c45e22c6c208','578ed6','0','0','127.0.0.1','2023-02-17 15:31:23',NULL,'admin','2023-02-16 21:32:13','','2023-02-17 15:31:23',NULL),
(4,112,'00000000','admin000','00','','','0','','b40926e1a0391f1253b7a8d1e27f63e1','95e17a','0','0','127.0.0.1','2023-03-18 16:31:33',NULL,'admin','2023-03-17 23:29:26','admin','2023-03-18 16:31:33',''),
(5,111,'hs','adminsf','00','','','0','','aa9f277a806145d19e71ad67a4060c3b','5d78a1','0','0','127.0.0.1','2023-03-18 16:32:57','2023-03-18 16:17:08','admin','2023-03-17 23:30:41','admin','2023-03-18 16:32:56',''),
(6,110,'yisheng','yisheng','00','','','1','','44ab2df674ce1fe3c369c6bc1aab9a0f','97a019','0','0','127.0.0.1','2023-03-20 19:12:46',NULL,'admin','2023-03-18 12:13:38','','2023-03-20 19:12:45',NULL);

/*Table structure for table `sys_user_online` */

DROP TABLE IF EXISTS `sys_user_online`;

CREATE TABLE `sys_user_online` (
  `sessionId` varchar(50) CHARACTER SET utf8 COLLATE utf8_general_ci NOT NULL DEFAULT '' COMMENT '用户会话id',
  `login_name` varchar(50) CHARACTER SET utf8 COLLATE utf8_general_ci DEFAULT '' COMMENT '登录账号',
  `dept_name` varchar(50) CHARACTER SET utf8 COLLATE utf8_general_ci DEFAULT '' COMMENT '部门名称',
  `ipaddr` varchar(128) CHARACTER SET utf8 COLLATE utf8_general_ci DEFAULT '' COMMENT '登录IP地址',
  `login_location` varchar(255) CHARACTER SET utf8 COLLATE utf8_general_ci DEFAULT '' COMMENT '登录地点',
  `browser` varchar(50) CHARACTER SET utf8 COLLATE utf8_general_ci DEFAULT '' COMMENT '浏览器类型',
  `os` varchar(50) CHARACTER SET utf8 COLLATE utf8_general_ci DEFAULT '' COMMENT '操作系统',
  `status` varchar(10) CHARACTER SET utf8 COLLATE utf8_general_ci DEFAULT '' COMMENT '在线状态on_line在线off_line离线',
  `start_timestamp` datetime DEFAULT NULL COMMENT 'session创建时间',
  `last_access_time` datetime DEFAULT NULL COMMENT 'session最后访问时间',
  `expire_time` int DEFAULT '0' COMMENT '超时时间，单位为分钟',
  PRIMARY KEY (`sessionId`) USING BTREE
) ENGINE=InnoDB DEFAULT CHARSET=utf8mb3 ROW_FORMAT=DYNAMIC COMMENT='在线用户记录';

/*Data for the table `sys_user_online` */

insert  into `sys_user_online`(`sessionId`,`login_name`,`dept_name`,`ipaddr`,`login_location`,`browser`,`os`,`status`,`start_timestamp`,`last_access_time`,`expire_time`) values 
('67f7c33d-28f1-45a7-9c39-0f9b07333ead','admin',NULL,'127.0.0.1','内网IP','Chrome 11','Windows 10','on_line','2023-04-27 20:38:51','2023-04-27 21:52:45',1800000);

/*Table structure for table `sys_user_post` */

DROP TABLE IF EXISTS `sys_user_post`;

CREATE TABLE `sys_user_post` (
  `user_id` bigint NOT NULL COMMENT '用户ID',
  `post_id` bigint NOT NULL COMMENT '岗位ID',
  PRIMARY KEY (`user_id`,`post_id`) USING BTREE
) ENGINE=InnoDB DEFAULT CHARSET=utf8mb3 ROW_FORMAT=DYNAMIC COMMENT='用户与岗位关联表';

/*Data for the table `sys_user_post` */

insert  into `sys_user_post`(`user_id`,`post_id`) values 
(1,1);

/*Table structure for table `sys_user_role` */

DROP TABLE IF EXISTS `sys_user_role`;

CREATE TABLE `sys_user_role` (
  `user_id` bigint NOT NULL COMMENT '用户ID',
  `role_id` bigint NOT NULL COMMENT '角色ID',
  PRIMARY KEY (`user_id`,`role_id`) USING BTREE
) ENGINE=InnoDB DEFAULT CHARSET=utf8mb3 ROW_FORMAT=DYNAMIC COMMENT='用户和角色关联表';

/*Data for the table `sys_user_role` */

insert  into `sys_user_role`(`user_id`,`role_id`) values 
(1,1),
(3,3),
(4,5),
(5,4),
(6,3);

/*Table structure for table `t_drug_info` */

DROP TABLE IF EXISTS `t_drug_info`;

CREATE TABLE `t_drug_info` (
  `id` varchar(32) CHARACTER SET utf8 COLLATE utf8_general_ci NOT NULL COMMENT '主键',
  `drug_name` varchar(255) CHARACTER SET utf8 COLLATE utf8_general_ci DEFAULT NULL COMMENT '药品名称',
  `drug_alias` varchar(255) CHARACTER SET utf8 COLLATE utf8_general_ci DEFAULT NULL COMMENT '药品别名',
  `drug_code` varchar(128) CHARACTER SET utf8 COLLATE utf8_general_ci DEFAULT NULL COMMENT '药品编号',
  `drug_type` varchar(16) CHARACTER SET utf8 COLLATE utf8_general_ci DEFAULT NULL COMMENT '药品分类',
  `drug_category` varchar(32) CHARACTER SET utf8 COLLATE utf8_general_ci DEFAULT NULL COMMENT '药品类别',
  `drug_specs` varchar(128) CHARACTER SET utf8 COLLATE utf8_general_ci DEFAULT NULL COMMENT '药品规格',
  `unit_price` bigint DEFAULT NULL COMMENT '单价（分）',
  `retail_price` bigint DEFAULT NULL COMMENT '零售价（分）',
  `stock` int(9) unsigned zerofill DEFAULT '000000000' COMMENT '库存',
  `drug_company` varchar(255) CHARACTER SET utf8 COLLATE utf8_general_ci DEFAULT NULL COMMENT '药品单位',
  `manufactor` varchar(255) CHARACTER SET utf8 COLLATE utf8_general_ci DEFAULT NULL COMMENT '厂家',
  `create_time` datetime DEFAULT NULL COMMENT '创建时间',
  `create_by` varchar(32) CHARACTER SET utf8 COLLATE utf8_general_ci DEFAULT NULL COMMENT '创建人Id',
  `update_time` datetime DEFAULT NULL COMMENT '更新时间',
  `update_by` varchar(32) CHARACTER SET utf8 COLLATE utf8_general_ci DEFAULT NULL COMMENT '更新人Id',
  `is_delete` char(3) CHARACTER SET utf8 COLLATE utf8_general_ci DEFAULT '0' COMMENT '是否删除 0-否 1-是',
  `sort` int DEFAULT '0' COMMENT '顺序',
  PRIMARY KEY (`id`) USING BTREE,
  KEY `idx_create_time` (`create_time`) USING BTREE
) ENGINE=InnoDB DEFAULT CHARSET=utf8mb3 ROW_FORMAT=DYNAMIC COMMENT='药品信息表';

/*Data for the table `t_drug_info` */

insert  into `t_drug_info`(`id`,`drug_name`,`drug_alias`,`drug_code`,`drug_type`,`drug_category`,`drug_specs`,`unit_price`,`retail_price`,`stock`,`drug_company`,`manufactor`,`create_time`,`create_by`,`update_time`,`update_by`,`is_delete`,`sort`) values 
('019d397054d842119875883b3a1b15cd','三九感冒灵冲剂','三九/39','YPBH20230216210858A001','business_fzsl','FZSY5','10克/袋',2100,2500,000000027,'盒','华润三九医药股份有限公司','2023-02-16 21:08:58',NULL,'2023-03-12 16:41:55',NULL,'0',10),
('35971009dd0f432fb250307345828ccc','输液费','输液费','YPBH20230409150425A001','business_zsl','ZSY11','',2000,3000,000000000,'','','2023-04-09 15:04:25','1','2023-04-09 16:25:40',NULL,'0',9999),
('544f6a1c728b4c5fb826c0ad51dd98c2','fff','ggg','YPBH20230409165808A002','business_zsl','ZSY1','88',100,200,000000000,'3','5','2023-04-09 16:58:09','1',NULL,NULL,'1',4),
('6d7a48f9e3f54bf0850b561c70588371','阿莫西林3','amxl/001','YPBH20230216212154A002','business_zsl','ZSY1','0.2克*30',1000,2000,000000001,'盒','阿莫西林厂家','2023-02-16 21:21:55',NULL,'2023-03-12 20:46:37',NULL,'0',80),
('6d7a48f9e3f54bf0850b561c70588372','阿莫西林3','amxl/001','YPBH20230216212154A002','business_zsl','ZSY2','0.2克*30',1000,2000,000000000,'盒','阿莫西林厂家','2023-02-16 21:21:55',NULL,'2023-03-12 20:46:37',NULL,'0',80),
('6d7a48f9e3f54bf0850b561c70588373','阿莫西林3','amxl/001','YPBH20230216212154A002','business_qt','QT1','0.2克*30',1000,2000,000000000,'盒','阿莫西林厂家','2023-02-16 21:21:55',NULL,'2023-03-12 16:34:50',NULL,'0',2),
('6d7a48f9e3f54bf0850b561c70588374','阿莫西林3','amxl/001','YPBH20230216212154A002','business_zsl','ZSY1','0.2克*30',1000,2000,000000000,'盒','阿莫西林厂家','2023-02-16 21:21:55',NULL,'2023-03-12 20:46:37',NULL,'0',80),
('6d7a48f9e3f54bf0850b561c70588375','阿莫西林3','amxl/001','YPBH20230216212154A002','business_zsl','ZSY3','0.2克*30',1000,2000,000000000,'盒','阿莫西林厂家','2023-02-16 21:21:55',NULL,'2023-03-12 20:46:37',NULL,'1',80),
('6d7a48f9e3f54bf0850b561c70588376','阿莫西林3','amxl/001','YPBH20230216212154A002','business_zsl','ZSY3','0.2克*30',1000,2000,000000000,'盒','阿莫西林厂家','2023-02-16 21:21:55',NULL,'2023-03-12 20:46:37',NULL,'0',80),
('6d7a48f9e3f54bf0850b561c70588377','阿莫西林3','amxl/001','YPBH20230216212154A002','business_zsl','ZSY1','0.2克*30',1000,2000,000000000,'盒','阿莫西林厂家','2023-02-16 21:21:55',NULL,'2023-03-12 20:46:37',NULL,'0',80),
('869e325f1a3f401ebaeb1f634d234582','ssss','fff','YPBH20230409165115A001','business_zsl','ZSY1','s',250,260,000000000,'ss','ff','2023-04-09 16:51:16','1',NULL,NULL,'1',4);

/*Table structure for table `t_outbound_record` */

DROP TABLE IF EXISTS `t_outbound_record`;

CREATE TABLE `t_outbound_record` (
  `id` varchar(32) CHARACTER SET utf8 COLLATE utf8_general_ci NOT NULL COMMENT '主键',
  `drug_id` varchar(32) CHARACTER SET utf8 COLLATE utf8_general_ci DEFAULT NULL COMMENT '药品种类Id',
  `warehouse_code` varchar(32) CHARACTER SET utf8 COLLATE utf8_general_ci DEFAULT NULL COMMENT '入库编号',
  `drug_name` varchar(255) CHARACTER SET utf8 COLLATE utf8_general_ci DEFAULT NULL COMMENT '药品名称',
  `drug_alisa` varchar(255) CHARACTER SET utf8 COLLATE utf8_general_ci DEFAULT NULL COMMENT '药品别名',
  `outbound_num` int DEFAULT NULL COMMENT '出库数量',
  `create_time` varchar(255) CHARACTER SET utf8 COLLATE utf8_general_ci DEFAULT NULL COMMENT '出库时间',
  `create_by` varchar(32) CHARACTER SET utf8 COLLATE utf8_general_ci DEFAULT NULL COMMENT '出库人Id',
  `is_delete` char(3) CHARACTER SET utf8 COLLATE utf8_general_ci DEFAULT '0' COMMENT '是否删除 0-否 1-是',
  PRIMARY KEY (`id`) USING BTREE,
  KEY `idx_drug_id` (`drug_id`) USING BTREE,
  KEY `idx_warehouse_code` (`warehouse_code`) USING BTREE,
  KEY `idx_create_time` (`create_time`) USING BTREE
) ENGINE=InnoDB DEFAULT CHARSET=utf8mb3 ROW_FORMAT=DYNAMIC COMMENT='仓库出库记录';

/*Data for the table `t_outbound_record` */

insert  into `t_outbound_record`(`id`,`drug_id`,`warehouse_code`,`drug_name`,`drug_alisa`,`outbound_num`,`create_time`,`create_by`,`is_delete`) values 
('02c6a150d3fa4d90aa20c15b885081b6','019d397054d842119875883b3a1b15cd','YPRK20230216211030A003','三九感冒灵冲剂','三九/39',1,'2023-02-17 15:28:31.983','3','0'),
('17414f0795e149dea8508fa0021e85e6','019d397054d842119875883b3a1b15cd','YPRK20230216211004A002','三九感冒灵冲剂','三九/39',5,'2023-02-16 21:14:47.705','1','0'),
('18a3c35e41bd4ac4b61749c617728ca7','019d397054d842119875883b3a1b15cd','YPRK20230216211030A003','三九感冒灵冲剂','三九/39',1,'2023-02-17 15:28:09.812','3','0'),
('1a7568b5b02a461e91c7b20b2ef755c8','019d397054d842119875883b3a1b15cd','YPRK20230216211058A004','三九感冒灵冲剂','三九/39',2,'2023-02-16 21:18:28.181','1','0'),
('295cb25cb0634a19b2130d543ba9a185','019d397054d842119875883b3a1b15cd','YPRK20230216211058A004','三九感冒灵冲剂','三九/39',3,'2023-02-16 21:13:58.742','1','0'),
('424b3c4b041744ac9f9f0411f0ca6bea','019d397054d842119875883b3a1b15cd','YPRK20230216211030A003','三九感冒灵冲剂','三九/39',1,'2023-02-17 15:27:58.485','3','0'),
('4934709d5dad4430b899a94a9538420a','6d7a48f9e3f54bf0850b561c70588374','YPRK20230216212312A003','阿莫西林','amxl/001',100,'2023-02-16 21:24:03.948','1','0'),
('800cf141ab8b486b8682eb539979f199','019d397054d842119875883b3a1b15cd','YPRK20230216211030A003','三九感冒灵冲剂','三九/39',1,'2023-02-17 15:28:03.689','3','0'),
('ddf67a309c4b40f3988bfdb5a24d2982','019d397054d842119875883b3a1b15cd','YPRK20230216211030A003','三九感冒灵冲剂','三九/39',1,'2023-02-16 21:18:28.197','1','0'),
('e3a0075a6fec499c8604bf9086b507dd','019d397054d842119875883b3a1b15cd','YPRK20230216211030A003','三九感冒灵冲剂','三九/39',1,'2023-02-17 15:28:28.33','3','0'),
('e85b7a0fc0db44fc9f2fb19d3e2c80bf','019d397054d842119875883b3a1b15cd','YPRK20230216211030A003','三九感冒灵冲剂','三九/39',2,'2023-02-16 21:19:22.843','1','0');

/*Table structure for table `t_prescription_drug_info` */

DROP TABLE IF EXISTS `t_prescription_drug_info`;

CREATE TABLE `t_prescription_drug_info` (
  `prescriptionid` int NOT NULL COMMENT '处方ID',
  `drugid` varchar(32) NOT NULL COMMENT '药品ID',
  `drug_name` varchar(255) NOT NULL COMMENT '药品名称',
  `drugType` varchar(16) CHARACTER SET utf8mb4 COLLATE utf8mb4_0900_ai_ci NOT NULL COMMENT '药品分类',
  `drug_specs` varchar(128) NOT NULL COMMENT '药品规格',
  `drug_price` decimal(10,2) NOT NULL COMMENT '药品单价',
  `counts` int NOT NULL DEFAULT '0' COMMENT '药品数量',
  `days` int NOT NULL DEFAULT '0' COMMENT '用药天数',
  `amount` decimal(10,2) NOT NULL DEFAULT '0.00' COMMENT '药品金额',
  `remarks` varchar(512) CHARACTER SET utf8mb4 COLLATE utf8mb4_0900_ai_ci DEFAULT NULL COMMENT '备注'
) ENGINE=InnoDB DEFAULT CHARSET=utf8mb4 COLLATE=utf8mb4_0900_ai_ci COMMENT='处方的药品信息';

/*Data for the table `t_prescription_drug_info` */

insert  into `t_prescription_drug_info`(`prescriptionid`,`drugid`,`drug_name`,`drugType`,`drug_specs`,`drug_price`,`counts`,`days`,`amount`,`remarks`) values 
(29,'6d7a48f9e3f54bf0850b561c70588371','阿莫西林3','business_zsl','0.2克*30',2000.00,1,5,2000.00,'88'),
(29,'019d397054d842119875883b3a1b15cd','三九感冒灵冲剂','business_fzsl','10克/袋',2500.00,2,4,5000.00,'88'),
(28,'019d397054d842119875883b3a1b15cd','三九感冒灵冲剂','business_fzsl','10克/袋',2500.00,1,1,2500.00,''),
(30,'6d7a48f9e3f54bf0850b561c70588371','阿莫西林3','business_zsl','0.2克*30',20.00,1,4,20.00,''),
(30,'6d7a48f9e3f54bf0850b561c70588371','阿莫西林3','business_zsl','0.2克*30',20.00,2,3,40.00,''),
(30,'6d7a48f9e3f54bf0850b561c70588371','阿莫西林3','business_zsl','0.2克*30',20.00,3,2,60.00,''),
(0,'019d397054d842119875883b3a1b15cd','三九感冒灵冲剂','business_fzsl','10克/袋',25.00,2,1,50.00,''),
(31,'6d7a48f9e3f54bf0850b561c70588371','阿莫西林3','business_zsl','0.2克*30',20.00,2,1,40.00,''),
(31,'6d7a48f9e3f54bf0850b561c70588371','阿莫西林3','business_zsl','0.2克*30',20.00,1,1,20.00,''),
(32,'019d397054d842119875883b3a1b15cd','三九感冒灵冲剂','business_fzsl','10克/袋',25.00,2,1,50.00,''),
(32,'019d397054d842119875883b3a1b15cd','三九感冒灵冲剂','business_fzsl','10克/袋',25.00,1,1,25.00,'');

/*Table structure for table `t_prescription_records` */

DROP TABLE IF EXISTS `t_prescription_records`;

CREATE TABLE `t_prescription_records` (
  `id` int NOT NULL AUTO_INCREMENT COMMENT '自增ID',
  `name` varchar(32) NOT NULL COMMENT '患者姓名',
  `id_number` varchar(18) CHARACTER SET utf8mb4 COLLATE utf8mb4_0900_ai_ci DEFAULT NULL COMMENT '患者身份证号码',
  `age` int NOT NULL DEFAULT '0' COMMENT '患者年龄',
  `sex` varchar(2) NOT NULL COMMENT '患者性别',
  `address` varchar(128) CHARACTER SET utf8mb4 COLLATE utf8mb4_0900_ai_ci DEFAULT NULL COMMENT '患者住址',
  `phone` varchar(11) CHARACTER SET utf8mb4 COLLATE utf8mb4_0900_ai_ci DEFAULT NULL COMMENT '患者手机号',
  `diagnosis` varchar(512) CHARACTER SET utf8mb4 COLLATE utf8mb4_0900_ai_ci DEFAULT NULL COMMENT '医生诊断结果',
  `skin_test` varchar(128) CHARACTER SET utf8mb4 COLLATE utf8mb4_0900_ai_ci DEFAULT NULL COMMENT '皮试结果',
  `status` varchar(16) CHARACTER SET utf8mb4 COLLATE utf8mb4_0900_ai_ci NOT NULL COMMENT '状态 0医生可见 1药房可见 2护士可见 3已完结',
  `doctorid` int NOT NULL DEFAULT '0' COMMENT '医生ID',
  `pharmacyid` int NOT NULL DEFAULT '0' COMMENT '药房ID',
  `nurseid` int NOT NULL DEFAULT '0' COMMENT '护士ID',
  `zs_amount` float NOT NULL DEFAULT '0' COMMENT '注射金额',
  `drug_amount` float NOT NULL DEFAULT '0' COMMENT '药品金额',
  `total_amount` float NOT NULL DEFAULT '0' COMMENT '总金额',
  `crtime` datetime NOT NULL COMMENT '创建时间',
  PRIMARY KEY (`id`)
) ENGINE=InnoDB AUTO_INCREMENT=33 DEFAULT CHARSET=utf8mb4 COLLATE=utf8mb4_0900_ai_ci COMMENT='处方信息';

/*Data for the table `t_prescription_records` */

insert  into `t_prescription_records`(`id`,`name`,`id_number`,`age`,`sex`,`address`,`phone`,`diagnosis`,`skin_test`,`status`,`doctorid`,`pharmacyid`,`nurseid`,`zs_amount`,`drug_amount`,`total_amount`,`crtime`) values 
(28,'王王一','123456175865421125',259,'0','华阳','12345678912','ggg','阴','0',6,4,5,0,2500,2500,'2023-03-18 13:04:03'),
(29,'李太白','123456198709011125',35,'1','华阳','12345678913','有病得治','阳','1',1,0,0,20,7000,7020,'2023-03-22 20:24:09'),
(30,'stf',NULL,2,'0',NULL,NULL,NULL,NULL,'1',1,0,0,20,120,140,'2023-04-09 15:54:15'),
(31,'iii',NULL,29,'0',NULL,NULL,NULL,NULL,'1',1,0,0,30,60,90,'2023-04-09 16:42:46'),
(32,'rr',NULL,2,'0',NULL,NULL,NULL,NULL,'1',1,0,0,0,75,75,'2023-04-09 16:50:05');

/*Table structure for table `t_warehouse_manager` */

DROP TABLE IF EXISTS `t_warehouse_manager`;

CREATE TABLE `t_warehouse_manager` (
  `id` varchar(32) CHARACTER SET utf8 COLLATE utf8_general_ci NOT NULL COMMENT '主键',
  `drug_id` varchar(32) CHARACTER SET utf8 COLLATE utf8_general_ci DEFAULT NULL COMMENT '药品种类Id',
  `warehouse_code` varchar(32) CHARACTER SET utf8 COLLATE utf8_general_ci DEFAULT NULL COMMENT '入库编号',
  `drug_name` varchar(255) CHARACTER SET utf8 COLLATE utf8_general_ci DEFAULT NULL COMMENT '药品名称',
  `drug_alisa` varchar(255) CHARACTER SET utf8 COLLATE utf8_general_ci DEFAULT NULL COMMENT '药品别名',
  `expiration_time` datetime DEFAULT NULL COMMENT '过期时间',
  `insert_num` int DEFAULT NULL COMMENT '入库数量',
  `residue_num` int DEFAULT NULL COMMENT '剩余数量',
  `create_time` varchar(255) CHARACTER SET utf8 COLLATE utf8_general_ci DEFAULT NULL COMMENT '入库时间',
  `create_by` varchar(32) CHARACTER SET utf8 COLLATE utf8_general_ci DEFAULT NULL COMMENT '入库人Id',
  `update_time` datetime DEFAULT NULL COMMENT '修改时间',
  `update_by` varchar(32) CHARACTER SET utf8 COLLATE utf8_general_ci DEFAULT NULL COMMENT '修改人Id',
  `expire_status` char(3) CHARACTER SET utf8 COLLATE utf8_general_ci DEFAULT '0' COMMENT '是否过期 0-未过期 1-过期',
  `is_delete` char(3) CHARACTER SET utf8 COLLATE utf8_general_ci DEFAULT '0' COMMENT '是否删除 0-否 1-是',
  PRIMARY KEY (`id`) USING BTREE,
  KEY `idx_drug_id` (`drug_id`) USING BTREE,
  KEY `idx_warehouse_code` (`warehouse_code`) USING BTREE,
  KEY `idx_create_time` (`create_time`) USING BTREE,
  KEY `idx_expiration_time` (`expiration_time`) USING BTREE
) ENGINE=InnoDB DEFAULT CHARSET=utf8mb3 ROW_FORMAT=DYNAMIC COMMENT='仓库入库记录';

/*Data for the table `t_warehouse_manager` */

insert  into `t_warehouse_manager`(`id`,`drug_id`,`warehouse_code`,`drug_name`,`drug_alisa`,`expiration_time`,`insert_num`,`residue_num`,`create_time`,`create_by`,`update_time`,`update_by`,`expire_status`,`is_delete`) values 
('2bb79dfd396341afa1f31c3b2d370627','019d397054d842119875883b3a1b15cd','YPRK20230216211030A003','三九感冒灵冲剂','三九/39','2023-05-16 00:00:00',10,2,'2023-02-16 21:10:30.782','1','2023-02-17 15:28:32','3','0','0'),
('2fb3078d21384cb0943f803fed0d1bf6','6d7a48f9e3f54bf0850b561c70588374','YPRK20230216212312A003','阿莫西林','amxl/001','2023-02-28 00:00:00',100,0,'2023-02-17 21:23:12.42','1','2023-02-16 21:24:04','1','0','0'),
('3fe5587c7e8f45b19c728e2307a33118','019d397054d842119875883b3a1b15cd','YPRK20230216211004A002','三九感冒灵冲剂','三九/39','2023-07-12 00:00:00',20,15,'2023-02-18 21:10:04.679','1','2023-02-16 21:14:48','1','0','0'),
('4641d8827e7f41f7a9bf3ce7a4dc8147','019d397054d842119875883b3a1b15cd','YPRK20230216211330A001','三九感冒灵冲剂','三九/39','2023-12-21 00:00:00',10,10,'2023-02-19 21:13:30.158','1',NULL,NULL,'0','0'),
('7460d8a3a02c4025951d8d94568e15c1','019d397054d842119875883b3a1b15cd','YPRK20230216211058A004','三九感冒灵冲剂','三九/39','2023-04-11 00:00:00',5,0,'2023-02-16 21:10:58.721','1','2023-02-16 21:18:28','1','0','0');

/*!40101 SET SQL_MODE=@OLD_SQL_MODE */;
/*!40014 SET FOREIGN_KEY_CHECKS=@OLD_FOREIGN_KEY_CHECKS */;
/*!40014 SET UNIQUE_CHECKS=@OLD_UNIQUE_CHECKS */;
/*!40111 SET SQL_NOTES=@OLD_SQL_NOTES */;
